sample_id,label,x,y,Kribbella,Streptomyces,Occallatibacter,Bacillus,Rhodoplanes,Genus_001,Genus_002,Genus_003,Genus_004,Genus_005,Genus_006,Genus_007,Genus_008,Genus_009,Genus_010,Genus_011,Genus_012,Genus_013,Genus_014,Genus_015,Genus_016,Genus_017,Genus_018,Genus_019,Genus_020,Genus_021,Genus_022,Genus_023,Genus_024,Genus_025,Genus_026,Genus_027,Genus_028,Genus_029,Genus_030,Genus_031,Genus_032,Genus_033,Genus_034,Genus_035,Genus_036,Genus_037,Genus_038,Genus_039,Genus_040
S0001,Seca,386.97802427798166,232.4867280968265,0.01060363270717016,0.04137218118806521,0.009233675828973414,0.008106088882168103,0.02078397291695459,0.0036170311864839864,0.0035476454464522383,0.004755833940993347,0.05965265425582413,0.024938997335139705,0.022816322925010853,0.009268238066453193,0.03276523484031984,0.003546098596035586,0.008178996887887499,0.02788681003719048,0.01113771927313876,0.030129181489832114,0.013466683946755034,0.010182395095200735,0.005102458093176122,0.002299447615979288,0.13485479632658356,0.004222395340215752,0.05904059179814503,0.012303832536428288,0.020594058337428684,0.026581617118931655,0.02195545815200112,0.01479294036858272,0.0012125531474351152,0.011771799696806631,0.024066454980463215,0.00846064488974156,0.035252375340065596,0.01740610271827245,0.00670261764125442,0.018339252274156413,0.034588362754230766,0.03339838913985204,0.04158229814881059,0.004376442085627629,0.05673740636359506,0.04205430591811665,0.0063140043680506176
S0002,Controle,219.43921987602616,488.9584895369201,0.027447509222760243,0.0010676931390822188,0.00784180160999857,0.039082098715402205,0.028768639532183383,0.02007665268138412,0.009430818405047003,0.014904232871319652,0.00521597547267385,0.025559314664323304,0.025489365935265847,0.01431577083405623,0.026016098853640788,0.013746679175798323,0.006802940233887413,0.02095876711512083,0.022485789946926803,0.053664319043411506,0.0042827827278278515,0.03554972045214804,0.033884913814742006,0.015727733177097657,0.028761071891069138,0.008989393815482053,0.015948683897429504,0.005892834550153268,0.0007945759303092224,0.017623710459776,0.014606741775443995,0.020214589543883325,0.036591074543885854,0.05491403695458764,0.03547834208146096,0.025399055625288557,0.005770210106772614,0.01479538892158888,0.0330120381104615,0.004124282091911379,0.005227971161124569,0.144344101763686,0.019839886820185944,0.011665618440387514,0.02063629439890453,0.0035761445686303753,0.019474334923479268
S0003,Seca,429.2989599556912,205.78800109702993,0.00946034697746137,0.03329455774846668,0.012269518964133738,0.028841557564323758,0.018941206116193852,0.025516430738630583,0.020917295822035407,0.02262604225980703,0.017242822234449773,0.014791859462790734,0.050759246196832725,0.11241961414221956,0.041134180491500374,0.009627710718109243,0.031535159434134985,0.040518400804353476,0.012807233796886962,0.018484113593526582,0.005701640740723585,0.03431269292450612,0.01460674245417161,0.030037585756401912,0.004950225548474466,0.018195876016837382,0.009318231570957987,0.009644092720518714,0.03227110728016615,0.058722130963942694,0.04416329652438117,0.012222601991286572,0.004472933888695543,0.003567054325665583,0.03140952890478929,0.018168349099341695,0.008880065584967458,0.020408712480505627,0.006843293189078615,0.012818131437485801,0.01058957160596003,0.03969797217580639,0.005733604895611282,0.010956468507744952,0.003405931937859489,0.020832722156921963,0.006882138251340952
S0004,Seca,348.684014529682,396.8410752799863,0.0005936998282568552,0.015000239143348578,0.0006079100153999748,0.02364309283032387,0.03572493774754837,0.011144721819362307,0.024109530616440503,0.0005527981201331197,0.02297855351855509,0.022529724613921796,0.0237945736423816,0.020646699676619792,0.01898445883274048,0.01443280705575232,0.0024288354379860023,0.0036040083832503443,0.02956750876820381,0.02907921510226526,0.02611740865362047,0.034827423838622036,0.04144237540051273,0.011962774174487422,0.024329255872722673,0.03183893460986121,0.13671548320572127,0.013469481323681793,0.012054695613744176,0.014030149954184034,0.030276311464893752,0.038200467114244865,0.014859739019844869,0.02788564843994425,0.016862462158603347,0.016930727907992084,0.04234849234610513,0.007088138500671492,0.03163895793473327,0.0005446797927206777,0.0009658067348175684,0.013487993284049461,0.0050146253351525324,0.01960439186857493,0.004758787230014173,0.05142676113503149,0.03189471193295805
S0005,Controle,47.088673943824766,42.40963615591603,0.018080920736444846,0.011104781099503983,0.022455624218159005,0.007751173891419852,0.022772683043147304,0.007540780198532696,0.013168780412864496,0.04850243741439743,0.024281493343458572,0.00999094004271563,0.025146707711675313,0.0030773603608066874,0.012100559621199564,0.011158412863767871,0.06293762881321704,0.006733838159610246,0.041328397553458976,0.013094084448526637,0.0008356189750575491,0.017525721885599897,0.008994110993438076,0.05316256887888177,0.022448525236850862,0.05117779599459839,0.015798420308821448,0.014996872092260959,0.011023018722983427,0.02507109217383324,0.016547402544719238,0.03612748098025403,0.033623731969835376,0.12030670375750892,0.01588687494840816,0.05088035651069016,0.01369644603802423,0.011212011906399774,0.016158360383497685,0.008179454203756141,0.003935013012498467,0.005231648154359478,0.0074112359091369675,0.008986264063863417,0.033027482753148686,0.017075354750176346,0.01945382891849131
S0006,Controle,487.811175818378,277.73085506888197,0.02421291669878488,0.006403489406024282,0.00993979599135606,0.017604399054495904,0.017012025303376335,0.022842499504960288,0.025585409268696575,0.008450672781018314,0.009244389188507585,0.0062618983817971305,0.0036623472276863245,0.01617368432272219,0.03248278414040575,0.018467685741577488,0.007085291975515308,0.08128476912927848,0.02087334131879663,0.010197131545284184,0.00125507050180549,0.015864475914960485,0.040533553988615675,0.026870362702633495,0.013748919170263033,0.04102243244441493,0.0041353579220124136,0.01823483833932922,0.0190178235920677,0.0317590241514841,0.023603285185269687,0.01590774718513987,0.005296413724473482,0.04221539840268016,0.021430339444382992,0.021299243669117084,0.025923306045178292,0.024350347471855476,0.01508530704473616,0.084419573833562,0.021168943780230865,0.011682548391928565,0.013942653439723436,0.03041063090535956,0.07903796106383267,0.010856645190962301,0.0031432655136971683
S0007,Controle,380.56985099517647,401.02989349286213,0.0623147594499405,0.010193057750367726,0.03525395434953967,0.004768728949538335,0.0057710990920372025,0.01482685680535857,0.012260509136884323,0.009502247276866964,0.008447027078574613,0.025747941813060223,0.015035751893763402,0.008208684113370363,0.05235725706385,0.0027050096411621195,0.04504134777252389,0.04075146443983184,0.002777294672201961,0.0014010680599278156,0.02966139635314962,0.0061970529563432145,0.011903007745517785,0.029911776316998175,0.011467179712662036,0.037318018430347766,0.03677315646650982,0.03556466781913575,0.024870759413395425,0.02485035852777372,0.01738958478943196,0.01372409191919635,0.012278080239705665,0.03400558983734677,0.020050346289647854,0.02622723919503739,0.02032739119200692,0.0017863955750842939,0.015657109884317868,0.0053996731700879635,0.05786618400030949,0.06638539105569499,0.016957127304081922,0.006756245808175741,0.06629621306066441,0.007028204294103758,0.005983699284473819
S0008,Controle,393.03215263847693,462.35083360994435,0.01744349883605056,0.006896715795129586,0.01975409986084992,0.018186447301043355,0.018542781533144034,0.008858481143404344,0.03324226506284029,0.007606860135632452,0.017458603143922724,0.0017177204257067095,0.0036472742631703794,0.008538662237496396,0.011357580228999152,0.009469750242166468,0.02101986482215044,0.021896670299081905,0.012511062588058414,0.00850815148231934,0.014343391204586482,0.03791803018501724,0.09014970786973599,0.024733956411279817,0.003832095203206919,0.020088884385918538,0.015071230809722839,0.014040424774117358,0.03276086310093303,0.03833406214141073,0.005992824788569933,0.005950088072700892,0.03629904051350581,0.03313927601725563,0.035546243492856046,0.04255039197568195,0.00769922005687593,0.00791846524469263,0.04755452896665736,0.1522276257009675,0.00893925797124981,0.0290405628843457,0.03181323344233652,0.006670155555841919,0.0022029606900264504,0.000730249023237372,0.007796740116102923
S0009,Controle,64.05681633777294,411.2915453087158,0.012557609589796324,0.020803341433296398,0.005536340776308704,0.001950577500513075,0.04627909865717187,0.008582175876802975,0.0011326527571853652,0.006759075581458714,0.07038732214543524,0.016902205698755612,0.009944417327318138,0.03830841930450128,0.024239247785933178,0.006339184463675698,0.007065211250424327,0.000981598313656968,0.023313449795631287,0.01599799884457538,0.005349429970207254,0.011758409003089415,0.016688966991045884,0.05358608685333149,0.06053896292287874,0.030656510476402617,0.0136047976870682,0.011782028254176992,0.007127004645058054,0.013390526014422165,0.01288299086625947,0.009033774673276016,0.0034684699953938807,0.03951016418227493,0.03540579385755784,0.042699370497308084,0.049564010056531334,0.08318244072759601,0.012238322459953873,0.08392744864269618,0.007926788869401038,0.017149872896991682,0.0030363309357488446,0.008401812380889322,0.019993995833831782,0.020855296745255315,0.00916046645891311
S0010,Seca,225.19296894778356,18.485363600587114,0.0036793757832372467,0.05348712838538643,0.04367220059158368,0.02302560360938183,0.022880603064120302,0.05229170761537364,0.02480383898504763,0.009544881371895665,0.03805370332816415,0.010643019891965897,0.004298096869568243,0.011926564642867036,0.02568183499766347,0.014689219321364197,0.007758169601056886,0.016008392642672696,0.04620674170941928,0.025163566151598135,0.04577785934025412,0.031353414321666634,0.004725849948430429,0.0449460367363907,0.021488310631610885,0.04295148679763077,0.005345330091846913,0.02795144791330069,0.027425418630411813,0.029919951221861182,0.010772360641939108,0.01084263833873912,0.026118035142849563,0.020627370288883128,0.012676654913978534,0.013454486600254561,0.01166529701390815,0.0366326779450389,0.011506132959176208,0.008166507681306346,0.03236261563325602,0.023255765862684203,0.009533080598100258,0.005459667229296308,0.01620900811159614,0.02422377536681694,0.010794171476405968
S0011,Controle,185.3990121162906,186.3511706533671,0.013035177547981532,0.0014330056730504856,0.03632362512967106,0.002554822910714235,0.01206864081879042,0.025176090198552867,0.019902174683480312,0.04083140506943803,0.014032791776616342,0.034191180845123806,0.039171532430243496,0.004691234980822278,0.05600722119886186,0.04504948834107842,0.003762909775956654,0.04154080697631909,0.01032295436860802,0.0365184642038681,0.0339578554644108,0.007527725646968811,0.013226047021297182,0.04508151806955449,0.022046373647677434,0.030463925345159376,0.016964561897168003,0.02979669376548637,0.007504689843311298,0.03218441550107337,0.05319311615465835,0.005834140593146948,0.011652784247900614,0.0076171922285663985,0.01148703881099941,0.023727932812210993,0.012148244033665802,0.009953060477929924,0.013719007950343608,0.04583550569813737,0.01991568883214481,0.0023725103219780904,0.03978647777515216,0.008799721915343145,0.040163319344590706,0.009547561314088949,0.008879364357858735
S0012,Seca,463.3824944243009,24.349236156925635,0.009148370826130982,0.0312877553485089,0.006478819339896075,0.03506024938020589,0.007025065042776095,0.02404436137567645,0.0917477550042328,0.018688113210406778,0.025789183111619162,0.010541467738595852,0.05184496644425985,0.01293355878646317,0.0003094961389323936,0.07505917316071387,0.007002782271814047,0.019609559176191525,0.014833349139222725,0.033810180414265756,0.01607614430431808,0.025617377212002256,0.014559858570824867,0.00916107960674689,0.0392336475941775,0.03141850889870143,0.008540737263361464,0.020522012212185078,0.09515444470810916,0.016602926026557472,0.01671819401710552,0.006002117250335805,0.006170450227594667,0.009767266693200655,0.017286101265264888,0.011374068987761115,0.05222775680814521,0.013793165545389783,0.007420587627077253,0.024307432868120947,0.01590261720094768,0.02032415215039414,0.003953053388930933,0.002101838211041228,0.0225650711986201,0.004389064671595204,0.01359611958157803
S0013,Seca,321.93256004033225,54.641145557279,0.0004069363650348658,0.08763428345646714,0.015830610541141824,0.015443983659556872,0.028417693934136106,0.02864421302432662,0.009442897280275708,0.019641852600062938,0.029138477763387214,0.023259537593217316,0.02971095363298996,0.029803491539334554,0.022407633022486873,0.008277979348333325,0.011906133719275925,0.017312083874616153,0.04241601694670746,0.029807803878659767,0.047849550509180744,0.00568344861486646,0.04254462731687864,0.016903006729086102,0.003044865266639817,0.004449486530551554,0.03353756191069739,0.01654834717485742,0.007377754863395709,0.018012896839081645,0.049466436063797165,0.015971161707659366,0.003036808917428867,0.04654004212490598,0.008750013395226157,0.009638860432811942,0.013944710876713656,0.01478015929985157,0.003497243089375856,0.01128574784919182,0.011891374197614877,0.036728894320000836,0.023739609459160826,0.007615291104436551,0.07397547146204606,0.019559332278471616,0.00412471548606084
S0014,Seca,411.380806635415,337.65281433374207,0.0007950394806987706,0.07896213612912843,0.0012492620168654772,0.02793803606287339,0.0024557426822560237,0.02215557307396843,0.050270294121892066,0.009427604855381445,0.002245882447324194,0.04264879318131044,0.018043712179130984,0.016792750403128116,0.009132831010848141,0.014073848676963634,0.01616005383138272,0.03510785844443177,0.04065273094426029,0.010710656305205924,0.01657517693502872,0.020160290995936952,0.022987593478875964,0.003926632085502846,0.022200354755791907,0.02049119174696584,0.04908674326635967,0.05149899865967215,0.03945189643207628,0.0271750805080057,0.041393086337207285,0.019608337987196637,0.010646262426735158,0.022557048263264778,0.014437232567367167,0.022561906368116,0.02824505040710339,0.004681157686692216,0.027852006077149313,0.04948548928982983,0.005973444245244565,0.009794725492264811,0.012419120477685959,0.012898181621018082,0.017337016211272625,0.010002523718698135,0.017730646111887655
S0015,Controle,221.70709941366556,356.6290981558491,0.01629393247339988,0.0041945316702031,0.07726114675964413,0.004785429937114971,0.009852051013729395,0.018501970086738165,0.009219763089840998,0.06908956780141677,0.0390176407660571,0.007790567311017242,0.049172312176182245,0.012746037935822697,0.019037028649572723,0.0222606029103359,0.010820392296391052,0.02059425113952217,0.010212248279408928,0.03213376423400857,0.03682116947563296,0.023212776318176292,0.024473266863184004,0.016209984413015764,0.007580577000462524,0.04301488390395891,0.031153312554977237,0.005669781856121853,0.016421521262369867,0.04183693536025276,0.007317969041503703,0.011371319105556301,0.028104243815677093,0.0034855685496542822,0.011214916333073236,0.009184042823438586,0.018918042638527678,0.0006694498739523518,0.012858381008613832,0.030130230021637675,0.009007701920439565,0.02545357082374375,0.006754011297263577,0.011323900328555545,0.05570231352996462,0.06060731287246346,0.018519578477376432
S0016,Seca,113.61936089238844,386.86034137581316,0.017733261174898703,0.00961553351123506,0.0011877703152717678,0.023813429704487497,0.017795708664282744,0.015552951195610334,0.03666179815602537,0.02870942352928088,0.010853186443543347,0.01382614540575455,0.01046546243604876,0.008344596556309074,0.005469658944144723,0.025308111567137317,0.0321935338937623,0.013669907400926178,0.10127571140610096,0.009147780273260117,0.004654156453960851,0.07056276344778142,0.00453878332273609,0.009157359144200235,0.007800191980006981,0.019343323471470802,0.009390954639487293,0.03373298678233743,0.05075000337657738,0.00331494571842115,0.0103475258764078,0.021350857352768354,0.03417002120282805,0.01651683250187752,0.031270139739912384,0.037417709306606345,0.020028196777983658,0.0191433979975154,0.032876587133399984,0.02773743316230807,0.01880149454593893,0.013173606205397552,0.018774994465793803,0.040133580622000065,0.015391285453889729,0.00948134119408131,0.03851555754623179
S0017,Seca,277.2923935079174,432.72827402783145,0.007947568128985415,0.06424434553662753,0.01584143721754904,0.08170021718993715,0.018653624869209903,0.046535790721440026,0.02084962457987406,0.019473991860786414,0.008144221779902434,0.007322699389995125,0.0404589521689946,0.009731547660171739,0.02089476887945687,0.05021251722820302,0.02234527335492728,0.023462427128227027,0.020723421660987885,0.01386097826064607,0.005847486176320052,0.01309864008741833,0.009838370067037383,0.03041136481213807,0.02545144374913511,0.009721585342821398,0.019975660700097098,0.011374565129860228,0.04197844213402004,0.0127595370656477,0.045889299130769626,0.014935897049795435,0.025743363812719727,0.02627290059776387,0.0013787924474263288,0.016026465430407727,0.0353822689029982,0.013615945239892466,0.010048802400702354,0.014473847942300236,0.03483126686559409,0.010006784546780407,0.015564040398559513,0.005480568450521504,0.03580652852322688,0.014405898463098572,0.007276826917026115
S0018,Controle,31.90862805208766,369.7157342382549,0.015419574690059197,0.0077646831942641955,0.024803360256425284,0.00024912544231423976,0.0392737417684216,0.004363836755342562,0.06328034389804658,0.009377282686973666,0.010633446637398465,0.041688297441510036,0.02147980250296853,0.005614714059052595,0.004442724205838821,0.014739871983786025,0.004359107338740403,0.01753661294131426,0.026451266768689717,0.008242048031007197,0.011153320359907206,0.024192834948660195,0.0064301545820580975,0.028063252869707064,0.0598905350922719,0.018045245006286962,0.013879358222174596,0.030830109968193593,0.02135787464670244,0.009066863277190926,0.0041210432288810855,0.004484603365003654,0.03400734130348505,0.0015987991077008649,0.06488438052403114,0.01903296053830169,0.024939811375490988,0.0162129380041362,0.015644157242708106,0.01204543019197239,0.01243149842057733,0.04028594726178496,0.07137971734761162,0.042362458222608264,0.06359591869178839,0.006012197972128639,0.024331407626483167
S0019,Seca,413.815585996291,400.43579605331604,0.018459170719845597,0.025526794886622628,0.0070668427066382655,0.010925104977452455,0.01302579713902697,0.06715956205483449,0.005688363206073448,0.019297076240897257,0.00245873756865735,0.07665395227729883,0.03307706328834565,0.004622312811569111,0.00886928517209922,0.03527518355408036,0.008992128656472078,0.011006870790999832,0.1262151631673151,0.0011223164783000278,0.02126854293398826,0.018060625159652045,0.02202864047078999,0.023796064783825187,0.00682632795239662,0.011735352948254427,0.00228769581935132,0.013379320776184943,0.03818108728675771,0.04130582518383024,0.03847333024984839,0.034353907358041974,0.01767284442772351,0.02142652701662905,0.018308189146719212,0.001579854499929617,0.011512432458428699,0.007026658085753823,0.007828658815502838,0.020060484145771225,0.01174138645333518,0.032182914241532024,0.006742547512773256,0.04929159840408824,0.010039602538547339,0.024749740204182774,0.012698115429633266
S0020,Seca,315.83219956103244,24.481854911639623,0.00038435026550688047,0.01658705931421339,0.005499667385328237,0.010212389037982529,0.04147300738628484,0.04336110850056368,0.06766941075135469,0.016142665188046957,0.026488564118185162,0.0042965314896618485,0.00644197784487921,0.0038515769902145117,0.028027285075701663,0.06357867932318532,0.03075197341942896,0.009854836173927831,0.002726222180411754,0.011929731310226493,0.00799583465985031,0.020633495093756716,0.0123015548853302,0.012753541636496132,0.033909392945264745,0.09410699468259358,0.018622502072817994,0.03797009890181924,0.014237857883105996,0.01230323873492314,0.035506085909413315,0.013629041637272526,0.018234885103532536,0.01620281394472408,0.04620987290989095,0.06118912061746216,0.008662300270408525,0.02989640972185025,0.024746130367361504,0.019406824790159875,0.014520290849155553,0.0059100620361229,0.022106649176703685,0.014679434667824242,0.01042019038052106,0.003162414897304617,0.0014059254692302154
S0021,Controle,379.04387004268693,117.26757522064929,0.0201056605067745,0.025728627030166477,0.007688526113980556,0.0009807372797426227,0.01418841620725215,0.03799535216518782,0.017792099550800425,0.008223650485483042,0.009875557085595425,0.01136105820365011,0.012988849564992421,0.016905275384560325,0.013401917584447727,0.021299382107083303,0.0033379063939785033,0.02294318396473878,0.018880176437785647,0.019294828392292664,0.03899970849582568,0.04307986065507588,0.018867789139404963,0.0440889163626341,0.010433929322623457,0.031697955360303176,0.012695373946212563,0.01651269552715524,0.020670201550225427,0.011357476024416079,0.045573839076130815,0.01978161885221227,0.0184039788998886,0.04372748213213241,0.050849648877342245,0.017355884542067,0.07188426269822383,0.017025662736652864,0.03468732674053224,0.0026043316748719935,0.020535249855046386,0.018449678247783437,0.029908190121635966,0.023001176174702227,0.043364890236646476,0.007063917821313204,0.004387750470429151
S0022,Controle,177.2629840649342,310.94888668762286,0.007031244576975372,0.05960303414974812,0.016426946703331866,0.001365119669626523,0.0046665308847998474,0.01893064254608819,0.03440586987125716,0.02754766979059768,0.011871404732319034,0.018519414147700402,0.035846414903022206,0.031082825951711072,0.0023433195379948496,0.04521490060106825,0.01780912163318755,0.009735424393927687,0.024632022789665153,0.021708394054783007,0.0067891082854169725,0.03239748291348144,0.04359915187547624,0.0005311108404434533,0.009237456858770197,0.007126079117967438,0.0175217778662944,0.0216464610577574,0.02317186937912631,0.050841107768538944,0.014475921279133844,0.012028401392401722,0.026631374011363514,0.012187435882115868,0.016337149188043645,0.01831179555839421,0.029814577730742742,0.009567632644234771,0.027408469715653704,0.015955754038850547,0.10950020344842161,0.01616430020449764,0.0059624014668762295,0.01967847480336733,0.02253400377687114,0.03462621108197994,0.007213986875974927
S0023,Seca,485.34901219745166,429.06265231241156,0.014027028390351793,0.0040437009508885,0.005712712445990241,0.007885038613007623,0.013088271862680686,0.00963765623450083,0.014192066993685075,0.019249471351377546,0.0018966936199769106,0.015525380022673417,0.011408446136209957,0.004522317671884707,0.027343381227900122,0.009286502963735881,0.010222331042231015,0.03370743639373806,0.04344068351840237,0.0225001245309021,0.011120178081402482,0.0020403932853714918,0.06931163052191446,0.018216372245639035,0.01937410831063556,0.05359686221991921,0.0433314941054425,0.028067393291757663,0.011481516556804912,0.04078398091564992,0.028597035796231105,0.005945544797354593,0.011354519316644305,0.03434675309567935,0.004233603405108116,0.03238101856097803,0.011840811034705814,0.017737338573866102,0.048419644432424115,0.04184558989509015,0.0038024497171082784,0.009445395288376601,0.03732194647425266,0.07794399891546928,0.0162221717623087,0.021636854494129693,0.03191215093559923
S0024,Seca,446.56056066109886,2.2500624698295613,0.023488774887435886,0.03430873009723918,0.016554441840135742,0.015861542780597978,0.06390176459729788,0.018190447682969867,0.01952869544555075,0.013414489168317029,0.02380219279647892,0.020605383092150334,0.02130236565564199,0.06761156614495395,0.012491744918513476,0.026356667598578826,0.0497998272213315,0.03232313856060744,0.0035324564006487314,0.0059326109176297305,0.03143802162748823,0.01071193618307906,0.0065657212753195806,0.01032324032942707,0.029570191172420754,0.015901442613969953,0.027434219373539598,0.009022405967804964,0.017550588323328505,0.02192631709667056,0.0067367216174750244,0.009696104063345602,0.03973081211892205,0.011683388935470058,0.02112836732240375,0.02548445894331381,0.01545378322185469,0.049897101538258964,0.050336897219679946,0.012222581911956036,0.016014261929156993,0.0022279263201256307,0.033154643619586165,0.023148999005044822,0.005141726410539609,0.015343006866112374,0.013148295187626934
S0025,Seca,389.19174853688094,257.3146710581749,0.0043832581361437,0.012860687181669573,0.0063629532082603675,0.006858278501829194,0.023048040652146586,0.037130270119969916,0.007727057544997248,0.024161361830948136,0.02566332471358494,0.02039748597675585,0.042242558172778034,0.014849979450084616,0.01638516006571523,0.012801767579384836,0.054988819961379956,0.038533207252414,0.011204392495628478,0.02544324341671217,0.023010829207105767,0.0166269681717846,0.026640622140917267,0.014796328296478629,0.006465931606377867,0.01712106595691554,0.012747822208009319,0.02098861017160525,0.008098545786366481,0.010451607038913775,0.006876205069817813,0.003052910192327355,0.030630905756148623,0.01291728362029453,0.04567295468026867,0.011886654172150408,0.03355021039989869,0.013702026847414077,0.008914024870236698,0.015068405859963925,0.06289673681932234,0.006414644741670764,0.0018696895998962786,0.05597676122755365,0.04177260998936776,0.015845102923352544,0.09096269638543868
S0026,Controle,97.31935392598379,338.6436996821986,0.002919936072850132,0.008285835871125417,0.03522984331817878,0.005284501373892751,0.01312478672238319,0.0051034612888503795,0.07928041371797587,0.02242407988846386,0.01112223492988272,0.016068520720626027,0.011962266087536661,0.017792119972806837,0.015077841950946037,0.010561627636000461,0.021862004120529493,0.027913624889841403,0.10357091512094274,0.022293641169790074,0.029231344681778872,0.004841629121520457,0.028540078493052953,0.028147104352164925,0.007859921332008147,0.007011229850073458,0.04236557418593113,0.02162728155007107,0.013346844235356583,0.013280285152855264,0.020900443890540445,0.017630673975227457,0.004050464919547429,0.007501211842753335,0.022211947073917125,0.0036331494168943025,0.031540895092521545,0.019150699337005563,0.014467877264008614,0.030438786040458812,0.010756872024247445,0.0263179193880172,0.0072162166646171375,0.03737446127483345,0.06480324973868241,0.014133843969744393,0.04174234027954772
S0027,Controle,233.3605018635171,14.803644564306605,0.049798102407421434,0.007076917376219306,0.031256903906668625,0.007010052122132,0.007356327714213729,0.05755852487510075,0.0834950571587725,0.055157576870754975,0.0196371477027795,0.007291247137429581,0.05790373923151311,0.00904452979490492,0.025762081765336776,0.011596874652917002,0.011578044053417879,0.056945293962252785,0.016860788289316888,0.018511569327413685,0.0051571367643862805,0.009215895349292803,0.01431006425229019,0.021985777588317247,0.018156153527204552,0.0032103525367389394,0.01726550798329236,0.008012083928388935,0.022786111475142194,0.004771152138507724,0.0056294381422446445,0.024523738057950963,0.01265645209850796,0.036107618703170606,0.028587169984257973,0.009389100928221367,0.02365398110033626,0.018162226755513017,0.03799000013826428,0.006618611625539914,0.04235445598888417,0.0031671160784659683,0.006273836754284307,0.011962624392780003,0.013542763978015142,0.028145502349769987,0.03252434903166659
S0028,Controle,21.90188289361439,200.67777877669397,0.02557039455622468,0.003592017649884502,0.0036246323779426976,0.0040915747682245115,0.020363924261792638,0.046206325221024656,0.012435594532706788,0.0019271966500225422,0.01883606510733418,0.006295256781425842,0.005552525421400425,0.03046732679104046,0.01747143008287359,0.06625041689019245,0.011700273952307131,0.010710764274070875,0.05524329824034817,0.009254584242110668,0.04627753662191774,0.04384420411702793,0.0063726769666453955,0.027775058701683446,0.019172689939080913,0.025450071680625345,0.02646564550288759,0.006488140111050546,0.0030156618784507897,0.010935953861073548,0.0346200824095304,0.007877250933126915,0.05994373452370149,0.026798685287412798,0.00793669902612933,0.01927939910464506,0.013377857959055772,0.028145347093633383,0.04171805988292994,0.004611202120759801,0.02247974266753963,0.048632318247223964,0.014158095941258535,0.0448700583977814,0.018413894292385734,0.037227942807444,0.004518388124071518
S0029,Seca,77.14474603377391,447.81744069184845,0.014902514605719248,0.06524917018514607,0.00021465343580809041,0.044370793950222864,0.030415317516442948,0.001669992773285504,0.024622915290829613,0.028221712545413336,0.023816001152693504,0.016273895418216503,0.02840587272287716,0.11311243916997976,0.004104582003556423,0.0037676948846706677,0.0126698436420945,0.024681256330893013,0.01630400097220365,0.0013232774987772334,0.008151672710654766,0.023079808087274965,0.02254089291627082,0.0349102719003641,0.019422855693134854,0.005202008429084034,0.012701677732779288,0.022218084683230846,0.007088339158980578,0.004878685631996738,0.026838709011054368,0.01646392578987367,0.015522756048016437,0.00890850877579578,0.05626894802390028,0.036024878782433295,0.028850024061783393,0.008217818454285123,0.021357329367125137,0.019864655481236355,0.011795188745135642,0.015445803833474442,0.03924993349750798,0.010579192301161907,0.025514334828594717,0.021276530502377603,0.02350123145364292
S0030,Seca,341.52447662122734,335.80640442792935,0.0061311020444094816,0.026118858532890293,0.04657620167221006,0.029470323661880845,0.0529767072978524,0.009189698226853373,0.015505402737986416,0.026407260907614024,0.022709145654478326,0.015416816290507139,0.012271275938296949,0.004742568894435598,0.013500748801629504,0.0643416214446027,0.004242077383128186,0.0401983772450601,0.011276065031667452,0.01646778760196842,0.016481483698010727,0.017774325781769594,0.008202506499167516,0.018759482067208046,0.023920211724313786,0.0250100646727096,0.0061692011862615,0.00859161068089049,0.02876686936225535,0.030441542834326995,0.019737359680384446,0.013345053851730971,0.029481638603860303,0.014982413650815965,0.02266899377219895,0.0016128349629520955,0.02613775255068332,0.009710455614051892,0.006520553235632788,0.027387811675686196,0.013514825959149887,0.05184071799033076,0.0181858544220716,0.007710425120759231,0.018081365987853603,0.06397763498491077,0.05344497006254247
S0031,Seca,372.3810779539086,118.82918168029866,0.02055824908082156,0.03765094427787767,0.035665286656524464,0.04406272984799685,0.006955631651891185,0.014589187602742784,0.019896786534789206,0.013246628480083891,0.009474624647322072,0.039530821629649084,0.0105286106426981,0.023227774370409338,0.026123124795230566,0.01889492632328843,0.01068447657670247,0.03395887022876623,0.006718675759032957,0.01425370157595306,0.038062055055632815,0.013334265210815332,0.011383090374741688,0.018350334410841294,0.008819463243765528,0.04030465188766811,0.010364501550628652,0.0053969327195778445,0.0003014993762940437,0.0017113354306559287,0.00813420011132097,0.13402075166337302,0.01755000559912459,0.014453232265092977,0.021041424294344517,0.008629374361133634,0.0034391047866137513,0.009641789107697413,0.07652514859716932,0.037205357071970244,0.013793109905933337,0.019656817223924736,0.02531681009173676,0.00890959310213427,0.043099355894246974,0.017046815125447347,0.007487930856335092
S0032,Seca,483.754866217105,426.39056481595634,0.012775845639081119,0.033154538378972316,0.053006458127032356,0.046613089462836856,0.011830223939136807,0.025777285495138615,0.019752912351452868,0.02406662855141719,0.006346484882863937,0.02876035670219503,0.011438681697105185,0.016130658283107332,0.014689877807266664,0.09103787091927923,0.018224420517507774,0.009606273856855732,0.04040966903863152,0.006179439779558802,0.013323337546763642,0.023807157502719944,0.05315854554449866,0.014639198619311016,0.006143081295788281,0.04741304517302873,0.0006836149874950016,0.012201903687029494,0.004020757530371465,0.005881225094100862,0.004078667446584728,0.01549142666313233,0.016801132521371432,0.004556247200657491,0.009426683150550556,0.02558620669012128,0.00856594838219401,0.03441240103503319,0.021807294800295373,0.032741505711002906,0.019370967020628047,0.05809636195524215,0.014635033021323372,0.017905835397324387,0.008444552602034755,0.05122063121279509,0.005786522779162589
S0033,Seca,162.91267906907598,174.01571170475717,0.03113812284594946,0.0424213851523671,0.0042254537188128405,0.04404166618681757,0.008896545393363408,0.03164099843336976,0.006303359278569649,0.018103576251530994,0.0016510158727142893,0.02378546924785142,0.01802094640606866,0.029935075461501218,0.0151068107169092,0.006291809999144329,0.021320397289886814,0.009530848348591477,0.03075211883643264,0.003844381125861743,0.047733790274776845,0.04925791568577864,0.013583814689079094,0.03627603970022499,0.03910830279835075,0.015618378361092871,0.04157652487280994,0.011999088786052317,0.018024311884065402,0.06875773534147236,0.049040674891132445,0.01010220528947942,0.01674482764925226,0.009294596892677679,0.013057488575293317,0.010744769284252016,0.014134964200268134,0.009747634804062667,0.010743151224363612,0.009840957688724958,0.03340655597912688,0.008200900174603884,0.027404432810164428,0.0036675145109767667,0.03042904338527602,0.012495801172950204,0.04199859850794951
S0034,Controle,185.22985301743444,426.67233557202974,0.008003015084099471,0.0028885300678393204,0.00853382077165705,0.008406969597962931,0.0032142207312465315,0.04894495846525669,0.01144131692999647,0.03069291025315413,0.01752636002917956,0.009255432270043353,0.0027529429994825774,0.01558713804671902,0.0108616159098841,0.012187184690063024,0.03850941870680209,0.03166736845176408,0.010734613808421303,0.0018948268365107234,0.015073033107451835,0.06139023446958639,0.012057219234190803,0.01573185504340548,0.005304466878803908,0.010625360915693273,0.015868065124431143,0.03052489190477019,0.04912671139469549,0.07628352791929806,0.024386042683211175,0.030723735349137946,0.023141796701483686,0.005759610777192069,0.011589774983411917,0.0057082897659947755,0.06823730284820069,0.0742195753979007,0.010580112807867966,0.024612562310461664,0.021247465557963287,0.009954624662510332,0.006961603031100771,0.004519158593497476,0.08865740991942668,0.003678880341362362,0.020934044626867727
S0035,Seca,234.77790563790396,149.47182555945275,0.025048420439182748,0.04086153931912108,0.02186093411488669,0.020184225896863493,0.016895022092089176,0.041824401572528126,0.016792015807285454,0.04963475384149026,0.007562938483978956,0.026263038292926047,0.011934549262641016,0.00805132779330815,0.035548806106400245,0.011678488081932524,0.01002878525185461,0.033084081172590235,0.0962310198065577,0.03908579962454599,0.01585712189172533,0.002689018899554046,0.015537805594936564,0.018681815547163888,0.005090834794854581,0.00883970122487568,0.026220485321026492,0.010567173874721787,0.007672920735563332,0.03126520971394711,0.004779590260711751,0.018241984324350778,0.01967285385960704,0.020885150142298647,0.032210216899908814,0.07867011746039304,0.01839797761786806,0.005552055093770719,0.011063173936089923,0.008007156436684154,0.03436229644781872,0.0025406217570977064,0.008557079681130394,0.015521655260216512,0.029668824289920907,0.021960443226268684,0.014916568747312653
S0036,Controle,94.73567954214285,295.1601254415745,0.10263974037691063,0.00351237858326935,0.009120292289073252,0.0002908650317228099,0.020222208994137604,0.011483080099162341,0.02134211824462271,0.017953664003855646,0.021650778649549448,0.013619984783587296,0.05154884478505144,0.04939057431574996,0.007773386470508357,0.009131871574121661,0.0853865672360942,0.011356429476252303,0.020513328073431824,0.004406413838239132,0.0210691747122386,0.019897702978641338,0.008345173280558648,0.011233833614012291,0.017070146910312882,0.015432006674257126,0.010089314619465248,0.0036983579984446575,0.10350338114517756,0.0067929463168667934,0.04446965841391649,0.022043095362096712,0.02145776980062128,0.014600919020263477,0.012548997702389627,0.017452087005968765,0.025962636991648528,0.018559147669014904,0.010228090555318797,0.00938921642632708,0.008221074758605087,0.010734877928382333,0.02458582126826691,0.016087340827466667,0.015619145750629221,0.02303438000499234,0.02653117543877648
S0037,Controle,64.96075266773582,198.47003387391703,0.021169771450598323,0.010982451951064417,0.05282369150939094,0.00591277570861539,0.005455539374473006,0.011028334904614365,0.01894605126053664,0.025863011913971265,0.03814175048635593,0.00600921080152414,0.019804760834317814,0.0026957098356801845,0.025141867744934845,0.003842667411498849,0.0394981035613634,0.0324166743987496,0.008529544366151475,0.041539244355208865,0.049886793753736135,0.01154432377276126,0.025871272451115996,0.0302418197186303,0.011377510860657167,0.016254069905522233,0.029967874720263684,0.021373834082419305,0.005774427812728841,0.03577658867927242,0.03074517594700641,0.06719391836485952,0.01196364341102959,0.02695930296773384,0.0024221639340723804,0.02741707720105313,0.013061859631960715,0.024000278708149206,0.015864516381164328,0.05497637623133935,0.024998814575736827,0.033950829647592606,0.007792638938067595,0.01079287120310261,0.012390338680782573,0.011398368449214612,0.01620214810097794
S0038,Controle,237.85246311296686,137.4125253775335,0.013282692252750212,0.003572279497802139,0.02326772351862881,0.01605502995525259,0.06639692965664595,0.04826536847605568,0.003922381550345815,0.014241436723203816,0.046319235863386474,0.023488779744315205,0.0037707651941565486,0.008930649512007451,0.019965975696015503,0.021685427779916593,0.03767179567422648,0.05706148466428078,0.03044913060288394,0.03817473392929424,0.01854663655827713,0.024529291673149982,0.025872257932949238,0.02400964987264403,0.0269822060335128,0.008655650550511948,0.03158234197013015,0.012422353034960015,0.029181384457223788,0.010104026008850861,0.009767001830117219,0.006302493135994516,0.0028523696214990215,0.016652865287671778,0.007630028928029821,0.007965406812653297,0.029663688256149432,0.029861435146142683,0.04620808354941138,0.002151704559615248,0.032745531608739435,0.01910637820373353,0.04653576149188181,0.024012584316584054,0.01109552429621385,0.00427954509846529,0.014761979473719145
S0039,Controle,113.45467452544206,443.2787810859346,0.005596212965161789,0.019407782068716933,0.0030547693723426447,0.003804425703276387,0.0064726141293225325,0.025451482368378624,0.04136000443434547,0.004982615703227507,0.02283610702016759,0.027139422792852457,0.016493979716636478,0.008371972067071949,0.02194136285724222,0.005800526079904842,0.016668278461666367,0.044425815805683076,0.005221212230060978,0.014507180209174719,0.014246663510488127,0.017180060671016236,0.009666295875567145,0.019584830473555855,0.015046911127335676,0.053134642829465846,0.029627410014021572,0.03221311459288102,0.011249227929094599,0.03382180993371938,0.042559344934077634,0.014082030362677111,0.008740058571636232,0.005415814168658458,0.00508719342701887,0.035929649877054104,0.07027485553467688,0.03003098291052655,0.018382182876005532,0.04243772714331516,0.0772093213235535,0.056083239433318985,0.0025335637002000654,0.012504485187077616,0.02013669864046633,0.011915183194161386,0.017370937773197665
S0040,Controle,334.9069973412552,93.79684096974566,0.016190677309521943,0.029257323142729757,0.006980688756114468,0.008817078996908836,0.02411741113840301,0.04163425514256282,0.0030702759533635096,0.019967589176101426,0.013456943673702728,0.007124857379149889,0.02221989198267633,0.015292286974663387,0.011084298943815268,0.0063020980453629425,0.0031750409195457265,0.008090896415729024,0.016885418922900363,0.04296234266785519,0.05062223589998656,0.013952369215621627,0.05690196852581136,0.06071454424368117,0.018331796633816285,0.02377579198865553,0.012326280433298054,0.01767421414225723,0.015070220763171509,0.045593697805304485,0.004950642456773074,0.026687037835483967,0.010522929465176804,0.04441681463127823,0.03257220409874574,0.04836729554197143,0.03170546254416535,0.014526046617956182,0.04567877076461444,0.011026692411409885,0.013586531664428393,0.00952557354274632,0.0479425863387943,0.0049910022587707865,0.008615649580398616,0.009766818318202109,0.023525446736374012
S0041,Seca,218.57595943616536,42.405795617881545,0.008644108466041038,0.01379638101716154,0.0030171082932868055,0.014134768451752738,0.019175800962240093,0.008622237444314954,0.006811120930878837,0.04624777613961167,0.006327823700965224,0.03658680762828898,0.023575602481481595,0.029100332503808373,0.034362780879272636,0.03871601329162617,0.010046365956367874,0.006642367172965686,0.038136007793061304,0.012699924078081064,0.012312070129778863,0.02672329376680605,0.041161874827392655,0.021978777296482066,0.010281705838338545,0.0187123988532607,0.018170135175383354,0.011960653676626824,0.027847482028035164,0.010190039129124542,0.016022869613952107,0.010222812577773004,0.022451574880088126,0.021907307277275762,0.06154294410279973,0.02487644018803268,0.020896018914765824,0.009226038548710607,0.010074668448041803,0.005669642012830164,0.02376805685698182,0.02954034676428392,0.006118462080458217,0.023252020754127915,0.06948800937544776,0.05742397100271386,0.03153705868928145
S0042,Seca,416.3390980289187,170.9634692728302,0.00914567098231309,0.0473661125703783,0.03245231545690128,0.012644402483627915,0.006057708278235107,0.012738159566459437,0.0027589274763531657,0.0009384211835875673,0.05975809077836724,0.022026642150799445,0.06483707017044901,0.003532479147357627,0.015889806009704882,0.01566944936337118,0.03201577720392261,0.014210637132931817,0.0060291780444898255,0.01120547977283996,0.004354404264542516,0.01878148038575162,0.016981595523943523,0.0029243512422920765,0.011877202876550802,0.07896351978855977,0.05067587689844167,0.04176856913558864,0.0015664948256795754,0.013206425831854319,0.06968684118805195,0.007493935315772406,0.00676052888732023,0.04683563150867784,0.056862420974966923,0.017708752336562803,0.004351381362373778,0.0036991735911660406,0.022457522132351904,0.010693037566376906,0.03059858847053643,0.013139866782966312,0.012608674199202663,0.004889272830220248,0.022902820159131296,0.02426313995278625,0.034672164196242014
S0043,Controle,350.13255100112457,358.8195738207838,0.014330903036244316,0.0012247428515299,0.030625015570017292,0.013113824059547162,0.041021128476258044,0.03667209639905933,0.044595073874206144,0.005957637927229387,0.0385971506347792,0.03948023320273001,0.030342798108442766,0.013937309958614055,0.020836708039524376,0.014128917282631465,0.04558234664449015,0.014034731242762815,0.028195182084404254,0.02169208250509427,0.028787549235855008,0.02244322378954164,0.026792036741398413,0.022243238253519326,0.009580509395799432,0.019142950712241875,0.002263266748862023,0.019019281512087143,0.02247209759056205,0.03945792242441897,0.024439504655198403,0.028647914584276776,0.0220629098883954,0.015190921151913558,0.03716031759628567,0.0024591441656828237,0.016491768751192265,0.00469171048600552,0.04597866883973339,0.045454216650463244,0.019377148030575646,0.0024125902508741128,0.010771666654239152,0.03223959281545904,0.0021662817102374196,0.006193090656212256,0.01769259481140439
S0044,Seca,156.18332069102053,403.71580298814087,0.007011856857843447,0.047278701747520954,0.00083510908773333,0.031181974996965234,0.00477783354463644,0.010508387509372072,0.016487063396290948,0.021527927444325,0.02321913930957083,0.014954451389487847,0.030764270004841256,0.02094608860798048,0.05806428471872188,0.016256388193087355,0.015420367501315327,0.013819700284707127,0.021032369358075568,0.010941194563938404,0.01910534098974434,0.011833879968714194,0.024246602841246207,0.004848615972114218,0.02790108171076719,0.013616442616228425,0.020974410227517722,0.012409856994503709,0.001229352334666317,0.012433438602989698,0.06432581116351513,0.011745573979670933,0.01843951233216317,0.04196514282180996,0.009504373767190277,0.0666008692747998,0.017128900613623516,0.003794172240945261,0.0699098657668775,0.010164386815682725,0.015802581891869723,0.03454851166968001,0.016679108627349018,0.007713454625041267,0.048298553230045685,0.03700073030571687,0.01275232009911368
S0045,Seca,416.12990069760053,499.3716850333824,0.022554987875574636,0.01766535821211758,0.0008686120955190152,0.021285307047623738,0.013768352703009502,0.006151938704397026,0.005658549693828063,0.03205446908221188,0.0033537580110895426,0.022873528602319327,0.033760658202670754,0.026837387890696788,0.007516185077835005,0.02952557999836482,0.006483978011536737,0.09108118616325467,0.03123389991811845,0.035882370184388564,0.026702116082597732,0.01621179905085871,0.02911425837575,0.06274731224161492,0.040801604819848125,0.009905687900593062,0.03936667764986127,0.013087832444482743,0.0014919184923027138,0.013001569415703667,0.024649695508316086,0.018342376623445532,0.012814200351832894,0.05781218859282362,0.0033112857866943344,0.010149790677807831,0.011368573471926269,0.028054511149045707,0.006725709641712179,0.011991799324293152,0.020406970989089855,0.01262546881541312,0.04296616491210616,0.017295857555503256,0.018762073591970324,0.025240255076773917,0.01649619398307688
S0046,Controle,402.3821787484009,148.18102850558245,0.025137505053090273,0.00904585732874721,0.0058447742838057745,0.006289137482072077,0.022455814527077973,0.05598251253170299,0.006002320309754225,0.031344178427753264,0.012346266451089098,0.019277823621354398,0.017441083151821583,0.03373796287818563,0.015454172567521428,0.004270785725074709,0.016203634161883005,0.013708292408698067,0.015682288103661728,0.030833825610980543,0.060534967636818676,0.054184298345603975,0.007706493003026687,0.007363230635218998,0.01027896579280934,0.013990828132331126,0.07800537149667866,0.04037020166813657,0.02824934257880852,0.007788266832511956,0.007677932359822937,0.01709599393600069,0.016897647489365397,0.0053220594326314355,0.012439484181499512,0.11090830116164367,0.013686237254460616,0.06387902161758371,0.02931585336457161,0.021747921927851684,0.015835395569081125,0.009723034652749511,0.0022876984287530265,0.006339227054337754,0.004414646983346063,0.004758155980933488,0.008141187859149114
S0047,Seca,193.73918951508722,203.97097556564108,0.004972663959198482,0.029578411619227363,0.026601634352149562,0.024237573768069846,0.017884116191532306,0.03553575720490476,0.04982147875868117,0.0028607691014735626,0.05369996211771984,0.007967122346398651,0.02423056442909797,0.0076365272901275216,0.028632878196004262,0.022870779372994834,0.02086637203790797,0.027483126998236886,0.07485804162857049,0.04552788038754591,0.02486180912732974,0.0030354615089359265,0.008041940972965365,0.013133301540635951,0.027902038788668253,0.003888546786735368,0.013186904961739397,0.024592782668831404,0.016688120495601193,0.00648651048115215,0.02026877969647535,0.021515266413328144,0.003954007583706613,0.03530098955755746,0.010688281714171376,0.0215461890343671,0.04118311161031872,0.03393018037134243,0.007225204342023135,0.00296206299165346,0.045102539676703975,0.004091754442673632,0.02699606320554067,0.024853818902588302,0.026854996948892408,0.008307681219881603,0.018135995196339603
S0048,Controle,144.16405196512204,68.41063901481314,0.018414060171081593,0.005570059046060581,0.014218954852046554,0.007345550824876848,0.004925533210515516,0.008362673910141413,0.01897240645391328,0.021234979987798178,0.08674063081282188,0.016420167804506714,0.009262817673607754,0.03579162753949284,0.0057920513171401036,0.03058757537142252,0.011574696169372364,0.05555499499241545,0.013009637731780425,0.00867788902534189,0.01882792084926398,0.02420289592197883,0.025403044252652544,0.01035123749948708,0.030596343425067278,0.015177295504644096,0.01090930664052748,0.047152482199600644,0.015340340921948544,0.004803200057493803,0.02575637923570478,0.025972958250321476,0.03875589405324586,0.01949529681021032,0.013289205750720845,0.031122679763335014,0.011049017439203997,0.04789918736469137,0.031312000579105506,0.009198412654549838,0.03281516221246883,0.015667607794250932,0.042199019775634804,0.013722748501190872,0.020108550134550002,0.026782752861538632,0.019632752652276743
S0049,Seca,341.24775198748773,287.4359648115168,0.0026219780895325967,0.007022484578565125,0.024063641687517442,0.060503881741218526,0.033536589373639646,0.005660513295792681,0.002222984899370599,0.003092369967713626,0.012866098169825556,0.02679642905292794,0.02722182346347495,0.00825490497250242,0.034496280589273225,0.043469805673220244,0.017597570237917935,0.015574528592993506,0.012468583260161224,0.009878441577449416,0.013361357338592113,0.005962181854138174,0.007053581224878537,0.058721304007125774,0.04652089425646604,0.010939347374415393,0.06319098209132254,0.017843417372854962,0.012151740136636528,0.02428517283034041,0.025594467374439635,0.07197091538010329,0.011300546445145892,0.004234317157836667,0.007487719635539678,0.025242215563471206,0.022998340657485187,0.03621291181908543,0.021334872892747898,0.01382112671014343,0.010824724292194493,0.0337163035760307,0.02129317222551673,0.007936354543799828,0.01469222190700164,0.025787197931020613,0.03817370417857085
S0050,Controle,69.87624180465491,498.7900186314586,0.02142118636395479,0.0010795891934238578,0.04128493082518413,0.003557154487678185,0.03488948915674761,0.004271446868245624,0.081375378898607,0.013558897744531718,0.017978479413400424,0.022032450934924272,0.026658792554252183,0.012190678222450383,0.0023455826370804163,0.03962837241671853,0.019699741718263233,0.008786550254221566,0.06370113772200671,0.013728722719446916,0.012751270802875341,0.0019830635200462285,0.018661587357790353,0.001972455004703597,0.012124144682939252,0.020367301938801246,0.016558919695790812,0.0010849818131896602,0.0172613249156401,0.014778308376799217,0.00453744687405773,0.01036672128581862,0.018340267438361244,0.08425900519344959,0.01806042038964903,0.03335457443609846,0.008188206965299176,0.007351496968780678,0.04112963879701512,0.019995894206334037,0.0067399857196272905,0.02846659071017742,0.007497040793408617,0.059715035118426595,0.05961611561245187,0.019660705184492155,0.026988914066838884
S0051,Seca,99.95410123755416,350.44050506032926,0.012435490356141143,0.014629328961720098,0.007471332755029625,0.10390779442420216,0.021266575665923156,0.01788191168448522,0.025601161466062707,0.01209808763539723,0.023412131432128898,0.010513118826902468,0.006860062010621366,0.017592627384332166,0.013045321193081896,0.01811390769393907,0.009082921432464886,0.013115827150184256,0.018590300811801984,0.01869007724418385,0.021542800435031456,0.009357996523931761,0.04054449330169853,0.01737457222995698,0.009888766910962028,0.026590984703756364,0.015562609911723535,0.010131111749315571,0.010842192033416614,0.030021963987305604,0.008185521362329968,0.047947627380364455,0.03302669786124698,0.01547247809416936,0.038002718785343344,0.02453773820477766,0.03141737335032634,0.03184538803280996,0.01782305074498312,0.01959258679185224,0.006488767375855707,0.02079264147091614,0.051866133924112934,0.07110876115605035,0.004952216519872478,0.010165804881112206,0.010609024148176188
S0052,Controle,3.681134875502756,297.60642020668587,0.07022363780063194,0.007850251748308234,0.02266967402597516,0.0006790858505750114,0.002558559142319014,0.015126308255282406,0.0007953042930899858,0.0180687998152052,0.008229742091751563,0.006861015773255838,0.04707517888639213,0.004775914674352089,0.012450070332552004,0.007876292534759232,0.028075687763376597,0.030054332421858634,0.02538091764901813,0.03180795891991536,0.0017066813104387507,0.0033710980000121534,0.010028987073426612,0.02952159075472806,0.028024090924322453,0.0003086921038045433,0.01964660634679209,0.025591129335734812,0.02840681920964849,0.014992513618369244,0.05997298870271357,0.0325643982470848,0.00860393456863531,0.05233767112939158,0.015263780200443621,0.044169491077680666,0.009365451561501552,0.05044952795805218,0.05624320319430025,0.04143419944621055,0.01631987746984621,0.004455198694891764,0.003367371316327857,0.03903294314034849,0.026639485692435905,0.003161745527340219,0.03446179141689953
S0053,Seca,393.4621887510692,196.184546460897,0.013306720925657855,0.039430938092861134,0.003920329525799047,0.014864493357552556,0.02489068107872682,0.03226157668164202,0.06044394562096619,0.006837591936483383,0.01034985778823991,0.019089359520802804,0.019318811353166203,0.0717379665088401,0.041912161287080675,0.008699236679779638,0.0018946441270916985,0.021036246184702984,0.023367728354444502,0.002099651629843289,0.0017554595544114252,0.02692221524591059,0.017273043116986103,0.039884044912101624,0.005056495736084966,0.012215723310591096,0.015335905326924262,0.019195802494523552,0.014955307927737567,0.003694581716617514,0.0037501872420357915,0.021747209946408292,0.03556587810019357,0.057870145028113565,0.0032821464897480014,0.00929446421856243,0.08001576843836014,0.05468442874115718,0.013239050300036553,0.025447689133290357,0.03455625345641875,0.02108916639380727,0.004795469143994378,0.026878949772476544,0.017692014607949048,0.011688555591841942,0.006652103400036689
S0054,Seca,332.4254282960161,457.6493801427774,0.0004056096959981965,0.013751425385992801,0.03335018396955759,0.031132354463834687,0.020193257731307084,0.014594375731934553,0.01923324335280026,0.035704112374259196,0.010125476390277614,0.007446259376980663,0.03879393562328589,0.022034443164012037,0.06929072800996029,0.051282886699542764,0.006567972294347209,0.008273623785752587,0.046471281868075,0.005695507353053326,0.015157773275030265,0.013270455001141959,0.029663878746225555,0.004931946623657824,0.011145404240775147,0.015600745950860752,0.061614000568305745,0.02396779144798732,0.029005413270322508,0.03530856715881736,0.010442425349207429,0.04144681989797141,0.0050727362298102294,0.05557314406203322,0.03302378801108787,0.01035828944033318,0.0071801222307332655,0.01855868974902949,0.008287507185553393,0.016710556572824685,0.0141400285237335,0.013277249639766436,0.0027539126144784706,0.0038096936502423533,0.05591989024203019,0.019784063180793465,0.009648429866275055
S0055,Seca,352.5826893131676,248.45829806517472,0.015169629966896749,0.0322116045673666,0.0022247929347161007,0.02128674512990868,0.020990817470624104,0.012230590846799037,0.026425912845408055,0.050562636322999926,0.03439166699695535,0.012595858077635462,0.023058234237350168,0.02008679291835931,0.10188275253590019,0.023757491739490558,0.009313646007508785,0.02571224824953066,0.04894808612903169,0.025043270584280578,0.007658197377342093,0.046977357398539484,0.010489470277728953,0.005815394080085182,0.024790398033988997,0.002525962679571464,0.017691837128403873,0.02235399169609211,0.030448266867017317,0.015129399193247572,0.004295393738634055,0.026775715597777285,0.013463832025026394,0.02531653819966435,0.011857992574708931,0.009616807197554282,0.036349774594557474,0.04710342168113928,0.047650863518870795,0.010193541628501768,0.02480410754234408,0.007198580879902221,0.006344180985124178,0.004706867831065768,0.01154284783881578,0.012166072619851495,0.010840409253682737
S0056,Seca,390.36451551098395,67.18345665653075,0.022839349016987934,0.07456393754640592,0.007279303128944705,0.04314222359886052,0.027279642265252618,0.0041652089596748145,0.010267489601225104,0.02541592669928543,0.010288217643773903,0.020034573169519086,0.03838076268193738,0.015937685653108876,0.020889652511390865,0.011801104135447379,0.025565606281342156,0.008233103221862069,0.03187153980807005,0.03460517323746825,0.019419715774131336,0.051730440050115005,0.003984679535982882,0.036508126115952666,0.007252380948983553,0.009519367726436849,0.018414922565692892,0.038485903560785045,0.016609309766957906,0.02055270313567994,0.006301378393438044,0.022391635792384734,0.008980921443709818,0.005775690974519402,0.015567600334543161,0.0341849898392247,0.026263976388705902,0.004900563637078051,0.011324551467198256,0.032449269979472894,0.01287006774818763,0.06805491545366889,0.004355250429245741,0.025417693098918417,0.011016054731234987,0.0331587546589257,0.021948637288268492
S0057,Controle,229.45788776917,182.68923159956674,0.022592781311309644,0.009795080922537546,0.03492190735484728,0.03893519203065764,0.006624155984341479,0.006587297893835432,0.007828649020201283,0.007757586690801965,0.007919147367018667,0.010649815429864042,0.018550017919446327,0.005279251574779524,0.006751177927536253,0.02434019453138533,0.015603162078729518,0.00801287604009288,0.011940425640870975,0.0445506372440784,0.018022516861211913,0.029960973355783717,0.030024607807980074,0.015252849549727655,0.026966812668798714,0.054151916760133874,0.008149351284736069,0.003255166443145947,0.00881815348493453,0.08838481325017639,0.016677227183204003,0.01000432592971375,0.024960718426102143,0.010722701880582459,0.015885458139908794,0.021700088871659355,0.010802651568580679,0.008753814729299782,0.009977576387715738,0.014659904656676161,0.025015545439281344,0.00847769639236484,0.013975387644507108,0.1472561718444035,0.02915481903264628,0.013461427488328893,0.04688796595606201
S0058,Seca,284.37059797644685,33.58333442388345,0.0036542931760640074,0.010217162156886216,0.005011617906639417,0.05956027980306566,0.003445501567933724,0.001757729939933924,0.04139524088346813,0.04985516742378692,0.01589088988597737,0.03701260144235561,0.051930222302459916,0.004878342760077419,0.004935122066618055,0.034166170281711455,0.020028492903287325,0.047861678417605615,0.015344649648572045,0.00888706104682125,0.01914358906931024,0.008892425945912842,0.03461754886137348,0.011094461606887367,0.010994022562918537,0.0373945631959862,0.05125446722263271,0.04243449247100944,0.021415174567761302,0.02281719569694569,0.004226519188277814,0.071294839019602,0.054708167785908,0.019158727597089364,0.004583112449557634,0.012113793462949347,0.009625656052838945,0.022296954680149472,0.00036773329265057415,0.03248837213217787,0.02525635739951481,0.02528242116891174,0.016801974258502196,0.004166359599770881,0.0060435416552683495,0.007351963189576221,0.008343342253252797
S0059,Controle,69.89849906382872,100.98951884439077,0.041051081612006775,0.02225779123627476,0.022531462809940127,0.0364739376244597,0.05138672420671269,0.04437155412937994,0.016862735836441815,0.02788764779454491,0.016747528038387548,0.01436171339557326,0.037676892036851324,0.007164930909849684,0.015555773820882114,0.014624549520434477,0.015676488273746417,0.00966744836692374,0.028739432415728634,0.0032196603803775173,0.02388128103465124,0.06625283160067724,0.010789862899853182,0.019082737936437392,0.0019494478619716004,0.012093825008700383,0.01886097463256301,0.03035558035038305,0.0259410988497829,0.03274723097830645,0.004518083234955004,0.017677301009760792,0.025753052815788553,0.014155428606750972,0.05009306795957203,0.059697311158443095,0.027343201944391257,0.00016918594190546516,0.03407099387137426,0.004715853414462708,0.0004557104071931925,0.0018759309665431622,0.022608617594782165,0.017537443999666585,0.019969602256022727,0.024221284499583946,0.006925706756962147
S0060,Controle,57.26503676798672,8.834390499956102,0.007919556043605318,0.0016894794208945627,0.041571482518437175,0.010561040524909427,0.01015390552459381,0.014103220581153996,0.028838607265293546,0.021719369205940444,0.003045149931443353,0.01735290156569984,0.04833680182793348,0.008369617322837272,0.015189749111436958,0.015700854779133067,0.02635583534887442,0.004445488734102697,0.011247254889656768,0.02400881738482494,0.021039297842002234,0.04178138578674804,0.025360999267434292,0.006102566098287824,0.03982518928259063,0.027024472190209304,0.004933523909928941,0.006370571649858484,0.07966223415200165,0.011314113772995927,0.01345984697149451,0.010870875044240527,0.011767345937620069,0.017330768744365427,0.011182405489168937,0.044821741793768924,0.02402843809908769,0.07788325960048267,0.0021693633470594247,0.07690300271473652,0.02326312472317711,0.045430992003914684,0.004832641822494806,0.007899384648822337,0.02426184841291784,0.02507007567888197,0.004801399034938023
S0061,Seca,334.2014808952358,226.63995825008172,0.021787206697795273,0.027854509172707466,0.0057831742909480064,0.03212266806065609,0.02485737718841624,0.0011468193538809607,0.01013971050746187,0.01082587215951614,0.005028051266964685,0.017847483026263485,0.019683655108403635,0.023433022888361143,0.027101186966887493,0.03240303570999926,0.0017459963992835735,0.0294347888133398,0.11062202755731146,0.02357071228424527,0.01541154015692145,0.03603222503827906,0.00731614107163999,0.012062437152073318,0.001471845392378904,0.05361219910716542,0.024867405755307957,0.03304754302974368,0.009730614308748777,0.01852051577726378,0.013442018824144638,0.04326345608617116,0.011276833785378412,0.008891514320679722,0.0018768743451970681,0.040081056697426794,0.025527734078722324,0.033487009019278646,0.0024217538625811445,0.005952883467322775,0.017428435068798362,0.049860685426322764,0.053341984859929574,0.00431659823127745,0.0025310121170665075,0.03595843427355856,0.012881951294180002
S0062,Seca,235.54810307156626,317.2701324758986,0.0029505957821918407,0.012889768074357169,0.010252338861796871,0.025090914692004397,0.01215920823012145,0.17358250814501616,0.01280064666809594,0.009088388694718218,0.022719645713923788,0.07913497488934684,0.009124733237968004,0.0274804561793279,0.008146829552045064,0.0023371640527127483,0.006786495842476686,0.05486000281254192,0.020154810879725833,0.012526021293997876,0.004437711675501237,0.005103955386653289,0.016738922792666016,0.05668577719911045,0.018365318452753857,0.017079365344820373,0.009269218127315338,0.010787842869332246,0.008595396861964687,0.03237525521551065,0.02179413657867095,0.03298566271124697,0.015327960218337537,0.003943782123658624,0.018768732386011656,0.0315060764571559,0.022023901870102367,0.011312317644756351,0.01234252614905587,0.015522788137699792,0.010278353973796173,0.040594889900940456,0.014273216893019537,0.01458146626609116,0.0062071705913082,0.037962593430510276,0.009050157139641541
S0063,Controle,282.6180532405944,171.64623118945389,0.02533432785773822,0.019388838691857625,0.017935121489550482,0.03845229015371882,0.04444129152301952,0.010063306257024856,0.027152883485210277,0.0009656241543118774,0.0129140753766692,0.027258764033764697,0.017913346863274785,0.043342628584122224,0.021687717638340716,0.0836527585090409,0.009859850601685479,0.022065684166915626,0.0035109002201693163,0.016649829717099263,0.02404530626074244,0.017416351836948996,0.016873269362146344,0.03263262152061831,0.07763612134907905,0.005805803871778218,0.01388672204204173,0.010617272268168144,0.007758214603174941,0.03591176436375963,0.07851123738487616,0.014663231421308784,0.020367293327261414,0.018762217539220763,0.011190367533738638,0.010846260699193542,0.007118867533388611,0.026573241661889006,0.002217951330555538,0.012959827809433184,0.01652232794111602,0.00810440502374719,0.008117656731322457,0.010981801236679724,0.005390752779775748,0.0436521852020684,0.01884768804245308
S0064,Seca,382.4994287080128,210.19088575263856,0.028091866786303,0.028639238914466857,0.00815821370310282,0.01874765070578226,0.018243337403226936,0.030608574750004496,0.005799436532853594,0.006525275132152602,0.01220617588495495,0.13619065033298833,0.010394253104786583,0.022432530696490663,0.03196794662685109,0.013664998379971845,0.008308176799786987,0.012041312847992659,0.026275076238452,0.04339420533485354,0.007028627182986318,0.0034754408924946517,0.010879524538339926,0.01161009479813309,0.03707440147584507,0.015163599197694513,0.05198166913450235,0.014001168304227585,0.05770051619352413,0.009276941066077614,0.025458646477008347,0.004722682120733235,0.0330670682567759,0.03854173196612592,0.02455517930238162,0.015186905348551443,0.008099453131883304,0.011248939729805956,0.011495356892196442,0.03316095451017588,0.004613338140348773,0.023678985816111,0.023880520227187056,0.007939452519894231,0.030201042807250344,0.01703909550805706,0.007229744286666893
S0065,Seca,317.3591600002954,479.60463642228797,0.012601340103732556,0.0159615004491605,0.008881805582986884,0.03318302693949582,0.071762016070006,0.014098214605841583,0.020644052702775185,0.002896675220924389,0.02130430248213949,0.0057809326496960425,0.023832426397726043,0.029519145447286486,0.03726289672476717,0.007742682351887488,0.021212694954781546,0.03431819294105864,0.05302380638180501,0.027262510403575888,0.05582738160742072,0.013547184804441895,0.015174750242706756,0.021021961516761445,0.01525052802859973,0.008345752019404401,0.05895710149371846,0.0063491880762563836,0.009310663431614932,0.006556820406542709,0.01444977002234221,0.010107239337703718,0.059172197890063706,0.023175898037048465,0.009204599417214186,0.009418032554669498,0.02321409035381633,0.008579503847705457,0.022445597322419745,0.023761880229306264,0.006002463174513124,0.04050213082820993,0.01058338935591502,0.03998456702992682,0.013487995042226447,0.026254647730930187,0.008026443788874758
S0066,Seca,276.7897003289979,375.98156078745774,0.06439096486311474,0.013162520654805656,0.03211755290227601,0.03213331602249674,0.02606676198717586,0.008421866887635108,0.013011553330932474,0.008735321953944816,0.006376633208322625,0.052153318291877936,0.00893442440788676,0.041199327562425676,0.031230195593668096,0.012281749963120847,0.00304291264885815,0.014595721291243594,0.01003426308599179,0.03597413508526662,0.013280989259811422,0.02277655272718478,0.001874557828239763,0.014602797312757253,0.009152291090837475,0.03179445035457521,0.03247297218280686,0.02254404767780487,0.005506441699740476,0.009118732931943938,0.005980877775705609,0.07479681675765086,0.025142509694097887,0.021527541937719004,0.07290789301577752,0.0047303511739624155,0.031632069648713075,0.012035387764512066,0.009098402366822887,0.016713134879417453,0.006303188685721879,0.024302178600177658,0.014769066113435475,0.02453145112151265,0.02821430899735077,0.042909471438713244,0.007418977221964001
S0067,Controle,279.60358037270674,270.4283184724756,0.03853914366624852,0.025355824627908762,0.041573336454730915,0.009188001056648734,0.017597052838658474,0.007598448843210698,0.0169940856086321,0.04622443875539641,0.006786284387092142,0.011556533277868496,0.019620268551013984,0.017753907357181575,0.07889860843369052,0.006927853007999128,0.006288661875142172,0.015450371512744731,0.02048122489718877,0.014244666243215152,0.009750256781102164,0.007993090860534539,0.03739979218909697,0.02075921401353561,0.04867991631606551,0.0073542038365418255,0.03441232583998352,0.017967741095714376,0.009875406151177234,0.020859485787099268,0.06083742343236043,0.03865401067932002,0.011768773120765165,0.008397758893774204,0.025824014571742108,0.024798855896695733,0.01820285062894329,0.038923525061104025,0.008927609149673174,0.004280720964466203,0.016102616365857032,0.034462317469856965,0.023330980878753283,0.0040127228367118194,0.019830259684031966,0.027898402188003057,0.017617013912519117
S0068,Seca,151.9750490313061,142.27043755591262,0.019737331510822024,0.027097900703391475,0.007422604743150066,0.04187418296473818,0.03681665149926722,0.011685138314930555,0.004601817385597649,0.02318955401629798,0.012154165313939418,0.041957765775527976,0.011860099086945228,0.010975474566658048,0.02670178869353521,0.01571675581106431,0.003356030308637023,0.0023997804427992853,0.011573067371767502,0.032093673155680465,0.04095600689962591,0.02796095502380249,0.023529624973826747,0.012076582183005218,0.012479101556417217,0.015431889025485531,0.04079718954550197,0.05209433987651248,0.013148431733025042,0.009743311304782032,0.021227412072486247,0.04843498330810372,0.019401758219551354,0.008353243850661296,0.03519215446547105,0.0012353555983941012,0.05617500030425856,0.01851826566465617,0.016007493742390688,0.016844136709361926,0.028142520403131716,0.0040964683259083435,0.06637252646261203,0.012587907470969462,0.0033808893445421654,0.0369799780536868,0.0176186922170802
S0069,Controle,15.408917283969704,448.4983993864976,0.005930608584776843,0.011853616742598027,0.01390280337027515,0.005008519030683677,0.032737306594593764,0.008068488729861503,0.012154734504468077,0.037428084889955734,0.040452170360024305,0.004877089607066181,0.005754280218920991,0.09304799434642928,0.009464078386674906,0.02044873387425412,0.052971328304421285,0.017210556962253595,0.008337640768283668,0.022622290020579413,0.045558449098979784,0.01904530766374541,0.01775561154304043,0.017861647100201956,0.017920473018505672,0.01152047815077723,0.022533272376032337,0.01298983635299817,0.010831316694773425,0.009539621983801079,0.04453828502254742,0.07720000161668115,0.03135579931952809,0.03142956629977797,0.019228649704518527,0.04084031434545553,0.017685487707518613,0.029467243926949466,0.005234260517602026,0.010633431365968102,0.025834603511074295,0.010261389553832687,0.011512970761171026,0.011108472404903683,0.020280081014083965,0.011018987493484919,0.014544116155926495
S0070,Controle,218.35869461618117,117.54855844032974,0.016731381937694946,0.01832306371129195,0.033999120601851784,0.0025243716522767917,0.020304967341381385,0.0098775936366212,0.006846781043360012,0.011923070654531435,0.015292237240425081,0.020119998476189463,0.01839137067830657,0.014667227596764797,0.01140475112026068,0.013093212775705042,0.06782614920672338,0.014108612208780085,0.02670983046132648,0.0054537191440423155,0.05288527608350298,0.022082538673020236,0.0644462995148625,0.007180136117375031,0.04208035002184327,0.008012767031696866,0.010048430588338908,0.008225489548510195,0.08861206598792157,0.04442326751668366,0.015348851862134026,0.018026476768419057,0.0007882684594803408,0.009439932708447495,0.009804512421818007,0.004531857454227041,0.01640469428101422,0.018602658696946373,0.021438252164974747,0.0010377796755665627,0.009090205786564802,0.01265314174038463,0.06771561657460765,0.047824194229528494,0.010257512034722643,0.00966359847158225,0.05177836609829314
S0071,Seca,107.2923364097646,162.67136525833854,0.00549057931083926,0.016305416833031834,0.013514267561385466,0.032841915544601155,0.008569404528422251,0.017910960598592922,0.004691733924459122,0.029870753066455487,0.016988876098529115,0.013668740038368519,0.04018191290447617,0.044875235033062386,0.026902405113720385,0.024837485977202735,0.008930686549580043,0.016249399441776655,0.008058484419483132,0.009954202432464282,0.017227010327574687,0.008759089187664873,0.04012257291633699,0.03592450635801522,0.013582732222769393,0.00669971048701915,0.07364561242070977,0.00522661030660123,0.017017432254483603,0.011620282663271836,0.004535133458383556,0.01159700455681959,0.014363941010341838,0.018993581708035556,0.003948003134415006,0.02185957652690001,0.013324480412080677,0.020206033645920864,0.012120164817253611,0.08218485738530647,0.00835510956709532,0.05501235008173194,0.06735258075679548,0.038311476945965935,0.018408942160026188,0.013842842938397257,0.025915902373633132
S0072,Controle,204.26432186231807,454.53240721147426,0.05808627232159197,0.01254846356610651,0.024299817747190887,0.003577902572170521,0.005002807432886675,0.004784566725907736,0.02166907553447032,0.07530885939188056,0.00987391749716144,0.054386383209727135,0.005170600537065606,0.0068530777210221985,0.0018412501545784533,0.008379112428067803,0.06003849783828074,0.010561647566936437,0.0167093751772181,0.032131888600158476,0.07327832282632721,0.005244878689129803,0.009301744557085602,0.0033409461830396212,0.012728147163249168,0.033691974577213686,0.01760307729482942,0.010360196869884425,0.025540386773203833,0.022295429295132792,0.020743532601277356,0.020463535243737428,0.005065573288352452,0.013435322114558402,0.033279098374525036,0.028020375021841307,0.03891589437377086,0.01941949614808293,0.021328014057982854,0.02335297988568522,0.04323627558809152,0.007899375466800113,0.01919893983911279,0.02965849095722999,0.02217897257058178,0.020721099612660086,0.00847440460419255
S0073,Controle,426.7015366340831,264.7710276425362,0.023620901362192307,0.0035679632595147057,0.006001808288901822,0.01796504855231131,0.0042885538580458415,0.061396266618684844,0.0704439193568172,0.026819721438095318,0.037500796885427345,0.006344442389397153,0.03969125945196164,0.015427837553164602,0.009517888510137358,0.012233563817322815,0.012447152987639614,0.018686498188856246,0.005800541971185581,0.0320586465653468,0.021446234801628914,0.03325574351477465,0.014907731384935242,0.007918054660254265,0.02184358824733234,0.0735265954815013,0.009383207268825524,0.023801947472494034,0.00511536124641567,0.01113251783703888,0.016621231737825107,0.043813390107311,0.0027736484871747047,0.02319760624322519,0.05942898131746261,0.022233555103172677,0.01094407553709216,0.009802048157115504,0.03566754464962466,0.013587789750650569,0.013465829244368852,0.016732300623777962,0.01440001155109589,0.0067704435841276665,0.009027160345310517,0.06720828537532572,0.008182305215135792
S0074,Seca,116.96974293267037,371.15897470898835,0.06664652927395266,0.037028327647286544,0.0041653313316413025,0.00301463831326869,0.009792133268121752,0.011561213563604567,0.04976581044114092,0.01340964652062438,0.006067595800094489,0.03235873836906604,0.012892396879085301,0.03282188078630955,0.04216858590869671,0.09392438121083806,0.014737203959216561,0.0034204757092792673,0.00365228466950755,0.021457756814995118,0.011973072833840671,0.03642251912167884,0.03362715240519984,0.01790057536498467,0.02667109612470721,0.03248347397924681,0.014128378471529425,0.015239936768480171,0.020978065104862345,0.004656003497439123,0.021201556812467326,0.011424081859911164,0.00843167245851151,0.028010851357253137,0.011765815036363377,0.051451128726409376,0.019550843471893318,0.012253286777389152,0.0035637908948593093,0.04197022955830453,0.009098056873749384,0.025559087849144832,0.00785894061837975,0.040086733065899646,0.010505216966546195,0.011774841843216791,0.012528661691002647
S0075,Controle,29.15137084453301,295.37239708188304,0.013773338272889407,0.005220609170732412,0.033200617240545585,0.009003016943720932,0.034101363635884924,0.018206730812989222,0.022024463288647163,0.029943464722081706,0.023585276893748248,0.012757774893063284,0.010002211400586047,0.014582831885745294,0.04265437917119432,0.053128386342022035,0.0047301192771791786,0.015586880272840407,0.0037586360731971945,0.036125126489072686,0.03584582812102417,0.006570452517770367,0.16161448728500313,0.011711895718277918,0.02897185674980106,0.008075538495816641,0.0268790006598703,0.007102006226819863,0.013219616820464719,0.023011227191797403,0.030674700766647273,0.0031098031976190916,0.01322973274210639,0.016111856619412383,0.01319691701392525,0.019548491488633447,0.017508170842153274,0.023864145513720042,0.007441462385946194,0.014747126405381188,0.06583682944219485,0.016839875892422782,0.0061057303485725165,0.014109449531777783,0.013826881488670088,0.01138906451546359,0.007072625232568082
S0076,Controle,140.69194601099827,326.71960450474756,0.028006025101916684,0.0072693097003456875,0.01803147953557124,0.008584426141919116,0.0062635936642150645,0.008544269314805154,0.03584602219952859,0.02599181497370094,0.003409315432192438,0.01487707156473029,0.00280167262716937,0.007268484633428604,0.029533928979618224,0.046298592212502175,0.017880568370133895,0.0003279156796711226,0.00849253633329501,0.002752871312475422,0.006040147577171048,0.013335403570099533,0.028956384115461135,0.034374300502649356,0.13819827756076103,0.008060500763865028,0.028887941512415038,0.03722865242521016,0.03514147623253416,0.037741354304519636,0.019660869230402556,0.01570341561391695,0.02286028015777758,0.015896233579212694,0.02864041454236915,0.012163479670781477,0.017906806929301272,0.07713930447046456,0.041819633755077086,0.027010107441712394,0.009420234875089696,0.015535129001187725,0.004831661070412254,0.01737746176190519,0.0269466688719346,0.005672261900684986,0.0012717007858645568
S0077,Controle,146.7968788833418,149.69164575741277,0.04911982793456404,0.012955148888591322,0.031184674497580958,0.004282735835715814,0.06011196447509953,0.01795802048702991,0.02152272603215869,0.02182977627259035,0.018518628133227015,0.022777420192432066,0.020406498860137276,0.03125456436840177,0.006965249377695576,0.006603830946232703,0.034136669839019175,0.029415810744487535,0.012458560141485213,0.021289724167371873,0.0016913158359488025,0.019244341834977845,0.007600271936951555,0.0052057348658117565,0.011568285455092975,0.007781755115133778,0.035012323724541834,0.052994966779777206,0.016533688724450643,0.003809805562251882,0.0088822000899864,0.03966700350890454,0.008339811846154654,0.04810748263178288,0.00704091207815876,0.015856473141950017,0.061676930984160536,0.009795977769110707,0.005491497462757604,0.030923359294277017,0.06662070914838238,0.017800654783631784,0.024027812321909304,0.00449901658007112,0.01943558159737963,0.00478025717532174,0.04281999855730185
S0078,Seca,330.9582573634475,120.68603081333146,0.010322527140092234,0.019085268749695065,0.004684966555248228,0.08903144167610125,0.026953710942892905,0.012211997057839694,0.00606567176876261,0.014022776397350499,0.025048132936457017,0.018060924905003634,0.007637509896512766,0.012668231970517694,0.04935313889319269,0.018677395218448276,0.024216302699764262,0.001618661665860431,0.011122350267820023,0.01576599363988008,0.004765883973107489,0.05479474064936875,0.02248270474997559,0.012838140762860956,0.012995794121191194,0.0192839459774276,0.009326269075371459,0.027956866812787536,0.0038035596592629227,0.010193696458651735,0.053426612332190315,0.0355110516270137,0.006868479703258461,0.025936342051687624,0.011553050498648068,0.018652985960738677,0.02645080922651116,0.026867666134046318,0.023772331381005277,0.018734819321543906,0.03382140265860668,0.01862854889243913,0.02868754227804948,0.028905773751179295,0.02139696866219295,0.01191993425902903,0.06387707664041528
S0079,Seca,278.51607617063917,161.24617358433264,0.0028669697145412244,0.047555837730315194,0.0046393734164803975,0.013659367064117125,0.00918347331730932,0.023593052166088136,0.03032003958581916,0.017043512124219472,0.014352027863714365,0.02709782021892012,0.009334363998197502,0.006312044083976859,0.015588581211565302,0.006051578438388499,0.03436000126438122,0.022819665520747687,0.025320220446853236,0.007749634370969381,0.020174229323160188,0.01833725884961982,0.012327621137022102,0.00814003424640537,0.005303241906160947,0.07252419916373153,0.009600369195159173,0.015306396797290428,0.055539940837278166,0.023392403561933645,0.02193713531055975,0.004234970148870368,0.011293804944904062,0.0046251629400629055,0.008712736039364547,0.10570245494639703,0.008430874053871459,0.019534530214068625,0.004598337123393341,0.007853038180344805,0.10807790051392334,0.014424421292677791,0.005645330031435318,0.025546468945761232,0.04879280238268145,0.016561422598094885,0.025535352779223384
S0080,Seca,391.9491045532067,77.72078204171123,0.0013791719861212398,0.024854208398860867,0.003664845558266417,0.04571560254158144,0.02823957935164833,0.02211045598204734,0.015317804275106801,0.027183164348069222,0.014090429956561696,0.030919844881509454,0.01636473554850768,0.023159868660715368,0.005958671507126512,0.012233586104542213,0.014407240504484848,0.07720917959695991,0.02684100028832553,0.021582492585085124,0.017732637343644254,0.021529807620598352,0.03569713195512828,0.014565795013010198,0.014701026188873445,0.009505040770266779,0.020295669110798054,0.0026732600202765996,0.018883384081031067,0.011839444468503935,0.020468446460257597,0.04572500675203677,0.037330793018786945,0.04799318060613662,0.035148834488688115,0.03304520390463432,0.006164594773546229,0.0011295294074994955,0.033339579682614015,0.007801528424883519,0.0585713270394801,0.0036213165964498785,0.034717840602033756,0.022581560081270175,0.0041356470743346835,0.023319766326595864,0.006250766113101163
S0081,Seca,332.15677016369375,437.15718264540374,0.0015642953341311464,0.025071368208754215,0.003973803604610672,0.021085601578603116,0.010301556355529751,0.01153594603077746,0.005282177786995698,0.015111355268445736,0.01650972606980448,0.008456421362828566,0.03842892811208778,0.005255181612497743,0.03945659835384946,0.015512408597695898,0.03102414435923755,0.024821387203420947,0.023382573297758835,0.01688831321030986,0.0070520768585351735,0.019397887188290972,0.008472241802269671,0.0010207968445889294,0.044807311776087606,0.012837028870191954,0.014499488812825657,0.0891247799412621,0.05748118181493682,0.005894844712945131,0.010063113755503126,0.01178269827830615,0.008470224688610703,0.04332445614667526,0.00276839924731768,0.04565722073810115,0.03701287631597066,0.04433070127463265,0.008294750662938239,0.0071539712262028475,0.05184240880518008,0.0488278103285934,0.04742788131972435,0.0025790105508006,0.03182060573193904,0.008565429128861572,0.015829016831369794
S0082,Controle,203.19343072003525,141.62346662505703,0.018837480856597172,0.020644987509893884,0.015657680889170834,0.03130984990803094,0.017409933921595105,0.00444872860987251,0.04595176270864292,0.006593435997920324,0.03118933066346238,0.023317733399574787,0.02198120861491864,0.010202248213230711,0.006294774439085387,0.015520872979211276,0.004336548489139272,0.04311039079496042,0.008219670418059091,0.04911883124625473,0.03187946326603712,0.03846621133115868,0.023475912974619075,0.014852742723263104,0.011532681539320737,0.018917973894224734,0.003443164895467644,0.021084211077598936,0.026568430294886952,0.05169699455042963,0.016860155065063002,0.024001229332244675,0.06574349428466796,0.012420631664100875,0.013661353395983853,0.00582781436370854,0.003767993967044466,0.017930533711949845,0.006316708314259151,0.05106383092453889,0.019810470138464233,0.0035815723650582695,0.025237851164585243,0.03338486693693739,0.06463543322198796,0.012545130804693893,0.00714767413808488
S0083,Seca,407.0101923330173,280.7446972071923,0.008313098323393154,0.003016921724088323,0.011435650650760843,0.0671343911849919,0.019656168824125006,0.011251841028550504,0.014940679490557223,0.03688426092549005,0.005726151143670123,0.01864268445441861,0.01100988705793877,0.02243884080062247,0.0229105253422129,0.012980201618451141,0.010064677631948718,0.05381312142067594,0.043035945573625764,0.05547569182363625,0.019951358766922733,0.01412397835592092,0.01411862542969703,0.019395440157686558,0.014678967285536476,0.020739300097433695,0.051170622410331414,0.026638592754872285,0.008090349529793041,0.014599559369500676,0.01686733699592,0.01955789970007924,0.024716728096269475,0.009290542816049522,0.017882223176135033,0.03667333638978829,0.033162105130860445,0.040999353923082564,0.02323802352154167,0.04093097975901667,0.02098605219235455,0.004643228400520763,0.004573273457701878,0.01839970967562843,0.03981246876486574,0.00930104233697196,0.006728162486361392
S0084,Controle,83.48645995385195,395.987212570687,0.04526133996461601,0.01795562615427865,0.041651384063311925,0.007307720939189823,0.019503041437653086,0.0160505184796489,0.0634033824645626,0.002704239455267484,0.029976277036992738,0.029981970993560442,0.06281284136653058,0.04208665678278912,0.03902002909451193,0.007172810471539713,0.013755714162751658,0.001254972395389436,0.03781289525339439,0.03727599864715465,0.008641414940890206,0.03432861101052599,0.03046923179517478,0.0028380320381727157,0.033416048540813904,0.0014777447379110322,0.004338717832564231,0.03999137310671943,0.01449774746923503,0.01726901981122278,0.025658276815040456,0.008982997499591562,0.017102485912953092,0.041744880139759015,0.025072415140272152,0.006889698188413744,0.02034743531314899,0.005569144663036242,0.024107122457448702,0.023736789335020325,0.004513420432391431,0.005199524303541855,0.013576580130985755,0.01143756273861089,0.005735029292735132,0.02375874514919591,0.0343125320414815
S0085,Controle,11.35603656693024,391.91205468785677,0.03434914682454358,0.019496642410110124,0.05489174293844521,0.0011806449943709654,0.015453251741069818,0.01601242888236545,0.0956111172327899,0.009148116200027439,0.02711818704791429,0.05670396628288364,0.008756825487874393,0.010569379412030627,0.04351935183060273,0.013133848392885368,0.029594204939522306,0.033597485390155835,0.010311397988715127,0.0037705592735601057,0.0028562326695084576,0.004635784093697838,0.017843715133117125,0.018719873770382003,0.012025192246977217,0.03649240822806461,0.003710924389348837,0.020905430560954896,0.005762669594037514,0.014894550423100712,0.026339847687400268,0.015357515670210318,0.01798902594698277,0.0030097265142484566,0.03127034581373967,0.014295357040675827,0.00875674246856852,0.05210726782777462,0.013503625715765058,0.0419787600620596,0.005763761433507068,0.0400722142094286,0.04976600314840501,0.01583302857351411,0.019562711426333743,0.0027884645980892483,0.02054052348424107
S0086,Controle,45.023930387820876,219.19312929209644,0.022374449777729278,0.0035513102666045173,0.010476141468371888,0.008166971959719032,0.029176509700190655,0.0022140466793423032,0.006279725516625052,0.004128139667762679,0.009941006250299441,0.008033628129516359,0.02182234737440536,0.0064392804795798736,0.028658386136198193,0.023562236233759686,0.03496529716500234,0.003995612386712678,0.0788171689106835,0.0345649054612062,0.003258962544647837,0.04924312238230867,0.10350072771060662,0.003785734203088107,0.009022106142129041,0.048420899015670434,0.055597305265921555,0.006290775968676155,0.029626648390330104,0.013687381688338631,0.010128613375936766,0.02685456743666578,0.0062480525875852665,0.006890666090103311,0.02665426857646506,0.010895885381147408,0.031185842287852285,0.03824733238524549,0.02271366935785535,0.00924909741288508,0.011623170829605607,0.02155921127936763,0.008698793027918823,0.006569300283218688,0.034306167442850685,0.04923478222406424,0.01933975314580639
S0087,Controle,361.17967529822516,238.12865429336284,0.05310355751612207,0.00857035862808019,0.01591194993043749,0.0071573999694361625,0.025883550270975778,0.0874281959456898,0.009292741225673144,0.02062362449566576,0.012942376247179435,0.01740089882662254,0.012509023643299975,0.02733837401445542,0.027605929491641354,0.016512370373292284,0.01852294050704367,0.012608440299395523,0.013028886170504003,0.009854932052584283,0.008062399861138754,0.013720460739705346,0.0030851894380958707,0.016157543277450698,0.028650692589072185,0.02529502091916782,0.014468540795068253,0.009991596457666927,0.018420340120255087,0.028919210616298936,0.018785773747727823,0.03628800210332472,0.01147625570366111,0.03453276089106043,0.011876114833664861,0.007559465207012828,0.03330520399939946,0.006679260751444708,0.01837977392532092,0.03718583595677185,0.014270628776181918,0.018568152016630094,0.03535731726603123,0.06441869687864267,0.027483935203569083,0.016724716442502008,0.044041561875035745
S0088,Controle,230.9386151256937,497.3508744675124,0.01301155209922691,0.002413725718423575,0.04933208714313102,0.0023924633855284456,0.02619973292435912,0.04029136943649682,0.020085467660125714,0.01520927209956229,0.01669842029268081,0.024467014281273767,0.01885138347869349,0.004779205805384165,0.0517381546599806,0.05581065056710119,0.00589459602938324,0.013394588661776221,0.010692883494002766,0.008642134795725412,0.03749155498107369,0.013315170930175653,0.009939354002368792,0.028375812168614272,0.02116313905503824,0.0017617325428455886,0.010111495257679745,0.009582628422075192,0.08595596371661914,0.02945674709512642,0.014773167979463795,0.040061967747567755,0.03565249779253842,0.003427714519406197,0.024323979387405232,0.01401651428608045,0.015364113143269112,0.03344448580382542,0.001596528448965674,0.008758064600289097,0.0242101680396322,0.050022442130501554,0.010642834825128927,0.003171759840515052,0.047619083042951704,0.013029278390872326,0.03282709931711472
S0089,Controle,80.6358895168009,337.298738489512,0.02793847350924599,0.012141145904694017,0.02390230848770842,0.004281337752388929,0.02673067129351783,0.031544354880775775,0.021245929041052457,0.01802442038220585,0.010962380197619262,0.03667317199237346,0.015897254449454043,0.039020612485857975,0.037151112239839454,0.00881891016405142,0.0018097510463430915,0.009419296687482183,0.023696647112892245,0.008337243760080748,0.015956856195386008,0.012354628464677749,0.024595578025784864,0.0038009870591155714,0.02331619508693405,0.033537719755789216,0.0335023132074405,0.06433431014590883,0.001778005645114302,0.013420078735335267,0.030002565361930748,0.007962296134081654,0.012007071694026828,0.011691049098911601,0.01940126743101356,0.042134227692237576,0.00592697366489538,0.017874191795587968,0.0642867017772952,0.010408304180695651,0.009691642420201017,0.011490143362863588,0.013297579938147916,0.06441315366714952,0.05462236861451818,0.026539031469235565,0.014059737988138537
S0090,Controle,250.52238755168176,407.31922155894136,0.02226187910638727,0.020258794806343263,0.029242649438457603,0.014185577391483956,0.021316205304365222,0.013992601096091633,0.012893921630781678,0.04438410678891255,0.017211508883600634,0.0108879735894486,0.01061864212378641,0.051589255981855514,0.017430344187875355,0.012277288436230946,0.006267839300110331,0.009150662570546683,0.046731711789015716,0.006929420975631751,0.015523760587826703,0.019080122101869306,0.025275855660768506,0.016418811463527843,0.026703770582272638,0.03219021685702101,0.015822627634930368,0.029562407015722304,0.0639062551511263,0.04793900499610127,0.031121637766362995,0.006014371314772431,0.01699139624687349,0.0033481926932810236,0.015010066507166483,0.018310897861642812,0.05124157937447023,0.01279339913611854,0.017148730844950878,0.0056614656292664585,0.016612649904217337,0.026651440666678575,0.03831212813627998,0.017672565492247803,0.010098137023025798,0.040506290544662135,0.012451835405891593
S0091,Controle,76.15605135658421,451.27698460961597,0.054120877698117305,0.014810055543323241,0.06982981115508675,0.05204856463712333,0.006851490252095549,0.037540483986111636,0.0036070778459770386,0.027071584142968775,0.0037749683929666085,0.018193320811937218,0.007896598507953321,0.0328741617945666,0.01347747197042383,0.014326171567763566,0.002543760031062125,0.01766815233745421,0.005865242050443136,0.032461640337259914,0.06685762155034383,0.01454289329047847,0.015939675577936276,0.04214196374560952,0.015858732595448413,0.04056831286159669,0.0036965462641426732,0.06883470063592516,0.008348322127358363,0.010545427852669643,0.006618588337891729,0.0014303628287528076,0.04997169428690325,0.03189939119610136,0.00796876333703918,0.01978670319799503,0.04447270079535116,0.04355317424536599,0.013955293661106254,0.014074154337054575,0.0011661478122555072,0.00841298462473924,0.00762522504033557,0.002986087786601581,0.00586961255781883,0.024668001477363144,0.013245484913181517
S0092,Controle,348.160187538868,393.7949181146696,0.033554174672579005,0.011911193144534569,0.036026907699560705,0.01347870201733701,0.013120274350263701,0.01281215518974764,0.007240430119340907,0.009808166880711242,0.018773329424098185,0.04002181535210408,0.012044629146124223,0.013563003721033485,0.035581866077539326,0.005313540684051167,0.022227192248558528,0.0644855113334777,0.007600822303994585,0.008397239390036178,0.02183618297952668,0.01973950212926173,0.0319918693261788,0.030559005820360183,0.020311929752645754,0.0053311270662364735,0.0037567283891580053,0.06925318093615704,0.005273367389270828,0.01419656383582925,0.025195466012646096,0.007881739169784229,0.010763105253759502,0.053177063930234525,0.049597127826048804,0.051839617625597925,0.0241596411155228,0.009135474676397002,0.006755458752721258,0.022673680829019754,0.02165441771966112,0.007914752602104903,0.008906243326658967,0.04677928573332901,0.007469489938897783,0.025153266823252578,0.03273375728464682
S0093,Seca,223.07813778701535,92.58967247678379,0.005123223984216892,0.01787003952549323,0.011576706855456908,0.01027084285083176,0.023051333643542078,0.0029947042638740033,0.04867075490945197,0.04573538712482784,0.011002159962511889,0.030626825272188102,0.020118942038403285,0.01228477715163663,0.0029247240128461712,0.015249942143660962,0.025755837027589355,0.03729569081411005,0.017888178644303705,0.01998114160240787,0.03239074701104504,0.021392070911631932,0.0019415904692585118,0.023180953737775966,0.027060660632618968,0.04603120161876438,0.017863956157353714,0.013333180314046065,0.014751077262990752,0.05053248635549144,0.016830383317019606,0.036516672116004976,0.00525908992328954,0.039243614800719334,0.03546101577457542,0.03439220046881753,0.025521754619179746,0.00966504560132682,0.022661464553114186,0.0237674714111764,0.004690466857492381,0.024722491186538312,0.021769938587256107,0.014601069293209024,0.057471295276294486,0.012896205439075143,0.00763068447658163
S0094,Seca,190.51061304824123,281.0853668687861,0.007444103580015056,0.03314128304916053,0.0013876505281470988,0.015525578995073286,0.015586258969429737,0.002260077008594106,0.022480759892910224,0.045735416440606635,0.007700022006739362,0.055529396021097376,0.013982402003626042,0.009882572729295564,0.012262524720421615,0.06292128940113177,0.010941707595058992,0.02108252869412205,0.011897976186448616,0.027496808303939232,0.016606480013208597,0.07364039963936007,0.03020523560022389,0.038896636505155034,0.012723756840176657,0.02807382489781903,0.008889853027721125,0.03200603640550149,0.004634083919323571,0.007430321691627364,0.00589640992028222,0.019574008042268165,0.06841497386931236,0.031863945996360235,0.001413069209247882,0.025342277861638264,0.005671183251586376,0.11641737080553353,0.003908304820630736,0.0019693680617177407,0.04776306158880793,0.008186757527634633,0.004951711332341132,0.004998408165564454,0.004827906255198137,0.013618915905599402,0.004817342720342694
S0095,Controle,150.75604457393825,50.947078657272435,0.013767194086935842,0.011637490281618033,0.0075715936516324465,0.02167541801404318,0.018473938318717395,0.055433039194687665,0.016391885464066988,0.005901217587964121,0.017158920622623926,0.020359706604965565,0.017739745312189078,0.007996270031037516,0.008739409169580943,0.09477460677058788,0.015737651562981486,0.009068789977758526,0.04542614872666938,0.028600007911568113,0.0148006516215027,0.020785985563254814,0.01709417835120879,0.012312863577078786,0.030774472795225195,0.010999930462536103,0.0029044705045928026,0.024900859765988125,0.0036175462951940148,0.004653588931054771,0.008427996836066263,0.007652307273258001,0.03430858057666933,0.0303528799720506,0.06224187590359129,0.0031699770360574587,0.022384962977835775,0.01644628953551578,0.016426725922428668,0.03271573388899002,0.041156365476096524,0.02360390319415776,0.01677779453187015,0.05864795970021629,0.035058365291153144,0.018492758581899627,0.012837942144879072
S0096,Controle,315.14129655944424,326.4610632819992,0.036019196499311554,0.020193977005290947,0.010684168186447176,0.01623561750643035,0.0106655974909645,0.01781393638199927,0.0026380323823277565,0.015703930291929687,0.010649494686023218,0.02292712039905352,0.0058011497343157074,0.016624232006071847,0.021177387431810708,0.029468290304348447,0.009661536079850883,0.01816077045639864,0.008285689328242607,0.023346918175547116,0.06196654484163791,0.043979359986969536,0.06237507293680367,0.00907430849570669,0.010205054271418863,0.02572867020366229,0.05442364326079691,0.04529476283079918,0.018394954388803997,0.014635308969920933,0.00904466195902897,0.007770933893138098,0.017796327208685788,0.01892961752451034,0.008560348449057929,0.029324218466142315,0.020188531642890917,0.005646681906265064,0.011031444812822346,0.007099996132558932,0.009821770811850938,0.010460058488862316,0.028982265534758425,0.00731715322087728,0.06387492503851233,0.0350396826153196,0.06697665776183458
S0097,Controle,180.9063052766952,477.6747140939055,0.029801910788446028,0.0045402623480748335,0.014832397890133587,0.007120334438645326,0.13539514219010976,0.03343470235683721,0.010903026590406156,0.0169421554811518,0.02436169569807859,0.02771160561170406,0.01976668262481958,0.050092174052447466,0.013710506214307992,0.006195660965858604,0.010494120732967852,0.00785798994431422,0.025551907037092113,0.011543567174585559,0.0016058078301668004,0.002857060204369345,0.01661831736453957,0.006326153711055637,0.024844533427946965,0.013979904193305094,0.04069665534184369,0.0018514563464058732,0.009477421098576952,0.006457606705295403,0.10887802695922043,0.011655018537778112,0.006208554639540295,0.015159872737740126,0.007088875421831888,0.028056950280686773,0.024974679008807826,0.007700111754048191,0.017585506953135925,0.015698210339204433,0.03350172186265698,0.014525933443690128,0.007391723289310539,0.0039454344772902415,0.045752683478431894,0.020304556275532445,0.05660138217760779
S0098,Seca,43.8249596580505,256.3660321500557,0.0004230705304272514,0.02330293102422546,0.0052886145823351615,0.009615234927632492,0.007485548766633463,0.02963593965326975,0.05528673202844604,0.014743307447040516,0.050194664232633676,0.013540423298327666,0.02974084054975734,0.028134217377882072,0.01456072755962107,0.00788686793185291,0.010391474011824315,0.05661690691521892,0.02584193041905696,0.055131370617061935,0.03608411679156989,0.014195368999417904,0.007060870586115759,0.026783402302723622,0.0006787761366891916,0.024931013365078393,0.02044351588086923,0.027637285510265674,0.018124328093334162,0.017893543582985533,0.013920357977465277,0.004900847563602525,0.020695191127162532,0.012073772072942562,0.010031927462890606,0.004488157067984043,0.059051373497476564,0.020434019940815718,0.0038224784601569623,0.01713470651291456,0.03335147749148295,0.017025295819596626,0.017173285825532122,0.009876212649520471,0.03961940672820886,0.03606205079499757,0.04868641588495378
S0099,Controle,59.00295106025766,216.4862464338836,0.009164565091055895,0.01299500076953487,0.020988361897588712,0.0208045088510556,0.015226000524174584,0.019201499819498768,0.034264687298408536,0.01588155732582816,0.01784948979696916,0.0064740144663418655,0.008379065373734385,0.022328815576451135,0.02279791410866603,0.03722041782124959,0.03986890040364983,0.02181354075759554,0.0059875824962201864,0.028247104240898515,0.009840310406154868,0.03050980391081574,0.01687839055231389,0.022457339784323634,0.025447288243103175,0.005195496059729187,0.016164298440197195,0.023689139512703097,0.027504826326171926,0.04706356910631539,0.021390937308735574,0.007692019012319458,0.01733545243050057,0.0026101545729056903,0.027387990251626432,0.028218428411410354,0.011517454191159317,0.001131259232374806,0.06284309545928449,0.04496308218395316,0.028708524202597025,0.06576863104977698,0.008048038858530246,0.01950608879883802,0.019358630178071014,0.023387715453219955,0.025889009443947415
S0100,Seca,480.94883227475725,17.921375709081588,7.807333923150128e-05,0.018522561101443034,0.0022099567802785674,0.07300259035778398,0.019896033545517878,0.013293356038763674,0.04285558254715071,0.011900031253219118,0.015740060562322924,0.01393856970534312,0.01816399798141919,0.01700663451332228,0.032877915570714546,0.020752755384402008,0.0060948528646472796,0.03694684348259268,0.020812760031747528,0.011546771574602398,0.00862732494601944,0.02633972874448852,0.011639814591666877,0.0028670169067446373,0.028020301539697267,0.018823656517635113,0.020022564203713424,0.025756704781853275,0.022050274733383595,0.031454332254239784,0.0376144267110916,0.02201620670953661,0.03043026823871157,0.005529423700008123,0.009619150380122288,0.032841824185818234,0.019512072263335834,0.016714116821688343,0.016692202835988008,0.049032063043755,0.0527107420532648,0.04011129939044239,0.030544043332601425,0.027092534297047024,0.023844576605571474,0.004659514863983848,0.009794468713089017
S0101,Seca,454.2903453538035,479.88726116461015,0.01115483221183167,0.043729826288839556,0.008212718102738317,0.011298403042522494,0.02061872287594182,0.015398581817349245,0.05134042316938069,0.014832694392612256,0.007750490035941082,0.038410614428284,0.027884384142323828,0.060372427259216974,0.009727153288900439,0.015972547771707066,0.011729916643283362,0.04133160835993727,0.00299161586918831,0.03641484802046241,0.004586567548856072,0.026931706142776086,0.005323556903662148,0.02173176819081455,0.0051637012925077296,0.036417163883466476,0.04700125882892249,0.02045530478723579,0.021336875116794718,0.02180449503587103,0.027299118835837133,0.03875466879058812,0.008362535520368022,0.016294294234418836,0.01128472569370762,0.05249718699158164,0.011142091812959633,0.06642809150288592,0.013790497973497429,0.0196724588826674,0.008206752091183276,0.003562486354633359,0.04504858739373353,0.015818142079034182,0.007247914471592426,0.007867971530612151,0.006798270389331441
S0102,Seca,349.8535669053748,51.50134206507939,0.0065818570454021525,0.015910207122801803,0.0022570588231609246,0.027427321906416044,0.018946515610069825,0.10876271803907221,0.018443887777901947,0.026696596977074372,0.03475148808513021,0.012877639772438212,0.030922813640786938,0.0068449382032461144,0.014750500779508789,0.022703587115694444,0.022683200059505346,0.012863209471382359,0.007278837739079243,0.014235549560837234,0.045005723792069734,0.03019471974308989,0.02558641963571958,0.010632482143206645,0.02939048280496919,0.0031924123778514016,0.015499283702963164,0.022512579048259044,0.026894835367055395,0.019543787507789664,0.008735425738546397,0.016510109730753127,0.11623866532180396,0.015210288203845927,0.012272315192073136,0.011322060378976151,0.005364539157839844,0.013754182733221855,0.004720718983637097,0.014226033929144595,0.022591241139707452,0.036493716246943,0.01638659625688095,0.023554680533426606,0.026131725107624793,0.005868017480867876,0.017229030012225206
S0103,Controle,132.9349807297598,20.539546652423468,0.019239349108523842,0.009065557278762532,0.013970423747841677,0.007957003466344625,0.015788190687347808,0.051551881897266894,0.030911434588526375,0.040979967490884416,0.03228747787124524,0.00597933336658143,0.020523069796041564,0.042510576424552686,0.017956693047455438,0.008633801104119546,0.008530209589558043,0.07362305621102692,0.009391741349125704,0.0409847661528319,0.050161900199107226,0.01795651980070189,0.1114996420291557,0.01040845314396742,0.011480241022033412,0.02076969293621278,0.003726916627904458,0.020823551608083083,0.01329905471912119,0.02317599103848403,0.02025521749402121,0.0034160040792563426,0.04158307476965399,0.011720860494444147,0.01930041574487701,0.006260819490476797,0.015270473381634234,0.006137597332740499,0.0076157827491788585,0.0031742058283982686,0.019354234266749645,0.02631568272146259,0.017124446271124544,0.0399554531545567,0.0072009546648250395,0.009131141562999061,0.012997139690793195
S0104,Seca,484.58818867386196,123.03330575246923,0.0020370575606564636,0.08166467620393698,0.0016036197413639157,0.035787261711379005,0.030458079251233512,0.006753375596985382,0.00863949757015845,0.0015780733847295708,0.03327628314918323,0.04934156051236036,0.0015113461916297758,0.008046603613312844,0.01931037471254296,0.002891346125533661,0.014623707866994844,0.01243796721973683,0.0016341232516630408,0.004942147917870587,0.028885157327643088,0.018512972055356652,0.017949021465333063,0.024618534405756856,0.018215157008396012,0.006721662848981516,0.03649463685031236,0.040976842463732614,0.011269312144369627,0.0699275777909335,0.048594496478083164,0.0070448666177483155,0.03968299527988564,0.008089067959403447,0.023652363488177782,0.019804435552160524,0.014319924657294493,0.023327849822991062,0.018971793717258125,0.02919088570892689,0.051249642157667405,0.0496360902217448,0.03271768370084416,0.006381625612858324,0.020126879948696143,0.006345980019368892,0.01075544311480401
S0105,Seca,389.3754519828973,32.765216959191214,0.011512101873775694,0.013871450119554301,0.005906668898072319,0.09399834039069578,0.013337402482656972,0.02065403644158538,0.04200022602075368,0.041101553873628356,0.04308535522545476,0.03694768756211008,0.017634202979455428,0.0022705070698579902,0.05963926893705121,0.03513621762769518,0.012955101961588484,0.021145479095549428,0.03376721694237843,0.03771150288920311,0.041473424716624525,0.025627837902970102,0.007900658995748449,0.012683074934788069,0.011173059000785822,0.0065177514278223,0.03764264091772954,0.011952833015368624,0.01721929068631806,0.013347276138699219,0.03610163603425197,0.033782587903889896,0.024994430452239806,0.003435564248612948,0.0012513250438179915,0.014037554254954378,0.0011891643423598021,0.05069859864283203,0.018367626264167002,0.010746627630384987,0.016073534266190355,0.002727974142730227,0.006880320529228997,0.007340038688586272,0.008659333263277731,0.013209444301481119,0.022292071863073276
S0106,Seca,358.4450945794978,227.55892120588118,0.0008991741244146355,0.017045875258452758,0.0020989112134724326,0.021019348795955704,0.04426432037207705,0.02304453734010446,0.043531318722890774,0.02479441578852558,0.012521837289494556,0.0034720068003441843,0.020314983500707855,0.04161739843535156,0.021580070576742456,0.03677503485582298,0.036682469464570794,0.04021656796376296,0.042062571999451744,0.02517663956644294,0.014535898372660717,0.00955763342835586,0.021246066946877817,0.0241854074480717,0.023085403232477198,0.038169019351385405,0.05903408957590949,0.04145639475979887,0.01696842307769921,0.001472905365737591,0.014782923566603936,0.02626482794389143,0.002665302760621103,0.03206632361844979,0.006152134372896888,0.013047142011587949,0.02822236427332832,0.039256902735916005,0.003860016584097884,0.009416446064697936,0.023875727715175717,0.0153960818135908,0.012412907258619961,0.018940475331208254,0.015397608564199732,0.0031838227484501584,0.028230269009104823
S0107,Controle,224.68075107189435,258.0439006285562,0.05804650892528575,0.030799338767983648,0.0435507808538491,0.013673351595006928,0.009809934321336276,0.0036861947636821287,0.008443985070402137,0.010866617309127868,0.05738718136425898,0.016806162065136496,0.01735043662765342,0.0030975121103614337,0.011392221730825313,0.023961129908767136,0.008551083876074303,0.008694003010610506,0.020948128726376577,0.02192180711429791,0.03437401382653847,0.03150690439847395,0.016539202932881365,0.0044904249860213945,0.01282578435198413,0.01093677223795394,0.04052016697045921,0.009759006805949497,0.019771668731007427,0.06886862614617353,0.030053215797760588,0.043252912945139006,0.00722484390121018,0.04051815495594851,0.016843663369020972,0.04772906468495968,0.01072404781432836,0.016648891172511865,0.028084725577752902,0.0007244002781276647,0.018415754617558518,0.03389965717415128,0.02107204545370655,0.00809750681816305,0.030425065528474717,0.022924805644124222,0.00478229473858314
S0108,Controle,136.1207809225795,156.28497451429197,0.015919824595300947,0.001181653549303307,0.0417061280959669,0.007796726294492359,0.015072811278633856,0.003227399233909649,0.04928236232341562,0.0063634896826449934,0.04683490739158331,0.008298772225749373,0.02925572797114755,0.023327972176651394,0.019467220298118048,0.02834853346112951,0.010633586252289355,0.021542494350022603,0.03003367303249257,0.05064416153938642,0.025692156730605223,0.02855210642320294,0.012142872474161882,0.029045762256932152,0.05849571572484274,0.023652817947925522,0.024819048942828704,0.00441855955506315,0.02852352687207736,0.011953123573178391,0.026741528190746003,0.012757003231680605,0.0020221233556192504,0.025646250714000035,0.01067506842801073,0.0029238282838939815,0.016277862554787352,0.0960352846692647,0.005066205623233581,0.009893224202677834,0.02153861113715064,0.012042050718526808,0.029115899683342505,0.010615529928414044,0.016040029365662924,0.014880582054377745,0.031495783605555404
S0109,Controle,48.195481076749644,25.48024128744303,0.033621420127322735,0.004640115099310333,0.03456198951844444,0.017009151123956096,0.07430746457800924,0.009687040543052387,0.013110117596817896,0.0022588877486342824,0.016164572018758913,0.024450661481544043,0.07284653888909265,0.022449526624396674,0.009949107249141229,0.011510894479071804,0.013221056284137929,0.024252777064359556,0.023310212948136906,0.0501933800137749,0.0043793663721065,0.03132348837398517,0.010921734272008156,0.012730233653729306,0.011475286737376637,0.0145660724110018,0.006919702548126221,0.023664078712566206,0.009354424964927052,0.010173600277743309,0.0010373514812299525,0.03192543628982211,0.015983111832240982,0.03878481048853087,0.004314203959110503,0.011243452648560788,0.010664937614653121,0.0044539337139667705,0.05807535352253609,0.0294511412578825,0.013646557657454027,0.015685061352034166,0.01655381518620351,0.009402342537516387,0.008480910280987112,0.11334912668297023,0.023895551782768407
S0110,Seca,451.30119827192084,55.80018412461335,0.01424476672875567,0.0018541211923416663,0.008205989244241062,0.010042504914182923,0.013316628700015586,0.010827375815534387,0.04770835517482571,0.03144084169968855,0.011780985739491288,0.015391140747223716,0.013992397820709577,0.001228372227299564,0.010899737117450027,0.016895662552100493,0.004399658831677132,0.011010402903920075,0.014292034449502038,0.032882863127453386,0.010931780502506396,0.03517391947995886,0.007206001629655063,0.023261274530603563,0.015267853078214655,0.0029525130587348225,0.0185873927626352,0.04815955682470982,0.004577464963294932,0.046099387086272356,0.0301939162942631,0.02506670072610737,0.013938087419762183,0.0036129484114854247,0.007535234009075094,0.010637317971081198,0.022611417298411998,0.028999649616733434,0.029842705686014992,0.0442514913551348,0.0814772431044586,0.03148236756934581,0.05308722410131558,0.03565903019230307,0.05579174072873226,0.009729284640878487,0.03345265797189792
S0111,Controle,227.88814491680554,192.25218899496406,0.035240363328848216,0.003522261578483132,0.03729226215145134,0.011441176903909361,0.013755251601134012,0.08808672709080394,0.007739626349885382,0.09824215732769484,0.023636518568582284,0.011500990777007745,0.026672119367632377,0.017169337080074454,0.020706702589086568,0.017336661388135558,0.011576536599555124,0.027888139601532805,0.015129485663442561,0.043628854125386786,0.027954952083549627,0.001797382329889135,0.0184481074357632,0.005732919462426598,0.029912816848536552,0.004377033570238044,0.01947591410266034,0.005408408681773197,0.0034205304525713,0.032651586523349846,0.020474307545691267,0.003401037671842754,0.06037134308820582,0.01129495246881768,0.010729999805950787,0.019519293870844983,0.017398921552655613,0.016434598006020415,0.0071788162965704585,0.0382322115178709,0.032195348851560966,0.011332670105497404,0.01611724367507501,0.000827369905056085,0.026236867336543793,0.0349057670077158,0.013604427710675868
S0112,Controle,101.18168239761516,30.264225413268065,0.016858791562879324,0.004711519412738381,0.01625750763894097,0.010512510972713683,0.002547211844494912,0.016922194339837344,0.06142714896622777,0.024847312900894855,0.023695242921169795,0.01790097267915128,0.01384250950123101,0.007429325215619359,0.004444813859785041,0.005438481328589421,0.013355173004258274,0.019647628598419602,0.02180941730111157,0.04851177070144156,0.017752938462286615,0.03369262188402049,0.013136127872174613,0.03959875588113391,0.08315010300273355,0.012674150019255068,0.015624786576822518,0.0178950221967829,0.022422919824821703,0.018991501682363552,0.05354813199372317,0.024588389853146386,0.035869124279481364,0.02162851757107768,0.020922068373344545,0.012062037015290123,0.04225063309791648,0.0036284394395974806,0.007456156168348848,0.028866594651352388,0.05757694750905695,0.027112058154611453,0.004663628853369806,0.00450667550823012,0.00545689720340187,0.02302001353421116,0.021745226641941343
S0113,Controle,152.97831207532624,349.09486280495673,0.03420205528038756,0.0249675607645308,0.018956798103593336,0.017274987087755496,0.022615012883630027,0.008978281537949639,0.00865244633474154,0.05352624778307486,0.010221574031314427,0.01595170889228326,0.009129280567385763,0.01273570874881727,0.010448118506977647,0.019394536436146335,0.010077229806688025,0.015594916144156527,0.028232361734843194,0.007181799188276771,0.00973270378396864,0.03083155187144064,0.011516334404285494,0.006246784630403803,0.018799909278931704,0.010774320262151428,0.0012914225251711249,0.008663541649676804,0.01820160266330813,0.003608344405899639,0.08608679115495116,0.06707745316820664,0.004119483752663116,0.03699291738482388,0.016855136692030166,0.018004515724806124,0.012115912580098991,0.030957675520822073,0.10817039322065956,0.010661504379814968,0.01564785586636112,0.0025176834946522295,0.07078317820746069,0.008957965836557521,0.016550991820806504,0.03877433160481195,0.007919070282683321
S0114,Controle,289.609784470948,103.51027076240598,0.020507933072734907,0.0044048829550730716,0.03366813294705646,0.02580097806653521,0.026648756004690324,0.03632869707922429,0.026271723548844793,0.00574300233772363,0.0035910558993885963,0.004982336010652356,0.02388603246193726,0.017868189794525206,0.00756083450288601,0.013841179571557328,0.006005881778445089,0.019151276798882514,0.039697808307022235,0.0528934983804019,0.010784675381087558,0.025339865759534303,0.08515298804420615,0.02060363847166748,0.011440850336343612,0.007901971303612572,0.023492272519042522,0.009605511037245343,0.02644086016728066,0.031666999002588944,0.013237539911189,0.020748857406200066,0.007649408637456069,0.019386205738778754,0.01374707698797175,0.0641922693125744,0.0015441656535876388,0.03541112706718798,0.029221084251087857,0.022867834915174995,0.009084811181875695,0.055015238382816335,0.008669480138839758,0.013457060758530119,0.04511575232781397,0.016394572131519982,0.002975683657205319
S0115,Controle,88.38639146961586,151.03578439181925,0.10185153685737368,0.004886497510662227,0.036428044132289,0.009884374253976307,0.10591356146600257,0.005555721005345855,0.022023285378470953,0.01664147884155735,0.012524871867161322,0.016509737184206345,0.016214477073989614,0.003539192666432272,0.015391620133425777,0.011487037663019799,0.017850260490180396,0.009738898972034548,0.025785142595321536,0.015547403097965633,0.010110880324450738,0.013560258713744696,0.022455214990970557,0.025051343588734107,0.04481737806271815,0.020878812095872456,0.01282458034570702,0.005830942287632842,0.019261428241195012,0.003530781905006792,0.037384647611447636,0.01816889271338756,0.02195772149546919,0.003750011967299791,0.014972989538204173,0.019937161624535123,0.004983185630031497,0.006691655878469034,0.01068687213263612,0.0016881873490214622,0.01552168989069013,0.021482324609129022,0.016857708959216452,0.022624899394876906,0.05313709774441188,0.09760676330885897,0.006453428406867344
S0116,Seca,428.3071420461878,197.06288858904875,0.0311473655253221,0.018156928253696695,0.016002100768239234,0.0491560375927118,0.01627161740720977,0.012915926431758902,0.009986302011817088,0.009739532272897618,0.016402094386733308,0.011855242040732046,0.036604060945072306,0.011543221469687294,0.00711732928792697,0.0031338492701085464,0.027720908363118708,0.009353235875660379,0.037325720723320015,0.027637925101150713,0.027721357280887867,0.02568094375383165,0.009806773778069764,0.009674558443151477,0.013904041335294869,0.024169092397908203,0.01402659828696669,0.0011467715713242635,0.03870941213054934,0.034338284751507187,0.003627610631680893,0.031155981561090357,0.014821326640926285,0.012035311599602598,0.03067801043660512,0.007124995120243078,0.011612412107376721,0.017373253855880774,0.013348161330652232,0.10942880467260477,0.0254392121687312,0.029923575537953058,0.015876035325647627,0.010574076313578595,0.05028085944290043,0.0626945575818849,0.0027585842159863153
S0117,Seca,379.259764917605,208.30481653457394,0.007765387486633004,0.02333653162771206,0.025270569774239884,0.07286119683723731,0.011322456941257573,0.030082226316643142,0.011184216860800206,0.027855722349982064,0.004841511591688968,0.01805949835597531,0.028495185424351793,0.040568454804131265,0.03724748305279761,0.05566576493186187,0.008217066709848496,0.019086220320518703,0.024175131912213446,0.021261062115800148,0.006027478513417999,0.022097639161736665,0.029466271279455888,0.03973199044748106,0.0072561868460217045,0.01360605179615534,0.005956707029888988,0.025722591882593536,0.06482646354113898,0.02937503685359468,0.014545688403682982,0.01384278526019494,0.03092711140873678,0.015036101578992012,0.020190026297444583,0.015367765492174511,0.016014150788094438,0.034886919971467985,0.006772578250492259,0.03607609583847756,0.009948014708020831,0.01374606440656816,0.024510680715426995,0.003066757642605627,0.011704895639587268,0.012256759146594031,0.009745499686261327
S0118,Controle,359.7314779754684,0.8303538374002661,0.03964880333788961,0.006441887848163616,0.01851116814911856,0.02380590360535805,0.006457414687695795,0.022222599937665913,0.04617399781952701,0.013553294727577317,0.05077370344360354,0.009378883332119949,0.019262977678051345,0.005887665470370072,0.04465643767623667,0.009205234373184195,0.011601492008813358,0.029737584307596703,0.024869864883437207,0.035811148107523505,0.04341399944693311,0.017976156903574604,0.014576902810128791,0.014774918237549508,0.04396540931933062,0.019816505234099276,0.005191787496714811,0.005978819771755119,0.02274468665549983,0.017710520915802008,0.05218292542374046,0.0401693909561834,0.023681007714807377,0.011848498070248079,0.005147284224892247,0.04452805910309411,0.014268846053506434,0.011820244426858952,0.02473897520929458,0.03156261501278897,0.015285655352395632,0.005838465083162984,0.024094400940213298,0.002759068718687172,0.03986198814587997,0.01603553339214938,0.012027273986776901
S0119,Controle,216.04651988755185,56.03518549934877,0.06859027020670057,0.011082570340026915,0.021177889681994116,0.006884381586396654,0.07362367026446932,0.008432588830891133,0.03574656113964175,0.0028540546897322713,0.03784876970193117,0.009412488840005217,0.006509144199384613,0.03527116244489864,0.0199236358790352,0.01665121687953809,0.01502278939976517,0.01586524309625378,0.0018386891820225619,0.01769030956808534,0.004670005626061395,0.026664232751962506,0.005337626015449806,0.03494962970937282,0.0065624814965082245,0.026218053409805788,0.01658318277697089,0.03262489721492276,0.06463081832890619,0.015711783107629235,0.003819301712816045,0.028049726613936607,0.027206843021197462,0.005198624213859141,0.00325395626226102,0.018934012935167437,0.04034350690940383,0.05239528884035881,0.05223391763410625,0.022067182295134196,0.024755902527432816,0.036694555290908884,0.0064505353405803515,0.004610952550605909,0.006760618794854113,0.011537724145179283,0.01730920454383569
S0120,Seca,313.6544203512216,431.38228187043904,0.009263942882522767,0.02027217193694179,0.011013777500149037,0.02516164495731209,0.01903264710868026,0.015537700177714744,0.030098835775828597,0.010925946542692314,0.021529623696910655,0.035861798599485996,0.004783283411072187,0.023684109379356603,0.00806447970535184,0.011082200317378868,0.039028328782771335,0.010121834093533105,0.035895311686724544,0.0158188623348759,0.024735219876532006,0.017771409252769772,0.05068847657407813,0.014453466227947789,0.021110681491888012,0.03025960178116381,0.03237049832134832,0.019771921973013293,0.006932248570287277,0.011770952574704282,0.04527496596307706,0.01339507824608407,0.026388884030727807,0.03380601882640358,0.020143534459012957,0.0141329177749412,0.007052273126816782,0.007559764528907681,0.05653348330434473,0.026470842655381206,0.018970057270700367,0.01816454116573295,0.0491876450606513,0.015972649940622936,0.05654500725845614,0.0029400321783956784,0.010421328676708242
S0121,Controle,292.0489844563678,0.616531255954067,0.036110853502452495,0.0024444779238573583,0.0850930786521655,0.013098040424718958,0.01964048414232348,0.02490358907910089,0.015096309169652702,0.05136256821760655,0.017946388708090226,0.010497017791326833,0.0886641623249051,0.02550090820429462,0.012166782595737806,0.055649378829033876,0.01774850423799045,0.012327275933082704,0.09109135298238645,0.020233918523183642,0.02174763551121859,0.0156961663203985,0.017161726202779903,0.001033473396590606,0.026999646600208906,0.00483787882442107,0.008529586595716242,0.01845566463032475,0.012557699364666082,0.013512673914341836,0.0350913992899225,0.005046471720551902,0.02805266607332324,0.016647968046142173,0.008472619041329376,0.006922372784489858,0.022763326702695468,0.006443976321199481,0.004709055998624677,0.04057095721588366,0.005420645390979378,0.004880858983775692,0.02337071599436472,0.02425741027027706,0.012595682790658506,0.009075279920209949,0.005571350852996375
S0122,Controle,324.92330077741,254.08367790643754,0.01130706026750612,0.011343996030106301,0.008752912806565663,0.0035156959233536575,0.038292186934761885,0.02410059567008891,0.0013016740674427277,0.011175892137524216,0.04400403544078614,0.04061752969183456,0.00744742327278457,0.027300265457434348,0.10429621736597927,0.011168525715707592,0.043464564659840464,0.026445428653340333,0.0340991056196098,0.017810616298555935,0.030922296781767576,0.03974783798192171,0.01430197288913977,0.008961131264693849,0.029802597987592144,0.005650140626949098,0.05006780094602378,0.010276540676497106,0.019899900964269135,0.03969163105283276,0.01314492471915186,0.01401756497977913,0.0023947489733927565,0.003571102704285685,0.010172182861376928,0.003361097386508601,0.037734799012247966,0.02393732203818273,0.01532568961687581,0.005491990558008681,0.015311942671057219,0.022664299699795252,0.0241024465360024,0.005070852631111193,0.046087699059775875,0.011267056397007688,0.030578702970530634
S0123,Controle,42.22216056994454,244.75100325360404,0.04508962545273976,0.017180213403738463,0.020820803725338666,0.00520041165597629,0.006393806334814313,0.02587745574943746,0.005186395637573992,0.021169426873206637,0.018376139258767122,0.031037670288292987,0.0027213578424498228,0.02723926592728003,0.015918886803867716,0.0811953999659738,0.06741721861951508,0.024760713397121704,0.0019771522354992428,0.005996676818602295,0.04337102129159127,0.007750029223809477,0.020922285201589823,0.017019929741021265,0.010429376699385973,0.025384737775353498,0.020247906474211052,0.04934006464762678,0.021496091523164958,0.0063645920866002,0.07977131717234537,0.003647128851882449,0.012103633969924093,0.027509121498617155,0.01759845079819054,0.029764979604129403,0.01291868528586522,0.030121095039520044,0.008219443562498714,0.018178734799151802,0.0335693809845482,0.003943156239025159,0.03545242121289387,0.010494053625230471,0.010100611393226192,0.009992125085524701,0.01073100622287691
S0124,Controle,207.90370108530482,166.54708050531892,0.027424053659527773,0.01172228531136473,0.039358524414428324,0.002814164729505584,0.03855265150474299,0.008108008479285143,0.01856845669140384,0.04150842541166386,0.007272107530163155,0.01669268023056128,0.09253874238223662,0.008690895986053122,0.020078119104565622,0.025068494133085234,0.02567109518122088,0.011570466986890592,0.004006970744599242,0.022745904288504808,0.0018835810233085873,0.014763295215081206,0.012750950098313391,0.007211616079155427,0.01563184765703543,0.03848639047735904,0.023066406880745304,0.003046199727170636,0.01616370614210839,0.06832551674905359,0.0074407520564264236,0.025811000912515713,0.01825581614697426,0.002221341339133417,0.0416575076167941,0.01902485974916191,0.04614427302942136,0.032893334949247406,0.0491197096442729,0.016066095027318508,0.007672429928176329,0.027613501226434717,0.005916822694641678,0.0411161476685881,0.003680493770606789,0.017767775775400077,0.013876581645752725
S0125,Controle,20.80708693094624,215.6635100732248,0.01993633553713481,0.0060304441112276575,0.016076924063013625,0.0013858685148945117,0.0012134988563163901,0.023806098457642217,0.004635172014752483,0.018341840854593276,0.019071021193119864,0.006368205610770303,0.04744873855791042,0.015347953724894276,0.01547366826937881,0.010689063143562206,0.019509334291001358,0.04286899958060008,0.05370312627828922,0.10857204678601032,0.019376924017288508,0.005141494046769413,0.03126029954554384,0.018450800754179857,0.02334646217011048,0.03452912452771218,0.0409462502591695,0.00889539857208625,0.03781827331420924,0.015954318903214804,0.002744351434825769,0.032174465018259865,0.013896741642602224,0.007738646073827734,0.02915033000262586,0.019212620885426836,0.0048618670402654374,0.011517796647051097,0.011118342953787339,0.06751701242874823,0.015809371437108376,0.033371674040721146,0.02827655989303035,0.01034119226094209,0.030726361130790768,0.009306536677840305,0.006038444476750289
S0126,Seca,246.99540962225947,390.29056876329213,0.006180181900078762,0.13262572382015836,0.004692460158245547,0.041937661693915336,0.012076447126760315,0.0016085385037788909,0.00666128308636826,0.0282874759451807,0.029349699349412783,0.006633316835067451,0.013472799532539222,0.025627621973527758,0.019043315377021235,0.03670978564568014,0.006676735770818907,0.005663669517209983,0.03077310306450523,0.043758916170393625,0.03208626441070356,0.022977693827811348,0.032505811301861955,0.011939572293911575,0.026263869581219047,0.003644827215689229,0.012651019080311611,0.021783342415950747,0.007988335122777454,0.0010574144015298955,0.008147740671280114,0.01658870032957235,0.011937449266493188,0.00487197023610164,0.03202551700597441,0.06777875396453474,0.04348350500432322,0.007774520595900403,0.024925961170837743,0.023596969848891695,0.029428118649536487,0.01390393843856306,0.03863572508879966,0.005806388812020188,0.0030034959532658414,0.02455852753676103,0.018855832304715447
S0127,Seca,164.93060616639266,420.60185310747823,0.00510430681038597,0.06280728866955301,0.017569246207875852,0.029996009349452214,0.045067905537540406,0.0037591574423799404,0.020122429678993314,0.03151820881360817,0.04325821573107853,0.028723037462850175,0.028043697489300447,0.019998465270205205,0.04145982397413602,0.028456467997971503,0.022086473174004414,0.012879546086589784,0.02086983660068684,0.020803801468771775,0.051294815960180075,0.020640593752709418,0.018024846737350816,0.024449352916961164,0.008413663251702546,0.03844668804976487,0.016680584072557656,0.014224666676314321,0.01898434500899819,0.028872358814527474,0.019872534544603124,0.018577577652843808,0.013818577947987411,0.012101151148306526,0.013891333392803544,0.022451797252346674,0.005809550410406655,0.0210418430348819,0.00971712313814795,0.0174764710264401,0.008289879602417435,0.011401684023883427,0.03523463883355601,0.0432839899827535,0.0023332877401622113,0.021092625051687717,0.0010501022103220764
S0128,Controle,72.26209443302345,130.17427170762502,0.043362162476645386,0.0006374596908590672,0.04405195655239176,0.004262667554968569,0.015554316579843979,0.022688745380766432,0.04671096266122506,0.008541703342394359,0.003157921548699124,0.020006073146019716,0.013574670227644452,0.03451187446816881,0.012028110022808335,0.012762758816879962,0.02215980158170873,0.05581814012332802,0.02586788720618067,0.0037168929581277714,0.007140060453941072,0.029231076172132952,0.010272852620570285,0.038331707268229494,0.009529628721761831,0.010300486137223388,0.020564231766079695,0.014564570100335275,0.0023733817349395033,0.021234191747185074,0.08178192350603718,0.05793053777087271,0.011064146744379638,0.03400349804403674,0.03989228877452846,0.009415298530985826,0.011032691090256907,0.009726382152192391,0.018409451029348774,0.023351462326834643,0.0037971435804738884,0.010656657498301735,0.02680846995372455,0.03389639549600123,0.018167017619701784,0.014498948883026367,0.0426113959382383
S0129,Seca,51.70148386127582,161.24522048386493,0.008685127612603188,0.014583763335567356,0.0008158839440850872,0.041674670715182015,0.02503501730945704,0.08307658537601212,0.011243763759497464,0.028343536972091996,0.00663807975417436,0.020239019459190103,0.04115079313211661,0.004012084154248398,0.030266115441066242,0.033636507376980186,0.010002033245160984,0.005875874132137795,0.014311162912067563,0.04195967912481389,0.01883324255486863,0.018077648936996593,0.06065151601751357,0.0315576281842735,0.00754966389416034,0.030161943609585073,0.0025239810913628095,0.024050667473599834,0.025450501480649083,0.030405217936759047,0.0034947997418492754,0.0018525655168221532,0.0012779503323573022,0.04428013285846865,0.00361426962692289,0.06178630839554592,0.024260569253810548,0.009230214544790671,0.001605483655448311,0.014243368066290353,0.01516890492822919,0.02943427013336639,0.028731232860042755,0.017854857015763715,0.008125074797398553,0.046378006071206276,0.017850283265465974
S0130,Controle,293.822286088856,121.24142651416636,0.021153641066147852,0.01755349647135072,0.023675400558237733,0.004496340391235414,0.02553145254520877,0.028046407680024223,0.018232057709481185,0.0018161708426629372,0.006741251867101908,0.023135778749135496,0.019714418196007114,0.03215971276554257,0.07150563106639062,0.023791325936862173,0.0017865069714833623,0.027343022248488957,0.0017095597768789865,0.007843409671494805,0.02874446327875801,0.007014072622260669,0.018976500235272878,0.07150288491160342,0.03338033656116375,0.0051673768519624975,0.008277138796994078,0.03463602315472981,0.01711656931295952,0.012620540318657166,0.012531567260644584,0.08776204366107887,0.022395760001613117,0.0034167052709644747,0.033985939724963506,0.022491366163458208,0.027409566089782712,0.024546896524891143,0.00903258664798489,0.011662269901088079,0.03223916676975338,0.06288852923587498,0.006684662945389997,0.02050201571791307,0.001974695025869934,0.007329355791998247,0.019475382708634116
S0131,Controle,85.29648426844305,239.93170027553256,0.03110989710976103,0.000853441549430729,0.05358189557940114,0.012644319174362383,0.026648968324462168,0.0070653899855881285,0.006060326957669949,0.027043163775198532,0.044252096360769516,0.011663173961326738,0.009237763997652764,0.0400655956264866,0.002083736793946058,0.00810576888745029,0.007905808438982894,0.02262456169852229,0.008961774198447764,0.0702121831379859,0.012994985547856766,0.016713710796934213,0.007490889498535929,0.04172988197318186,0.018884769884081498,0.009218897854177543,0.01928984972431049,0.01073039763229352,0.011205916422961303,0.021628116538024458,0.0199368450740214,0.0063573113227436695,0.022893396283921924,0.006947006274089774,0.008905900466608356,0.020969739160966516,0.013761152452785499,0.03046716691694159,0.0784302994542306,0.048018414295333614,0.04029305683685834,0.005456206301733357,0.04495407565256811,0.015032339228839744,0.009750642752447867,0.054273196998450506,0.013545969097656667
S0132,Seca,462.5600591883986,341.62917882940644,0.012589061130150223,0.06593712382642061,0.009747912235327906,0.004280394764054479,0.023655247177484823,0.043274835860203406,0.015140906726196291,0.011969768824364528,0.022196675718529554,0.015360908849468358,0.012450726836137658,0.008145267099289718,0.007275989169544796,0.007762150894461462,0.0022640780326476026,0.04779293758875174,0.019633058991437472,0.01705998178113677,0.033500645888949576,0.012374664420956808,0.00984047819436787,0.005595024879750748,0.03283065469233651,0.04497646744732724,0.03119518113978678,0.02490211110696093,0.05226778740903505,0.025388952606786416,0.007351639585595067,0.002813393099312868,0.008222733882164128,0.016019934303005783,0.03358618143963614,0.005109309692101553,0.07246893239187874,0.010654692651107729,0.0036652063393695653,0.05711173090092296,0.006116787185857896,0.025057224257586715,0.02622393420784237,0.032644574701308854,0.028398017265084563,0.017005567344852278,0.028141147460507453
S0133,Seca,290.5305698501975,114.12643773171027,0.013887042156563553,0.07143619035397335,0.003783330045826994,0.02470138984111055,0.008950909718703584,0.06163943465759146,0.018213549272319336,0.006546850082682372,0.0131116475213847,0.011722393353597278,0.004338940737983058,0.04664127788386686,0.008151064078513818,0.004055194569161864,0.028927092790611352,0.0740154530449301,0.010402232701944916,0.04530209657234143,0.006193613041320629,0.014827987171031703,0.02361926244980938,0.04599070621846598,0.018073478405693996,0.014353936110732072,0.03221787847093539,0.00806338684418631,0.014320573462152987,0.029256297078855496,0.01965229247767317,0.003085254487438671,0.018856865544455037,0.015938751506447284,0.018039928372038036,0.007143544750680959,0.008156217390885576,0.007362426606180003,0.00579967169421664,0.01459389564365365,0.049952387703873946,0.015832944040743164,0.020405985496165804,0.03028958897557477,0.04076735789353761,0.04543707165588551,0.01594260712425954
S0134,Controle,173.43490226741852,165.36787102743332,0.01754357248250869,0.004445878740390522,0.05522497400698763,0.03131605173712736,0.004502479473997435,0.012250713100656684,0.006922663196061045,0.07570668358754148,0.00797908713877916,0.002531338532407079,0.011569140848968039,0.022184909584458658,0.015969730968972914,0.04102028798960987,0.015830729598759762,0.012947318576639118,0.03291727978443762,0.018327178758725745,0.006259583206421872,0.005223066845081779,0.021576860592431593,0.03342868995198116,0.027942054020189025,0.0348258102148227,0.05845649479503187,0.014253490454951034,0.0521923016587793,0.0037402945063731456,0.006773392509585917,0.014118652701146003,0.009345088823694692,0.01778123402833538,0.02926836758312648,0.011164281840190532,0.01765309786384159,0.04688463802125782,0.03151199622060593,0.06404212579856941,0.015998889446125056,0.01124392533092851,0.011326903701539178,0.006021949421205284,0.010553035424526982,0.01707132892773601,0.03215242800449314
S0135,Controle,295.4577457407084,465.19230879457524,0.031059933298753003,0.016929549752310143,0.022374717933298847,0.02662059774528026,0.011840283095306244,0.006566599790365686,0.002931182434633914,0.08962586207142681,0.018122515814141905,0.005813856317443949,0.032266443423078245,0.013082955112854434,0.02697097335752058,0.008544153382509044,0.016305468977836086,0.00911863583896119,0.0804624511885624,0.01263801123198873,0.011148421192839245,0.028700657823781763,0.00800110211137252,0.034118680438260364,0.028760104723384756,0.06093789518072828,0.015659653009858814,0.056314514859229045,0.011311134315329086,0.03161384104856528,0.008464842287461928,0.0018730926521447506,0.005476214121797427,0.005937230380035484,0.016663100588354497,0.03164263722002988,0.016951766144113718,0.006767663834578289,0.05448577130394988,0.01608476288989232,0.01668586008784422,0.013620113591881738,0.00755027944221259,0.013424930861940375,0.01433851448684155,0.03553881027288829,0.016654214364412216
S0136,Seca,11.401935514848748,24.284644923479036,0.02351193972228771,0.017490380441398293,0.012687603622053656,0.03297274316083765,0.011900831378928571,0.009604319155933277,0.010285195582435182,0.03210366454604964,0.027162778161107213,0.023754881829598208,0.007911439279057996,0.029638571688475078,0.012576419737609848,0.009458686951622575,0.011932806888386003,0.04975157027728552,0.010568509942801558,0.038232624789226184,0.019209573126032185,0.007786293477923309,0.05888220614449725,0.07450385369557776,0.022766487492272284,0.017768164358273518,0.002521895894416899,0.0028308221349215893,0.011937606272644508,0.007776556544703285,0.028971116612690362,0.005590201063927873,0.0024839087221731385,0.02222559686348949,0.04230687099623003,0.025646636364224783,0.03402553116633483,0.011041784456048856,0.01034190072376026,0.011135856668013047,0.02231462241963167,0.0034128418021751573,0.029904041999797046,0.0056101551711966804,0.010715930802959621,0.012842208834444925,0.1239023690365456
S0137,Seca,479.2796066207227,230.3848026197831,0.03950958121531166,0.04785125546543785,0.003241037740952697,0.06036707071373052,0.020878685536445174,0.005771849785996247,0.004881808739834501,0.005030380130368174,0.0036372681758786835,0.0038818109531022094,0.035985490915726795,0.0016940690050596151,0.009913533123541306,0.01687311712527615,0.010722131615687285,0.006272060358320929,0.027153198858757922,0.00794741819714062,0.010264052218601966,0.015575454287841583,0.047808663083389505,0.023671246181227713,0.007807127071894973,0.0031159400723043745,0.04419180099498217,0.028737617923706646,0.06869744284881785,0.0499347286066842,0.018286834823854223,0.058709837943796195,0.0354974022113644,0.01645723426971501,0.006730093576733829,0.01928505158451141,0.025481611478367326,0.0020006928608072116,0.013393458722785825,0.0384644322544838,0.02010925701955859,0.022695471298344334,0.028639858111918846,0.007819711577425453,0.01726612507514224,0.012536031994158928,0.04521105425101291
S0138,Controle,241.15171847145012,355.7790207983889,0.020642281173316103,0.005435096083666888,0.01917128861715586,0.019119830378981774,0.006598450426566983,0.04828569580231543,0.012669450768227196,0.008001453185862692,0.005272533041861113,0.019931358800744314,0.01583346990899159,0.009850404310778394,0.012613797160249397,0.045558949600552436,0.027518166195816953,0.0019666937734420732,0.02454875837049593,0.010310207280325948,0.00994335256913287,0.0020707830263472574,0.003705911967217597,0.025781625971402468,0.015587986100750607,0.049232953379557735,0.010567841615016569,0.020008646127926025,0.04821469418236123,0.004561067760845223,0.02232295594471056,0.029130167314844906,0.0693420446744259,0.046031472365758545,0.004966763240338082,0.04886832272374997,0.020711288190442736,0.00256500780418886,0.05286839736762325,0.05413462895693832,0.023168462524578815,0.050335484940732825,0.013618299984245881,0.0006413989666045822,0.032760081447861016,0.024086623560469034,0.001445852412578097
S0139,Seca,391.3676136251431,75.22700577873704,0.019550306926835775,0.019924666182950607,0.00256727873664155,0.04542146941552393,0.022660239810784206,0.019896085487906653,0.05323588509758381,0.004550835921595962,0.022326744550584497,0.03797037125158991,0.009077719727681321,0.003188934982596703,0.00622087226520371,0.0028371080575082166,0.022312876255863347,0.014015210826751499,0.006909229309691642,0.011883920985796161,0.0158554468560144,0.060114423028216624,0.04115967141911014,0.019027204416072266,0.053633532020108135,0.006993104892934924,0.02783291829677177,0.0125822652160338,0.042730353212818366,0.027776190690862207,0.008532968960891247,0.017872758965587963,0.008557137518230923,0.031132332206706033,0.038734624719010145,0.015407868984199036,0.011903945031425028,0.012350141103960034,0.0627699514027672,0.012368176583244916,0.015057568994695453,0.03292144702009473,0.0011094980439510255,0.014086906218335025,0.02125393500825615,0.05655747449896515,0.007128398897647684
S0140,Controle,41.36499996121928,23.687010002740926,0.04287200706098301,0.0029085701085022264,0.016140354759159196,0.0001832552967408695,0.08751565383122177,0.012847896177442013,0.010014189027886873,0.016554156404965416,0.006471587021503457,0.007845624922009561,0.0028172081656650224,0.009607589055235106,0.017438166507724617,0.010150659103653724,0.001988973543372661,0.027784696265865036,0.008844075053810217,0.01924275628788981,0.026316277086713125,0.014718154215423248,0.0166067397638483,0.015254318386206136,0.012290147963178063,0.001785813123619352,0.023280491103622694,0.014570778271511224,0.01526807456029928,0.023199473740419568,0.03589321281195372,0.02050796533989346,0.010924919810423497,0.03090419114976349,0.00805399643676135,0.04496144810138969,0.023986061496184263,0.009419907891091771,0.04026047640905218,0.07331641743030376,0.11827647258543841,0.005020506133989567,0.03239314940383375,0.007378888461012841,0.008566250586353656,0.024174233022325478,0.04144421612175748
S0141,Controle,243.32916541908017,69.10268581926537,0.01839972044076936,0.012855419294174275,0.03214795189217737,0.006565053476778724,0.03607666590108308,0.023884462150506897,0.012845542016208022,0.04284243646758088,0.03388637224787984,0.0473496810771249,0.05501592984855844,0.015749240560748817,0.003010305822751788,0.040722927876446144,0.04411935462650751,0.007836624805090104,0.018038566781081202,0.0045006270571069755,0.01502300922644037,0.01585949964271268,0.004760607958989737,0.003792300164619689,0.024251819642261512,0.026920856269557345,0.004305725226953526,0.01135816377157828,0.022287796661228206,0.01037432392352521,0.054585154232833825,0.03752259082484303,0.03528260469771295,0.03332193683324457,0.01658573868022175,0.02121456999762467,0.026939906438709645,0.030398026772103508,0.013448582380379725,0.00600405683713555,0.021588632094110237,0.015999348230668415,0.02164236046211338,0.007292938690797867,0.010244661785753102,0.025765526522023074,0.02738237968928377
S0142,Seca,245.35349717726046,459.4115967653414,0.04585686399659737,0.005582310933328996,0.03930686162708963,0.03079236560855042,0.00637162437903159,0.017194262205575322,0.011170748800385693,0.030746085610848652,0.004489116188644185,0.046495535255462,0.024490357959188042,0.016860431865344368,0.02234026616328206,0.016779187133834104,0.025211666309105357,0.008447859365529829,0.04542167456931249,0.0017032875643430267,0.035907928669762876,0.015949572758181194,0.010102428439540368,0.003750404948321999,0.07823788484573606,0.028547687326542396,0.01396100971869091,0.01820001013082498,0.006597904325240237,0.03310486847081289,0.019004617768282918,0.02746928294737863,0.011616732615390245,0.04224710672227462,0.008021379333909935,0.007145378155131262,0.039331616549507044,0.017455089164228617,0.01622084526502414,0.026720804985572156,0.05101332147585654,0.0031766696111760625,0.0089456408005397,0.008808249929745543,0.055322486951526466,0.011597070473464758,0.0022835020818842595
S0143,Controle,468.91322748749144,4.629890910561707,0.035517307542868165,0.009896428104432253,0.0031693051268723346,0.006053762242296385,0.04749277821599584,0.0009974848895539068,0.042407160930704034,0.0033985311245668262,0.018377124301811404,0.023619299064289733,0.008250726963147064,0.016406013170162593,0.003402947432348333,0.027323700169382598,0.008736186403109964,0.005791752008367006,0.03709470783623931,0.002046448135450315,0.004093805480106521,0.007171966337292683,0.01707312915983868,0.018014980818077536,0.00697139394767582,0.06111145758840035,0.02196322011582726,0.0084778934580947,0.09003771239433024,0.03185242081245754,0.025971785191614954,0.03204300560327965,0.005634085231513495,0.03513031209709258,0.002770427666598624,0.02824075056062928,0.04908001986316582,0.00428464863129098,0.028093996775413264,0.012774289103936303,0.03809328163314824,0.04490469879062122,0.04343819392403128,0.03167955801678233,0.0033957675272968738,0.0070689945252080475,0.040646541084677634
S0144,Seca,285.8640261880377,94.16098740567591,0.04651370615955472,0.02842337950924838,0.02021953345807353,0.020284300143912585,0.018047285495528954,0.0042025938282776055,0.028971690560156776,0.01970224364227406,0.0039806226606912114,0.024422759824642648,0.03460283166273551,0.023436500667838894,0.047670693836374955,0.015347914930243315,0.03448311898892845,0.031754076023649644,0.01287775217181139,0.03524920869515459,0.005564838375828057,0.016856120221548327,0.011729690244002604,0.009615350040982094,0.008814789260131382,0.02516508336038468,0.011346269186378512,0.030332956377594502,0.01651897439422535,0.01878290010550511,0.022428899783662012,0.013580096050815914,0.02867261392292772,0.0017018379375209173,0.030542230505897265,0.039257415892971076,0.02712452748920439,0.02891147028051763,0.018564129071623255,0.039958960602609436,0.024453530944312248,0.009103592398821329,0.03800571965949795,0.006452039799736806,0.02543902289382884,0.029065295072935943,0.011821433867439442
S0145,Seca,236.7447005284769,15.641756450822275,0.010091374968568661,0.02775854620874941,0.02195250695540885,0.004664687784197427,0.04545053451209059,0.004422512757002355,0.022525793050666057,0.01223390541569471,0.011472957910237403,0.04244928019808202,0.00514965395383031,0.033928021595315064,0.023745945635590897,0.02135193043739903,0.015598961401991789,0.01405884879542343,0.017473990791766963,0.016518952247005444,0.012034680099016426,0.03912504048042743,0.011703758502628737,0.0035162362343439057,0.017702032215136318,0.015790336657060904,0.009260043501914408,0.013461287103703205,0.016686514453146433,0.019083785200923613,0.015086380737630719,0.022567381321017526,0.033718841743594075,0.02702519504008795,0.03323474142992236,0.010038749797222683,0.020748752062259148,0.02784263363244121,0.0018948974525566954,0.0016868231219071524,0.013579793301508287,0.028858042771918852,0.011288211186519693,0.048076944348254116,0.014178271749926205,0.007656124610266217,0.17330609662564536
S0146,Controle,133.4878315459468,55.31473378110163,0.021269422190120135,0.0013184731846983544,0.041612150178817045,0.013758117575304372,0.049979438899132894,0.06089334803739044,0.021018016099945407,0.02190478389004476,0.028326729517904183,0.041864500514911335,0.008911464139932506,0.00329491893894622,0.03409825398445556,0.0660832080477213,0.017066524313131076,0.017481875077725903,0.003392940111394348,0.016782813863838144,0.015211695495183775,0.0206350696968946,0.014504833979358247,0.016108014121000627,0.030562722215760812,0.006347714742575135,0.01596527736374667,0.018834339846508875,0.027972602849650783,0.004149667260321441,0.021659961827995365,0.016713291398330856,0.048753041468825496,0.036236891433671696,0.005414672335114384,0.007272690740229824,0.020478117425251623,0.006877142812589854,0.003657852031389506,0.005949506928881516,0.0073011838955528985,0.015817809780495264,0.031000972770194996,0.00979363699363202,0.010892995605099239,0.07747195256239439,0.03535936385393598
S0147,Controle,165.78449867127608,310.07464331414815,0.012491909501281494,0.012282058204184773,0.020618265372796808,0.0535823196831697,0.018555650121880995,0.010826437460604584,0.016971589123848635,0.02677868628368895,0.08966323694459095,0.02216751037976936,0.02610441789362651,0.009829278974207574,0.006778842460450032,0.009382956081726757,0.01759903085139139,0.004708585514871861,0.017105445873323615,0.04800252345026409,0.007611149030251807,0.0168450994827463,0.02108359822590319,0.017832058113439877,0.043105332725724345,0.010857680528088208,0.011074571121170804,0.012231450776329315,0.012277294092235387,0.05669884243498898,0.013781212882793322,0.013756519414223432,0.021791666891939378,0.015911741423218415,0.05036919624265945,0.004340921000698498,0.02594456143028888,0.018370723216759338,0.028366347101984542,0.030202309424888798,0.01386728250653872,0.022678441829543924,0.0023562191163929726,0.012040563006824297,0.02146394825209169,0.03555075229318654,0.03614177325941153
S0148,Controle,260.3362012357689,120.81945436954288,0.04526420294318561,0.034150623098602124,0.03827286617479585,0.004741060022141913,0.010144847330141859,0.00852466881280268,0.01582679798071439,0.01763851623081875,0.025106268481009882,0.005049254592024094,0.03673477529745706,0.060172460476698254,0.03482193740208773,0.012373422211626703,0.052698168333879906,0.020915624778258767,0.01120477905910028,0.008583795360249082,0.01629455944599013,0.015215793900882763,0.0033133890186021237,0.005453031637976596,0.01778640371342137,0.007912049808319362,0.0006556967229126456,0.07523810553125404,0.0050987155530232,0.01923158928282255,0.025637698419321526,0.014888549180037212,0.04947737078914541,0.04467718659290602,0.014538153934772381,0.008546580270985427,0.027765790711334778,0.02845427632644768,0.010945292333816819,0.019430701589950063,0.03133744336365722,0.027507845728289328,0.006870043313241977,0.00451647704979691,0.028915842796449518,0.006062947000015288,0.042004397399032736
S0149,Controle,219.45573015252333,284.6060252153384,0.030498319191790194,0.03502465174145555,0.021624701572910836,0.002663825229308469,0.03534208215434413,0.016333239101890305,0.010201615425320998,0.007145646336602536,0.057253805249716225,0.018220240855973093,0.013864050166815417,0.023971052563404923,0.013906348574410485,0.012043210007847313,0.01863676702440781,0.00982987801364472,0.0397541882742383,0.013566438654273425,0.017728404412621444,0.021388249970891123,0.023928069993901974,0.030496078668925206,0.012081133021097423,0.02496607446760801,0.030957052888317255,0.0016344381743944021,0.06594799276663567,0.04732956713791714,0.041446548552642376,0.02430275125743953,0.009739452348015295,0.0417397619979636,0.0035761975306471726,0.014010612269651244,0.0287525057013522,0.010679135352820161,0.025783451769438828,0.0015098558723970548,0.03024409896891687,0.01324795271642047,0.016075558988875735,0.014069597496138172,0.02057223683170884,0.038020755289677285,0.009892405415230997
S0150,Controle,10.806039940165213,295.0976913830631,0.00843607609336593,0.010311815703703516,0.010524863722388098,0.03790434040650003,0.04677823980486809,0.003305599786866776,0.0057641147212669774,0.05112953769558439,0.01629604172274307,0.020923529880476275,0.004637897187299436,0.01924049017719645,0.015082659249242757,0.02648811649901678,0.012044364490339346,0.020678771844911494,0.025474385867135952,0.01524271746383399,0.06225160122153591,0.03382509532741967,0.02348467879560783,0.00756020045925784,0.05677401914733521,0.037041892916519145,0.017927855367743325,0.03466431045401504,0.015834358854352,0.03161905120579519,0.020943274439713187,0.00870420985913063,0.02146481845259841,0.018198991040080215,0.013362690765782573,0.05211943381978613,0.008065497880358107,0.005202783813999719,0.01552126470136539,0.017280717359362856,0.017277631225020188,0.0008085378923462123,0.0416032872575337,0.027483954845319007,0.014819982749344674,0.028214969183709374,0.017681328648229234
S0151,Seca,413.1459620971789,424.71766654488954,0.0053406213823828,0.020275228469685515,0.007388485488022419,0.05275516671858305,0.00741136741767968,0.014433465775480856,0.0027707371396856833,0.030573162783144942,0.006615878477253824,0.027772903996628785,0.007385795363573261,0.022952280121811566,0.0038925112174398755,0.021428966075492772,0.00799428562429323,0.017518519928427557,0.015525919069878439,0.020046287476242226,0.017447983322587995,0.009440744005942211,0.08054870148961285,0.02345087106795484,0.014467712841004267,0.010913069260425193,0.019849833157300996,0.021124250777682197,0.006432648355403344,0.012710062491967452,0.03602993628336667,0.009257433522051621,0.012131679799530946,0.076656436085794,0.01104387476343528,0.06503806445145266,0.06650931232600346,0.014623202129811745,0.029178590456415854,0.017094771332131834,0.027039224165158103,0.02540464210988969,0.0065051668670945,0.023384726251896762,0.032370883666161455,0.02656549851384095,0.012699097980376625
S0152,Seca,448.0803859198834,2.3706964559369603,0.027909631825832816,0.027193051347986573,0.00501179250969195,0.011398439313258743,0.004703069500091246,0.017888939619253683,0.03124108499938342,0.012736599935478994,0.027757784201280163,0.030843570680697294,0.012739665902798541,0.018869853437334983,0.03963242009337408,0.00827920246880204,0.019122423271979397,0.05230785231828398,0.0075774995268937636,0.012691683831148047,0.041515139886382134,0.0029121326563659265,0.018075169355579544,0.005521058773263824,0.00793872385953894,0.008308215104386429,0.024878075914254606,0.007543397333840004,0.0049808915242458935,0.004044898248992434,0.06966450794923294,0.03984209854138864,0.008341040763911522,0.027356282915413217,0.016583577196780035,0.035624675576709286,0.013028337535216832,0.03266334940798404,0.010143059205407,0.02604904629308693,0.03630258311384378,0.029096783332595435,0.06519368351746728,0.027103734436989876,0.02919901429940322,0.0110400581501009,0.029145900324049547
S0153,Controle,70.12454449930539,426.6847296711834,0.028449693850802496,0.02716052175346808,0.021843416163694025,0.004621471374935159,0.03242082662920916,0.012041989903023718,0.014771434049701613,0.02983920043551761,0.02901438964024678,0.09655535248127192,0.02932349187187723,0.003537734977186949,0.012237114830580535,0.008909886035798507,0.02311235620824461,0.02495579780420436,0.003677313744029536,0.04841033419478535,0.0050818714843839045,0.024046819491340417,0.05601097123515521,0.02809486664186701,0.01790751626139913,0.012139228245751237,0.021072379450697166,0.026231577077569606,0.030649115744685027,0.010500521555061194,0.018414802282241637,0.010582312620483595,0.011460948175350228,0.010002383236407099,0.014882032647081803,0.015526062610284634,0.01810381474411429,0.035771221588969136,0.009914054188267405,0.01304018516199107,0.03435876815149173,0.032900441670825405,0.0045120638402849364,0.006990366762053231,0.031126518276185466,0.014045513436544662,0.035751317470936225
S0154,Seca,277.0180717695247,309.559543213487,0.0396439458354547,0.003057323878509642,0.0013137960638594974,0.04014414633445041,0.037291351881213915,0.04521598766041575,0.0014567980397395498,0.031474694346083756,0.0251224319129397,0.013799011145845586,0.03659088558343987,0.02084648770332061,0.018916549271208897,0.02107473727332149,0.04163454910279874,0.01840183955767628,0.03974601860656421,0.015944953877786733,0.017497501598885155,0.016635151082117286,0.032619105512520334,0.008746885208429709,0.006674215055271125,0.021653867486014076,0.049084562429979516,0.02488400246121073,0.020974616781495474,0.015920023919204083,0.007362838221847994,0.0011935375625138878,0.04529040118525266,0.01620382939645437,0.01718056425190007,0.008168562716604101,0.004970996307549298,0.03228802211100964,0.009145714625921283,0.04745662819641425,0.0056132342345102315,0.0121517197328461,0.030989162174032612,0.021584209035597685,0.01787277594206519,0.026945885147670143,0.02921647954805367
S0155,Controle,54.287870567721775,81.37174305247879,0.13543604424931852,0.0038579366405741933,0.04507769822124319,0.002176081693306688,0.00827781459223584,0.0171281673600816,0.03035153817299548,0.020111667131830782,0.005069452011022862,0.043641320740010064,0.0552087977266847,0.034319278786313225,0.013665113313632191,0.00579901518603074,0.01671568934374084,0.011483038781022371,0.014413614372427616,0.018590652646682353,0.019790794890676793,0.0217445778337251,0.006117636633746172,0.0585528169025123,0.06140308407574711,0.015156822978581038,0.04620972994254261,0.01886810159213163,0.034305534539850475,0.01639882266273398,0.0009186203908976154,0.028291940148356398,0.006862511715730201,0.01614546743642276,0.0045739721007853704,0.016055819034230315,0.004920127698819347,0.012388466922122083,0.012478395419971169,0.01548127745105231,0.02509354169861788,0.02151978292039446,0.016827249785419954,0.011158944465193063,0.005860822935161332,0.014487158026901025,0.007065058828524261
S0156,Seca,336.1200465199058,386.468694067642,0.005874826735088501,0.02652663051037592,0.004303367045075132,0.0690104666067416,0.029586928943714785,0.049609275270824406,0.027020424567516677,0.0037550733429696542,0.046635674811456515,0.01978467616173133,0.008892794784265065,0.008595717626106003,0.003268515424980058,0.03061905368784707,0.003934377393428403,0.026062702379707262,0.0016903947466477872,0.01209916401169886,0.016070980357613895,0.014631316896767489,0.009577661729252143,0.012830646277390174,0.017524943808045916,0.01063658523600158,0.008969042523672572,0.021147292841122864,0.047992075370737255,0.009485354311607443,0.02628301313155573,0.018415912382294435,0.011003870697003391,0.009227130187815163,0.07317553697385995,0.007876515983416007,0.004370093378688761,0.0770373999819132,0.007487575367317514,0.019239823800810588,0.010284095673964426,0.02676585454693878,0.08401281686900748,0.0036674466226915272,0.02015538988022986,0.02403218546301764,0.030829375657089136
S0157,Controle,140.61689191950416,427.7457708952929,0.01700351185753685,0.008573836263749187,0.028350369624199435,0.02036639267935644,0.00974617039190482,0.028392300471792285,0.01583070582547706,0.07126952667863326,0.016665735596801963,0.026474917572401835,0.045278868483784096,0.009277627496343612,0.03864948838307787,0.0290512193389886,0.010678247773133392,0.013890535874462491,0.11592571775677159,0.041146343129524476,0.01941958774383927,0.004670529452992297,0.00161183581729096,0.007847774130109135,0.011006218037210596,0.014867533049349858,0.03574584589621262,0.009399800246378437,0.0054629705978191225,0.01583402847450621,0.013083976928717295,0.008186841157768304,0.016574651819630786,0.011273577915017235,0.039280166850634124,0.03800273174730445,0.013374911524174964,0.017896514912554964,0.008419207422224241,0.011599037080046408,0.05069497887124745,0.006686858534361366,0.0018915714326015608,0.012843375220507512,0.059040120807126006,0.011013527822228787,0.007700311310206479
S0158,Seca,329.7113173459509,127.13174187707865,0.02886423809404421,0.0489723450415061,0.010933947337044746,0.044773994422170955,0.016582264131173714,0.024427278471994586,0.002251406151927749,0.020246962004737048,0.011078406830090095,0.005053664586352107,0.02049709704360805,0.03316048132415925,0.020333891828302305,0.010608470809482337,0.016688667137563222,0.050723922013435056,0.005877242670444742,0.028983869994558705,0.02878218092324409,0.008264030235228542,0.026648294918920363,0.008108749713255604,0.011509091283100776,0.046785380231067396,0.025826344373417385,0.024293312441182106,0.0505931421038345,0.014133059042394784,0.00826670492672811,0.026380765334445097,0.016961198276682125,0.009802316989070196,0.015540159925788511,0.05077297930254751,0.002460701427302326,0.02334610769817984,0.006550968078754693,0.024277023299524816,0.012579463674529117,0.020490181004456248,0.047302826385284345,0.01340996680679138,0.016651565426638554,0.022243392333944133,0.03796194395109245
S0159,Seca,363.49730714344133,459.39684045134044,0.0003972616589605666,0.03747276304897084,0.018602248755150458,0.010316375785092756,0.015882923234165524,0.03810275224126196,0.03792823667680192,0.01064440790238585,0.02736153482817299,0.03963837219572894,0.049475334752955485,0.03947383401653522,0.01913130612982315,0.004681218483020939,0.015002302717907642,0.011167271569055965,0.011083710140890872,0.029009126219927725,0.03067369497714164,0.02345723008272071,0.0170073111796291,0.029350487715425387,0.008675806026374166,0.0228173903591037,0.00794714976977781,0.022977032865877593,0.002931096333971009,0.029957852062738346,0.010212599632300961,0.013303938933169295,0.013333819676014238,0.08192079155315538,0.011396184547095267,0.01875039250197474,0.000997518253528592,0.015946149466825526,0.031461318665567325,0.005822782010318233,0.04073580819679354,0.010845719429271004,0.0018670323746543523,0.05326089329123947,0.02157269922309409,0.011623465324258415,0.04578285519117136
S0160,Seca,384.3237459588285,227.2287151493289,0.027358987221520796,0.08659903979502036,0.07444526914321814,0.03786491109043671,0.028137923632474974,0.010936662036510454,0.009254023491700646,0.004501169060054647,0.02774792672091838,0.04826983214069566,0.006769895252104803,0.0487220985324195,0.0016235952459674645,0.03983594288490408,0.02158399825640513,0.008937178965678343,0.011372068444716643,0.009411460630522827,0.0047688008542479945,0.008489664465058316,0.014799031973724345,0.01454211793301945,0.01681140280789927,0.012606388162133123,0.023360456585741613,0.004384360275355735,0.011592474971289375,0.030701865627029097,0.0272956237198485,0.030414765622674513,0.02230677637285976,0.01074565891046326,0.00827239798234648,0.021532303851508408,0.04625354583958969,0.010360880022629398,0.05328645834370482,0.003090026777233959,0.013356811114089892,0.02029044940542175,0.03157533284384997,0.011429463788255502,0.013363292679753027,0.01399985403709814,0.016997812487904714
S0161,Controle,53.87047297794828,301.71222716666074,0.01058114414600098,0.002507967520722554,0.010326564715707637,0.006659244337275043,0.02643060989895912,0.0265908577076951,0.031090119732008037,0.016432053392242876,0.013612478338963969,0.02700911710071207,0.024726205852291645,0.02351726305873295,0.007325361997260696,0.03605449297800456,0.005983588160670145,0.03265643677168761,0.045229520668773004,0.027974510001744408,0.008756596366765011,0.02921121360892183,0.06432233104701895,0.04300331525705644,0.0684757710983826,0.008603151607080512,0.019643603363215262,0.004963396951066791,0.01674878162632954,0.02319538713341719,0.021126629172073877,0.034597385145353786,0.021605775131575584,0.021123692934303686,0.07978605450888138,0.0031134301160742305,0.001729482760214997,0.006011478089006475,0.002007216480943429,0.002323051703892424,0.00626788281477163,0.019942313144894686,0.016230071386837817,0.025637328357173007,0.02626239485310039,0.0233444327572288,0.027260296204967286
S0162,Seca,458.00592256880395,492.32476680882183,0.010506294859937228,0.08066683627036797,0.0037331467771902676,0.008045851682623154,0.004512906930019667,0.019496238979724443,0.01172897559780828,0.0031772202902886956,0.003190761216728672,0.02587385067271841,0.01777635044861714,0.01176871539775561,0.005166509821352619,0.00858062495147442,0.003002889801518126,0.02460935136368689,0.03142474159244359,0.03795022300508253,0.015926038325056027,0.0018002996120250999,0.07300876784606063,0.01294610176322345,0.07034259547394166,0.023859551759586536,0.024237811407863602,0.03147787759755577,0.015391726261365991,0.008526570245297498,0.033933766157664254,0.0016935517991324442,0.03690107263088249,0.023422899029658186,0.02106726872139448,0.031545188320502224,0.017274779005619367,0.006527829651209477,0.04599556779777402,0.026947902650451355,0.01609694266797861,0.020701004276281618,0.045023996439203164,0.05348316760501891,0.01245320471230831,0.0072208387342616535,0.010982189849345325
S0163,Controle,115.10699544744041,180.76803931959967,0.011363383149842999,0.009366519434053162,0.023439217832070473,0.0006462132450491084,0.011556496198939288,0.03075759733202956,0.015507446283393927,0.012965538213207901,0.027975515645854303,0.01715396555247219,0.010549623448808467,0.02874698640829835,0.01198774048440236,0.024081838188696934,0.004185359784157949,0.009052887867694604,0.011390044007762168,0.015245703215477913,0.03549970219970414,0.01934965348943672,0.019890389495031306,0.010659047369452059,0.014230615393417911,0.044209402260867156,0.015531045367874495,0.003696081836119623,0.01654785854352486,0.014329967419352956,0.00843207385889944,0.06328466002740911,0.0800699012369028,0.024903426542243062,0.010511759342244197,0.04284943514196303,0.03746873638951691,0.007691067325792126,0.023515847591193965,0.02563456503654846,0.023907748285145188,0.005846332797558661,0.12129929850571337,0.02787456763458178,0.01873965125877486,0.004496231633416141,0.0035588577251042175
S0164,Controle,18.70627808808989,406.57967291005644,0.009088149244510357,0.03765248219660076,0.007434059365706483,0.019413603853523913,0.0028860492784063066,0.029028242744754674,0.01401143179539492,0.006057167947929669,0.007436406890034901,0.023139691223160876,0.005755160502407532,0.02159932254415726,0.055507424206082366,0.04288297307626524,0.014566662827185087,0.05796052468719818,0.012914816206991463,0.034588736152118285,0.016346733803438037,0.038275963836100615,0.037310436949224264,0.04886634087420793,0.012268449637769251,0.0047244585485239875,0.004082312552726702,0.03396133968813207,0.032415260328360125,0.04159204987047537,0.06527960593715272,0.014963134211571654,0.002592022426496273,0.01328680577198828,0.032394793133369806,0.007977677684015968,0.0030189429722492244,0.006731551390309422,0.008901132661017119,0.04064462022985792,0.02357315888314933,0.0048352238735750105,0.06603407329815525,0.009396136669816441,0.012289845408443687,0.012453217973163394,0.0038618066442818186
S0165,Controle,277.4262346957417,159.1995589142298,0.0314246209286698,0.041004158775840745,0.026991922549819126,0.004595907882317054,0.02099358215132082,0.03048708363988455,0.034721783857468956,0.011627177801527121,0.013037094852772253,0.04539726197480717,0.0050268812250877535,0.003463116879534424,0.023756401315489555,0.02508905163357953,0.0026553080503610095,0.03739043262806436,0.0037128470618396406,0.013020920649711231,0.02356532603052515,0.05777267885311076,0.03906003314575858,0.01945795858002658,0.019356228849841364,0.012153864361309047,0.059149989349097716,0.025730617781324242,0.025726541310034524,0.025949516195855563,0.010742926883819968,0.002039135033702084,0.0003946737940204587,0.02169310679993722,0.0035739078516507533,0.022573585547906342,0.028194338360167603,0.004887139861101928,0.020190174103251666,0.02771811415855862,0.03457559847952218,0.011376637129597687,0.012593836356609994,0.043156604285269226,0.03151724663459434,0.01565670214091724,0.026797964264394025
S0166,Seca,185.46114193121937,399.6067611207455,0.0054972394385750375,0.007776718619104746,0.004741725173800576,0.04835653551166012,0.01118841836458366,0.00864981828522809,0.04143582885295071,0.03536584646173474,0.04622432921015748,0.011657777674828684,0.032335348792249835,0.0028302051325338933,0.03189049812557955,0.054509027015462584,0.006675589247323378,0.012546389480468868,0.0589241972603014,0.007755060643603618,0.009329898879707886,0.02208547936862614,0.023421298515721084,0.005707154987495719,0.017906506724417102,0.0361860875556942,0.008521659509559635,0.04167286519974745,0.012897145456281742,0.010158718026979317,0.06241661396532453,0.010518639175503369,0.012409413864583234,0.0488804273387616,0.022743236474915725,0.01829332857289426,0.023195915054573066,0.003313041715328312,0.021976840878645622,0.01084183924893276,0.009648592346488558,0.006756315690719704,0.034713846481213326,0.005663644950051544,0.014662626704135187,0.050015351750938374,0.027702958272613494
S0167,Seca,414.8948715662066,300.3669594313212,0.023971087813407597,0.026937601370931256,0.010432630537869931,0.03230686629139902,0.04491342604389823,0.0063232904839687675,0.02840087202772906,0.03841593024656947,0.011887115744005375,0.0072163887937058595,0.01084814416189343,0.03283268097277363,0.03649300441853893,0.024169478538973322,0.04368010489107614,0.017396474793781844,0.031022514998484064,0.03392430230559697,0.021585252897040212,0.014446458805324662,0.0043285079989008055,0.02055883091937743,0.008813919530712255,0.005341211592145815,0.023604118379410798,0.007367480100386691,0.03563269551153582,0.0258786660576938,0.014759055362354497,0.04130773735627468,0.03630395629402828,0.01899974086512581,0.02444512585888999,0.010745714317929601,0.019673171916740336,0.01010266816857161,0.022152472718181177,0.013110897388834003,0.011519023903773696,0.03344323373510754,0.030869043905500566,0.040188138453449894,0.025656192690150136,0.005292300140307561,0.012702470697649506
S0168,Seca,404.1257360321509,108.17784761270072,0.011402495484094088,0.047775762788768106,0.0003436436399654882,0.014234908109229406,0.01869541588901194,0.010395076296534743,0.017006962366827867,0.01881221046662493,0.02349158506160126,0.01930217450239528,0.05054221721343297,0.01686577368570995,0.006260486165344206,0.0069125084606651436,0.01919291841786026,0.034413790963413224,0.004794587750523161,0.01934602437611548,0.037469520442515634,0.027795675792225107,0.022286014766658556,0.010200498112918835,0.0019347813697377261,0.015474180489099572,0.017856644855151885,0.04987348154629467,0.06915759339037361,0.008753471751786101,0.011270393745814249,0.005734537121030003,0.025501570027002332,0.02034768619111167,0.040697384379813614,0.014844020989960712,0.018525004921800998,0.006443751841528734,0.051561855712933355,0.033380013059015445,0.015351099987571643,0.017024347514665073,0.05484316978392699,0.0033677263480445855,0.023835416049937642,0.047499165529765665,0.009182452641198182
S0169,Controle,158.56944641135766,207.01304689461818,0.03570590960881708,0.029296206932583935,0.005399436877848617,0.009226415798179509,0.028769365458830493,0.029062956157581487,0.015385179821313849,0.02591332599631487,0.05063055403675068,0.026413609907644135,0.031105343610068902,0.029796155189919887,0.04797897170978768,0.013746246889323605,0.022818073703712662,0.032193089790180124,0.0251974619046956,0.04019046073167645,0.01133739825019832,0.004001146408342515,0.023192782936972176,0.008291922914393225,0.052891403291862586,0.07511621641247074,0.011486591977373997,0.010236301610476842,0.005999283438507434,0.0012607005398967508,0.006697645618829227,0.03481122544453816,0.024255038390409524,0.014047341977003846,0.017474142651486457,0.007672922149086856,0.00960047088170999,0.01493720869310788,0.012026341080502271,0.008086866236314487,0.013022088174910434,0.022148718319108376,0.02425254119312246,0.0023754603607447876,0.0016339381200024046,0.06378256139152555,0.02053297741187302
S0170,Seca,476.4496975348725,158.81781718178084,0.0006486968295911982,0.028964687740730227,0.022273513472413877,0.02177114122511884,0.013265086409681347,0.005146563771719281,0.010007250366409762,0.023572273655311272,0.0117312260339999,0.022076331103411544,0.03537294769113899,0.001712932641229434,0.003043571816178035,0.017746821018211907,0.019833436854780763,0.019842142331069845,0.02697149732645992,0.033740467932341235,0.07126497276108812,0.00249405823681879,0.03581934781652,0.02195187868707286,0.0041853345423631845,0.014401418472779969,0.020718890160081275,0.05448464071084019,0.0031003423044258685,0.09110549444823032,0.032211172972622784,0.023262814510564056,0.014589887150668989,0.011470541468767106,0.044655314999963114,0.00055241710732045,0.0008439003978617528,0.05110940754852845,0.0058436681728420885,0.05307856137339578,0.016943290272065016,0.053182558181177335,0.01944722944831027,0.011964144164580475,0.003142483098056814,0.014466666101603624,0.005988976671654042
S0171,Seca,145.45891907005932,39.05419654018194,0.0070407409781002624,0.04018640071564801,0.006211892590128415,0.0355013344605167,0.017835979696107892,0.011063200593218971,0.05448841938302115,0.015527824473314356,0.01940001967702779,0.051264613679408697,0.03752881141777844,0.0009936792141636897,0.02113711443020645,0.010857128194863737,0.012738184481084153,0.0011365679317238244,0.010484031891860935,0.000938440614826263,0.06540927209495498,0.01859242639498822,0.024706777824374117,0.005404780816864504,0.002021457271832616,0.018294183424545255,0.009272071610889018,0.02023880155450555,0.010321417415122576,0.10104156132214615,0.035875199511645424,0.034813175153569104,0.016747733816451147,0.018205119472752638,0.06956732112309501,0.011580851236613534,0.01428685842532389,0.014934921588318061,0.04507250474428205,0.0075431746813931205,0.00701852314836882,0.01831687867759272,0.021679573936517434,0.027981598295288672,0.006784226650077741,0.017325440496715385,0.0026297648887725483
S0172,Controle,257.52856461585725,14.917385049848741,0.08778821101964818,0.003087619037083957,0.05818194064107744,0.03146414793796799,0.005630605473087556,0.011748165676068779,0.0025728111568233763,0.016090189631220508,0.049646506084593894,0.014743616011218947,0.013972039088855326,0.02359245659391497,0.008834620136543665,0.021012319625131313,0.007274933172999168,0.013930771904629517,0.02133152657223374,0.024624710474328595,0.020689934166284583,0.03108287211771195,0.03191650100599695,0.016447845980739763,0.021121344783615194,0.01645127370433428,0.02894256850070255,0.0013962384561094561,0.012058559868956055,0.014386798616109519,0.02037372647185918,0.008442196807101487,0.005452978474939925,0.03342008054858756,0.017763731761126486,0.02570961516208637,0.013338157935633263,0.04370746198669327,0.006438736983825659,0.004414900728456841,0.0412828221102749,0.01153549642440826,0.022166868138405578,0.014681863737174438,0.05518063014312803,0.0606943672070066,0.005375237941304815
S0173,Controle,127.98254528380137,173.23932770359048,0.014049859329680793,0.020586195862387746,0.015738949060648186,0.005741867783649865,0.047015022309724534,0.018230708139011648,0.012948126799427495,0.027623142723005423,0.01557338574707041,0.07122265344520073,0.010816350157661367,0.0059882979490303075,0.030541948916401124,0.01517592585851574,0.01064467634270016,0.025653272057681295,0.03290490658949744,0.05525158509675053,0.01144958883915269,0.011947066012871531,0.0030477312499638393,0.034908555104744436,0.03758879444014298,0.03573192321482252,0.030244910267914215,0.024023061136122577,0.023410844194043767,0.012683613160596144,0.032185496316511415,0.0020450380840508235,0.012739083091189901,0.03584478689714289,0.007841783358818324,0.022361377228696338,0.0263357589397909,0.009356474565756303,0.014467018051242767,0.017590326136767736,0.05974159031223564,0.02404136011678795,0.01869597912595854,0.002317080115857374,0.00791317824190391,0.01533554138300417,0.030445166245865518
S0174,Seca,468.0217850244817,9.51707390874329,0.02815636142165369,0.010296292334259707,0.003801810054324954,0.037732415702592885,0.00879462029254113,0.04010135756339752,0.11874219233827574,0.0009354093236056618,0.03582331098515134,0.0215867471026664,0.005132078460662537,0.019731720421554518,0.027878912833628897,0.007750677253681572,0.01338443997736765,0.002300869776212088,0.007277402800117443,0.014699635431554059,0.03419281325433088,0.013129738241963425,0.010394069048994257,0.019386297458020636,0.01470428509104611,0.01591278709759444,0.030034546925912186,0.008477839023942307,0.006714717807655348,0.02209527411935064,0.028975437354946457,0.02044544194645835,0.014206436982982627,0.011809219241303192,0.022300954184567488,0.007915282925515731,0.047604150687166474,0.042016516084980145,0.08476729633961419,0.008619133678972683,0.012729764981345667,0.0315567887553828,0.007703829639624575,0.018681386920595823,0.02581844214883469,0.007767505594945947,0.02791379039070516
S0175,Controle,82.30390879100908,82.74387879088752,0.030829350672839106,0.023347940598423263,0.04523573232741332,0.0151067700365341,0.056757030467156945,0.04241400220078698,0.030916802971514043,0.024942845769748735,0.016590857844347877,0.011966618716285678,0.0006898376896418888,0.04278998779435939,0.026933081389391492,0.02373479728254193,0.011920707174079793,0.034302142840518315,0.01205124230121739,0.026071706207083052,0.006864953680017808,0.008679660664859286,0.0009228022215568764,0.004293162425814827,0.0022978211988059763,0.017438759546964937,0.00977796946934589,0.01155748753091658,0.005468574353706062,0.018866266759765275,0.0299590700137242,0.03196081650331909,0.058456778153406476,0.02364582834037706,0.006594440991142349,0.014301653888641411,0.011236978947293103,0.00475350435886413,0.04810955614272227,0.04471617803542693,0.013380255466987156,0.004005622205655715,0.043555113662082395,0.014196355586674047,0.02294998619949856,0.03347698224147876,0.03193196712706955
S0176,Controle,22.455309696164495,362.5916604254344,0.04976893427510371,0.0011258542951512972,0.01976119669227775,0.004659139503539731,0.008962981027055393,0.012673236264997128,0.013472562009253992,0.02239584289859338,0.01345825685124756,0.011701489282230524,0.08256952531183284,0.02994359782129539,0.04289966183015589,0.003520322415209416,0.0560651641549799,0.010431538081049439,0.024479554440709515,0.0165523362405805,0.001710309421265155,0.012564980472130068,0.02786936956145621,0.03431206151555175,0.011660523548687265,0.007246723108060172,0.060129221465036915,0.014436155152465775,0.03463514960293477,0.023885649191665914,0.022269079150312565,0.02720309946783476,0.006854266173788712,0.005988024928819189,0.00967410041068449,0.024516354464169096,0.014398138458540129,0.007013956364528492,0.027349574283686177,0.029456620216011396,0.03668146389345092,0.037883858948485026,0.015640654605079556,0.011075298548445436,0.010327112711410005,0.052778631862141066,0.007998429078095526
S0177,Seca,217.54853000151897,354.04561784179396,0.006599147716399671,0.08085974057367541,0.00039780307070123806,0.01914741725275738,0.012433264595890696,0.058211062637868106,0.031904623787600866,0.01548681011167528,0.013001928487638419,0.0500192252081505,0.03557992474887825,0.026561128055717347,0.012702736091218489,0.022232899049210508,0.013816372755261642,0.0932839901158799,0.0032886948118739973,0.009648840253985934,0.0033028323536993943,0.007281458015732132,0.025527695992464267,0.061244332455721716,0.005955531873429631,0.04066967327686497,0.004946086202107559,0.006214033546254619,0.01415358689139793,0.016134405747359318,0.02148946501162975,0.015012834215761424,0.00865216682346291,0.04659050154155388,0.008155242741990233,0.007656635045616227,0.0031957167142497673,0.004456418875112758,0.02599498544851273,0.05062317646812477,0.007077103436534512,0.021825706263125202,0.006808824627704825,0.0017657730857050856,0.007391003836645635,0.013073405656199825,0.059625794528655296
S0178,Seca,496.1877820279185,369.29019322869135,0.00020538828784815336,0.00865829775401282,0.002630272994084248,0.021735509038670987,0.0078049784317817325,0.008656929844203411,0.051965375563645784,0.029871316349678895,0.028458380163761628,0.011345471663813224,0.005420873658246692,0.013504135536433651,0.005986126731628635,0.022613236263123757,0.01579406469442069,0.045116584895860345,0.009407006664728242,0.006925054876259887,0.015251709325585849,0.0047445827316036585,0.0790799599961747,0.016241596414718628,0.01995168348009809,0.03274297932751324,0.11187345018000028,0.015110412253607545,0.04924346174341693,0.020782874736254543,0.013125804900297423,0.01123092358950344,0.01729432178092441,0.04591582110926681,0.024455628899764836,0.001520542266974978,0.03127941380138113,0.014334071855417243,0.009138830876844264,0.053316971015266355,0.053805215405871507,0.027423857107947338,0.011984216080091398,0.008207886351130353,0.007281117106847071,0.0020817930839281676,0.0064818711673669035
S0179,Seca,445.838633127457,158.5765855649894,0.036108817827295255,0.003928775291934929,0.026817393642939072,0.010203247411807198,0.01264487782324962,0.007299028321182822,0.019891243958908678,0.0695858102005459,0.03241389829996676,0.004725991037965857,0.029081671733835225,0.06689600269833856,0.01583915154174285,0.02627904437366779,0.013910648987626537,0.014547037974169815,0.02756997409593244,0.008187476289187324,0.016678184375890172,0.022597044775437718,0.012092485292965636,0.03662981377495987,0.003596934186392478,0.012440317335684566,0.004343286377819524,0.027271492799515087,0.012544769938689559,0.015450001827654956,0.07846338208308569,0.015753822722492768,0.022006023837658414,0.04167334860863219,0.010360263143545753,0.0045589674370389195,0.0330402273335413,0.013985432235363617,0.06904264497922731,0.014340839460305751,0.03596602130467555,0.009841780962120038,0.00964217234453193,0.0023158563300105907,0.030887824534763315,0.011870680306230383,0.00667629018147025
S0180,Seca,374.3040097284746,445.0097285588477,0.003087131621629762,0.03165422725852525,0.0011819494070118527,0.03290805516556383,0.05700374388025592,0.012738332767732879,0.003609261874895505,0.016231564416861705,0.04104588287585418,0.04121560171794271,0.014175527164205108,0.008729704198503588,0.008974248772651374,0.011979830095628599,0.0180003140560163,0.03240675696382184,0.032956887186062045,0.01637048573248318,0.04018386439402672,0.0038539861150557876,0.042061607237118624,0.006736402312951807,0.01851400685699874,0.021558741653700406,0.019344754337471765,0.026698842633126652,0.008161290605874671,0.022111019265990493,0.028562622832756825,0.0817392575173807,0.008912806342955173,0.051963626606066564,0.009774295199648472,0.0271053744281326,0.015659731748438238,0.013262390810758876,0.02109997687888069,0.01597024001044767,0.00922996839002406,0.017352993818844028,0.009554356800375977,0.008250580460518011,0.021306070141090504,0.059554735339522095,0.007206952106198443
S0181,Seca,445.39624543926243,296.91527401422377,0.012879457071238222,0.030211092390748533,0.04629734179981588,0.03451299741621153,0.010784533507177436,0.027165493559640295,0.006849099853979768,0.048231873712911176,0.03949941241799913,0.011013879962490748,0.0055843342586654335,0.0072095107884572966,0.032175274992514324,0.006139241074623132,0.045777202364248176,0.027486775555102008,0.010844345939431364,0.060791084652505545,0.005694793179501351,0.013079766424654072,0.018870677475715875,0.012873694492649763,0.04361655649666943,0.012466594489160154,0.02048591340454283,0.03266036609234004,0.012336031160042579,0.0066947312364027504,0.042542079484858,0.007368039341429353,0.009649929789802433,0.013765500058917541,0.0116080837566598,0.003463337778476662,0.003785076071203993,0.010386740693584291,0.06992167330735129,0.009514554962994312,0.052517392265729226,0.010315849598828647,0.03313754647109713,0.02305259157905887,0.017013306105649585,0.006631137351182038,0.03309508561373818
S0182,Seca,446.7233198489316,63.013170873313264,0.00911824257285206,0.013957377752045018,0.0007064935104497841,0.0036869545526090476,0.03571356720712504,0.0391063360770327,0.023778896855862774,0.016499584879657782,0.02252951530335018,0.04858409251032329,0.04355882665786604,0.024659040628548592,0.024212562994196562,0.006414731184061885,0.011906389185119078,0.07365315399398205,0.031890665085036005,0.02658306346618637,0.011901847459258909,0.01004390026225527,0.026561676618182505,0.03454672128729722,0.03725898025568719,0.03449602891190772,0.0035366011282696283,0.03930268275272727,0.014826774950403656,0.0305181878818028,0.012970742262526746,0.04310680211883092,0.008580303692945582,0.0176771198841534,0.018811624643186284,0.014066559170543863,0.0029484302085631417,0.007406332702472922,0.005996459058915887,0.014660169433990403,0.04025190839548211,0.011805041789480938,0.005191618259306137,0.06650505652362272,0.009920622672778098,0.007855460349862937,0.01269285290924137
S0183,Controle,259.4291801932245,71.85933072776707,0.035280102574213615,0.0011361417951628375,0.015014329085106859,0.021161664264124486,0.022182066901931682,0.004658620508731526,0.006722923605174675,0.04829660046889226,0.013706828568346645,0.09671085816706144,0.023872795651946364,0.022956226642636905,0.006144013157511806,0.008251068456646313,0.010062513053041816,0.0152130237134207,0.009932475563217868,0.03418928472298774,0.03531358817355772,0.03816145602409731,0.0032398379789102287,0.012778016715134186,0.0018926970305445869,0.09130118288393871,0.01490403261501567,0.024335631310462826,0.012641278390219517,0.025666323071398066,0.03767532129231046,0.008836623342650389,0.023866789874859882,0.05012793252153122,0.022075059491395908,0.011800889888298192,0.014788462516613636,0.02040751057781459,0.045566611491131274,0.009850229584212096,0.010862712088946696,0.034691564637465165,0.011403062776286785,0.004370366910262711,0.010231063397937187,0.02529984784159266,0.0024203706732566525
S0184,Seca,157.9645259153965,346.54771346485074,0.006646102535809558,0.04876952145172085,0.0005387787866914996,0.04032122229043558,0.05788563851628573,0.028142963481885365,0.021464036515248277,0.06296489120020105,0.0033036439861310525,0.0174166728530847,0.05731018620066735,0.0023276843497058745,0.0033245958134745413,0.005748157533363214,0.005940332455804485,0.007826752060825006,0.008208131097219086,0.00862551506190901,0.009517520013610324,0.006684314789231932,0.021492984487156037,0.0113841940757305,0.015190067853471463,0.00632505060542018,0.030616514218964476,0.002139920177243897,0.009784123802113397,0.036497402149793155,0.01343741596161452,0.03138969670736325,0.03895435010348092,0.014648904659694886,0.03703871178592019,0.02003763013741502,0.0047781227633503336,0.05068368835964711,0.08672379555276065,0.051110718149828496,0.020993043233283583,0.02754633303915878,0.009896779329666832,0.007741906735508305,0.0046289782102411385,0.030660479094456843,0.013332527813411484
S0185,Controle,386.006216055494,86.47196822103903,0.03302122957458606,0.0006365683507415302,0.015696468336697328,0.010301109810896958,0.007840930613518328,0.013688440713537251,0.06525825904681712,0.04609664264741257,0.023564087226148087,0.002792709906286074,0.0009062882538703974,0.005210523508970027,0.03426676072831365,0.03227019860137546,0.02159268339132629,0.004496364368928631,0.007301542077643951,0.004345969760499185,0.024356197676629908,0.019054483734908957,0.007849366734616324,0.03343002520554545,0.025017097976523045,0.007243103532525707,0.02510002771171267,0.06823216714681658,0.0021837727336931918,0.055485807915805874,0.012466873766027084,0.023796297405625767,0.019552073254429144,0.00796900601286892,0.011255564941727848,0.03861750625362423,0.04392685963411242,0.009831532067438682,0.04562969455379703,0.007284758623035561,0.024879674917279163,0.005223569799241129,0.02556474905566108,0.008703327464830534,0.03313952831609982,0.04211272400328872,0.042807432644566185
S0186,Seca,330.8306315838805,253.64635079102166,0.028553570484680137,0.03634032421537699,0.005386323961199687,0.08760548838073191,0.03559585110949958,0.0285329676238707,0.04268614043440812,0.010161089001551646,0.0934751475888729,0.002811154724898851,0.002711268380723257,0.004561258467295161,0.013904405534774324,0.009825548450521608,0.008788743702267964,0.02380686771186268,0.043090239444495526,0.008922313611276081,0.008980325531073525,0.016844561812347246,0.009194616016788136,0.010646823487472885,0.017768271835910593,0.003015803777559549,0.005125723333723457,0.047968533315738145,0.008553328556408404,0.016965962836187315,0.025452487480542695,0.03394854088009455,0.008554018037510826,0.020688796123638265,0.018654186811943,0.04590595350421573,0.007160032852274536,0.03257004068725072,0.018407143474194393,0.02631881668914926,0.012759248064179492,0.024681459166573088,0.01774927225773567,0.03448976060792335,0.006225939934149986,0.0226178612243343,0.011993788872773792
S0187,Seca,186.82886443685504,495.88723796435534,0.029652306660349688,0.01193016993009917,0.016167039001373982,0.024889903569701614,0.005936822426789994,0.013749754200274671,0.0107581831957068,0.040919453271125165,0.01985528508384872,0.004661513432614892,0.0031492116131875804,0.01199574127813217,0.057485416911748015,0.009981578775978394,0.024654352064881993,0.058483107828734046,0.03870728509520948,0.012797695372992251,0.007651969660598997,0.018988233025186613,0.02455041160774689,0.027650991490974802,0.019565967662239177,0.010849241924077099,0.0009017417477311006,0.01068998258949994,0.019316698767513126,0.07812274257975262,0.007126267235227115,0.038270840865143305,0.004500739923142003,0.0429034630043386,0.024156344702444807,0.021022758372721103,0.030513950898993742,0.04439409668210489,0.0026779865975458043,0.015178955995229972,0.0032991401630616166,0.015763063996708668,0.02730277916231841,0.017364348062219998,0.007274062708832901,0.04620592430908883,0.03798247655280935
S0188,Controle,47.23333403075763,2.003802366669749,0.03995976849945423,0.007412010361534345,0.002804170701152777,0.003969271846372252,0.01908108247901616,0.003920404983970384,0.029326111128761597,0.008353538482258185,0.03991611102938574,0.009894568558191902,0.006114853787405671,0.0041443200265393635,0.005686689973410643,0.013798601255549652,0.039509179878336194,0.02124105612585765,0.02838366707808787,0.03017043159270692,0.04871347790519326,0.00353925730337851,0.03445082186582155,0.013967186581468578,0.05146095547247389,0.015100794280066478,0.00774480228764085,0.029409972168383258,0.023320383983193787,0.010885057011867184,0.06101602278525997,0.05155330002890415,0.023598858291432833,0.01678772151810174,0.0065649261872815345,0.0034175272038373425,0.022218258640587504,0.03828577425651265,0.0518210348072582,0.013925147076128378,0.007909929203860588,0.02236126869034638,0.05748347050676116,0.0048731373786263955,0.014010737681800993,0.018747729163244565,0.03314660993257685
S0189,Seca,373.394805674513,8.289900948778461,0.009138679858209077,0.10229056791631735,0.007301430770716272,0.008560863329673847,0.00894887377013189,0.026417001044491347,0.010725010116266894,0.004908269995188574,0.01878742759874996,0.007994541206820504,0.029499127462540086,0.032916948037076156,0.03566504999947818,0.019010302693424724,0.007302834672734894,0.030416234536464616,0.01140529144019703,0.002523041199694603,0.04839849407330202,0.06559065315256969,0.014719661713229467,0.04853265793494434,0.02030609059553636,0.012378614788659845,0.027390827015686226,0.015762098166571932,0.023261556233665475,0.010867127980852187,0.023908115835787273,0.01789120015868554,0.005919456234177961,0.013718503523049637,0.029394381774914873,0.01617858909359883,0.00971599336031554,0.03219877951399687,0.0034578703063146672,0.030220560685666354,0.015169482773657808,0.012036850198832072,0.005870118734148861,0.07767581171545428,0.006190514279850257,0.025708255451846188,0.0137262390565096
S0190,Controle,131.23025796143233,496.54229096525324,0.028210932829093455,0.008361235817572584,0.06139544311541136,0.003189543864941205,0.0017573427620373283,0.03003949335142183,0.01627523038300006,0.014181522984940622,0.04149360535100451,0.022522040155989572,0.0199745965329933,0.03406513154786014,0.0076176503710612365,0.0214807810503439,0.04402124608184597,0.011752834602490186,0.02522386892048399,0.09549625680691043,0.014853380610489098,0.0074002352552517015,0.017197883781907616,0.02644471030825876,0.06336342461197084,0.006607170416432876,0.013445019587719282,0.003718512121307624,0.007613246114707136,0.026838979655723773,0.017520379235978687,0.025671810524319178,0.013014778910959016,0.008713459937559717,0.008506730806264589,0.004687668834409141,0.021895034081014612,0.02568070343390057,0.022418850125645717,0.019836456302163175,0.03958916653387458,0.02955197682131739,0.012201265359404375,0.04700121911610255,0.015547353028434803,0.007139460516662801,0.006482367438818683
S0191,Seca,468.4065752668896,292.3194170670828,0.0071099859533424025,0.01684435738509227,0.009852838666078476,0.03873400450010984,0.017219183219480672,0.019165528691956632,0.028796612876741443,0.0016310479984639958,0.011641103147555931,0.0013374538489382083,0.012029238425977837,0.021561640195890786,0.05598852898722315,0.006359627009899242,0.010780172621930758,0.0590620702553033,0.029915251384357338,0.00824861022247392,0.05316787344682462,0.027349769777521453,0.028462038926723183,0.0337120488179583,0.02523988680250003,0.044096747073687576,0.0049854719912444355,0.0041554075007158645,0.07513225607640865,0.011889967410371518,0.0353421973661749,0.019531810040898982,0.00855671000255793,0.003998425981652882,0.019644533052305825,0.036401881398075986,0.003278303050364485,0.006359202870614575,0.007443214604418917,0.008494016100776209,0.028028478500517207,0.058513745374355934,0.024357106942264294,0.006376530858146864,0.022444702145998408,0.03457821736683883,0.012182201129265768
S0192,Controle,120.48528750284237,63.45498775925657,0.015523159901504874,0.02400774133379661,0.018533839807237416,0.0020876800877857303,0.040008852479507834,0.0553885920642108,0.013106287651154788,0.0016122838245889342,0.004043713744154127,0.03121056716529206,0.015554341150231027,0.042730796062666394,0.007307429687047149,0.017912569561931945,0.029157977490394883,0.005553526819097443,0.002674274865645923,0.014433932710023968,0.015314211964396543,0.011648514617555478,0.012238048678329715,0.038989037067579384,0.0029905219409579117,0.013581080834120183,0.004701709311843163,0.023646421663571258,0.008163140479032065,0.03098379532760406,0.021090385786933463,0.012243903298132845,0.04424441908919097,0.008351414727544705,0.0058993000808681235,0.014191282352586628,0.032336642341218746,0.11330988301131223,0.004656191257186953,0.08322863889470233,0.01766776453502697,0.009019609183502338,0.017868173179028377,0.034195310215619605,0.005285333780505826,0.05567859082681976,0.01762910914855855
S0193,Controle,61.37896620574301,448.6510998770468,0.020824585363428575,0.0013504089715088282,0.0025072064114841975,0.0008420122209961607,0.071395287628248,0.019756920815216718,0.03103400445280968,0.002586126168555753,0.03604654093603766,0.005118234840710256,0.021653532604795772,0.014243235044272877,0.024625618088558444,0.015164272886769904,0.022392914753799998,0.042247156338887794,0.007205453708935171,0.010925671055996823,0.11843959249422842,0.007140855315934578,0.024427683731073468,0.012393315075339228,0.02363472724434425,0.005393546022721312,0.007928977205619489,0.025702056641434646,0.007012858423261367,0.025714114641607534,0.04049700209508026,0.015085811200434658,0.022263210734084028,0.0077770007341103654,0.009375585936078621,0.004117848688968886,0.018444511551468767,0.03506361406149766,0.017935737905969168,0.016676381624999313,0.012508671219714584,0.08438299543744816,0.02600410712330424,0.029963977366766318,0.026768723679023523,0.014635443648658073,0.010792467905816476
S0194,Seca,415.55633606245306,440.1901500638461,0.031216701900416796,0.02663335986874879,0.017662373898021038,0.02158598175812036,0.019148543837085124,0.010452455460209096,0.02073551901924346,0.014336345302801343,0.023602771349835936,0.017146487400940852,0.010210640692209736,0.013900101997270485,0.03139633147423572,0.007116376949692038,0.017066813162261805,0.01069600483806321,0.02557573059288609,0.02594980431540009,0.01115078812185466,0.06465990337105516,0.007882609067002262,0.10351980012795738,0.036156448499473366,0.008720094918528378,0.009865630885671207,0.02941365865474623,0.0035436034602419576,0.002368737324853255,0.012090388938452667,0.004402673736328474,0.006225604305949125,0.011815010648268303,0.011537299922829354,0.004162295450821526,0.021540956028133995,0.06278143357922868,0.021348348939597025,0.06877441639196362,0.003906097534444612,0.008169285800273164,0.07480853725988361,0.013070825025778079,0.019774595583805316,0.020720310371882426,0.013158302233534236
S0195,Controle,76.64215831224702,268.10020655568763,0.04683787586116597,0.007350473989885986,0.07388637634154313,0.0006970789559736474,0.0024937882275789434,0.014560176133432327,0.009339099695562705,0.01726793481827767,0.018621588879015348,0.011885066144573873,0.00655350147968503,0.004849070342613111,0.007318445366620266,0.021100949524055185,0.026713436225402086,0.018727806933099625,0.02016610866855887,0.025776751481891316,0.012135001554170563,0.015127849461004553,0.055908573985285176,0.03641548950087112,0.04853656197452696,0.018086810148232792,0.032923377259504866,0.007473195384273559,0.029821380602230458,0.07898965771874226,0.02913987682620237,0.015104622033662682,0.0016657874787354293,0.02840961470777119,0.008121350077990485,0.003590264439485895,0.010394879150878084,0.06505296511097626,0.03788115743572142,0.006515740335935444,0.005575230045194318,0.015267651951364949,0.012234640680834992,0.03961976613284179,0.015421011548380659,0.025205874894466913,0.011236140491779673
S0196,Seca,89.63415407886954,310.89601493037827,0.000864068739684771,0.006939070289897763,0.025858299591850938,0.00918667795338233,0.054152970255340084,0.037650305673112665,0.019108602761491053,0.007004083234188655,0.034824033079555075,0.03272672764628113,0.015933472435919714,0.03697255656426381,0.013233962343502062,0.007337780956734971,0.009787408959170237,0.031119798950141594,0.012736421842516029,0.0048579787075541375,0.019823849368927105,0.0031515676563189793,0.04766146740243265,0.01976614378960209,0.03228769694902675,0.008406253019690762,0.02152558077548153,0.014358283553508546,0.01878068739378499,0.019287562162695154,0.013007419499177043,0.0014114600970369605,0.026147040782359545,0.008808684296016537,0.010311907766575722,0.06297145493233719,0.010603496247289644,0.04221808349693496,0.08905658407043217,0.0459545475968569,0.03233231697214432,0.00700684259046539,0.022811198560028945,0.0026724434473935003,0.030407290609645192,0.021021931902861314,0.00791398507638938
S0197,Seca,299.69139576042176,136.59359575043817,0.004880682029427084,0.010753499151942559,0.0034037415493148697,0.02875630636034459,0.04701842693290022,0.09464320597295794,0.039397301202128185,0.030726201751560097,0.007896216554806532,0.04810308268202617,0.03273884252871277,0.013550683253490918,0.021945460829003546,0.0197584262982757,0.01627117390457542,0.010844607664212054,0.010560585876813612,0.024640287877045496,0.015390942598201921,0.02100303259137005,0.05491615339361564,0.029827117219221773,0.01685981189467503,0.014332252855283936,0.03053085190708106,0.02481903020513323,0.02201622700446503,0.04783713620098846,0.020218550405008816,0.0118495542209221,0.009222168947329587,0.028071850794779595,0.004514260661367525,0.0023183422565707344,0.021449354084027383,0.011639618116489326,0.020578649220491865,0.008213759297740196,0.007766884166541242,0.018622163079755512,0.026344941153352522,0.005114904233157968,0.005178175042510298,0.032189706614919766,0.023285829415461746
S0198,Seca,437.2810204187322,25.259848186002575,0.029050924873233956,0.05758401789181949,0.013103887703411171,0.034072914014602065,0.03905339891655227,0.029241427998751703,0.034266847705505914,0.02783272834555515,0.024953116474314918,0.027569947199020797,0.027669482350233733,0.014615579325253359,0.010087961684098319,0.006872931384060524,0.0034213460445668338,0.008209080475258921,0.03082840449957638,0.051377726782420335,0.023140989649531755,0.031267301572533476,0.004548334418278411,0.011260316886954221,0.012130056054604717,0.016741925536270116,0.014089589726310551,0.021440942926095885,0.023457455077298933,0.045853176249555365,0.01611580676278488,0.0018997140555013909,0.07376891057165169,0.01362390665783858,0.043199158654911154,0.003764723821453208,0.013065948924651247,0.005172183728371246,0.021972200200978367,0.025593045495883763,0.03366607511341349,0.029319998468470162,0.004676625132815014,0.006171028553914405,0.010022718797177553,0.009218681440678254,0.01500746185383634
S0199,Controle,98.21733285728662,297.28380444543217,0.020478894398166414,0.02955491948099487,0.012301666127593135,0.007134388255128145,0.0039218696604173126,0.014034472825917792,0.019148288073032982,0.01788962826025584,0.04193552906719744,0.021503788122865138,0.049648149353681496,0.007972209495330321,0.008619447984044943,0.001080330920107111,0.04021046051236017,0.044653655644726946,0.013031596317549469,0.024523296032623935,0.055909047951009504,0.06386479680242951,0.01578977767266979,0.007333570838855697,0.02520296981855214,0.03399693132448218,0.006993329721593765,0.003941217386995931,0.004264259957555912,0.09011520287095373,0.008926983175639747,0.01547795690765113,0.008207540408829256,0.01217458552487493,0.02029818651534395,0.03023265829763998,0.02320775560680318,0.011472832400730047,0.006636907346542735,0.014267731227523523,0.005031567345949027,0.024727173940114356,0.00811703593832734,0.012687374551374952,0.07465701236612118,0.020118389884582772,0.01870461368486042
S0200,Controle,155.1618364500474,147.3775966013815,0.014591549311151376,0.015015215626258125,0.013684655177643416,0.006200722457507746,0.029515578136887682,0.02168408470834367,0.007017711798492707,0.015410786917822094,0.015703529596997567,0.03036354385813551,0.028934389199842262,0.025115275109260857,0.010328712315307324,0.018739933258955777,0.013461687879931718,0.013722691487608695,0.0067893298737208806,0.03501174752014478,0.0219225499230017,0.005382022537119342,0.024581379874540718,0.007511692037759549,0.0033759171253553676,0.04720826423946784,0.048043010708208336,0.01799460296664525,0.02728091353833579,0.009563419037138384,0.029766298808359227,0.008814218123511817,0.004621160012767905,0.0018811508885903138,0.011479413894635592,0.050160110313329516,0.029359370786317045,0.016694837176542472,0.029806327299753764,0.07595829714272914,0.01213589477900884,0.03820011990999486,0.057717044226377794,0.004137116906681367,0.009590541649579572,0.050633276120383465,0.034889905739852844
S0201,Seca,388.7024191205888,331.81052333017595,0.023333327470445968,0.01788204023363789,0.00435893996832967,0.018376338717023943,0.018163528094602206,0.007447384526602323,0.04703907974937968,0.04225063331303827,0.0383656837066128,0.01255129380006869,0.008817626930490026,0.009503327559610183,0.017354182915789284,0.01457294897911348,0.06589523550626895,0.045682018044125555,0.023358814563014245,0.0050263630275010586,0.02142783650639884,0.04567089520956092,0.0062415399232257415,0.014767508982415184,0.012049219867125939,0.06196811305673672,0.014562724899132337,0.011929360178084,0.014120776127121214,0.002639051766567989,0.02184402659945453,0.024516954176909234,0.008361427205451261,0.02581982725274993,0.07173593384780988,0.006685580594802902,0.04463417447397269,0.026590024067924257,0.016555889044983355,0.014952317527594506,0.012505071136168711,0.0020704883795390275,0.03927758182638289,0.024804380766487513,0.00658468637811517,0.013111068678616663,0.014594774421014233
S0202,Seca,485.9132130304837,418.12258842130063,0.021923866274132526,0.01970412297151238,0.015108957567377422,0.04356186304361365,0.016315157313386893,0.021392384432829255,0.025418798680607722,0.02209489035466135,0.03165786022564041,0.05910252710998577,0.008396829264754718,0.020380088482497227,0.0064044910117253126,0.007855305320846882,0.005240405411189211,0.00430036953165918,0.004045082249565619,0.01469675812329598,0.023174754182821583,0.04033057001958416,0.02207222830264842,0.022236299955891815,0.06799790987755183,0.011506954474022054,0.0250345111598477,0.0012414688357030835,0.05021356214030964,0.022937219793564605,0.029330134865975126,0.01187204994540936,0.01252554512226785,0.0023278028931477818,0.06682347058890757,0.03827432813189307,0.017336365087243663,0.04523130327989212,0.009617127489715572,0.00687088064757713,0.008168972611189528,0.02029676648527468,0.009417348851115668,0.006129365214488973,0.024581214673688807,0.0040317897711823645,0.05282029822980447
S0203,Controle,250.37059310117115,9.08027195718203,0.04149685812359528,0.006552243963503906,0.05564324830510963,0.002543226664778927,0.004914101225520748,0.023064639721287916,0.0009604001973928582,0.01013356796060905,0.00644489784579612,0.03503243318483204,0.011895553859363148,0.0057947783578834065,0.015083318493890207,0.035278375035309374,0.005415851411886026,0.005690044985948402,0.02162600459231569,0.003786897316249501,0.01393901349867843,0.03291606326959964,0.01058406027135019,0.10244453066867805,0.022444901434016677,0.009098010397595769,0.018554184121423234,0.06737969817429167,0.012107147363635773,0.022119229336133497,0.01107975079029152,0.021994225300667726,0.05158891321505276,0.018968715209095748,0.03218338981849206,0.0070747499168433235,0.012546309553945714,0.06805434171264234,0.00666587903962373,0.04541882346712674,0.0049576297792946495,0.003593627250545785,0.008405999988745255,0.04503229994466525,0.036551769474575,0.01981122205273267,0.003129073704984668
S0204,Seca,71.94875127562538,297.8568873428637,0.006512221292480108,0.0058056010386628885,0.02066017317326822,0.11957477683094934,0.0786946198351379,0.015984302292708568,0.00866934216457374,0.019468262335060948,0.009612406865763866,0.0458922240560257,0.0064291293149022375,0.07968164268930156,0.014800985042926734,0.021491135335776165,0.009834047427215893,0.053798537129608325,0.011101743995888825,0.01232158506267542,0.010039170247700594,0.009353138735268138,0.007836886607853706,0.04822444485670941,0.01900346078902688,0.027118473669371406,0.014408176830784233,0.030954624439265097,0.02112672537429094,0.01374951741638856,0.005560489796030351,0.007018080172642927,0.041352801956677246,0.01905370052389931,0.016818455176682796,0.04379504960386274,0.033720008395162725,0.0009484207782053159,0.0014953850011715586,0.003442280145397528,0.010012163533024636,0.010708776692451781,0.003480803884034685,0.038890012668969416,0.010249921837129722,0.004264060251789285,0.007042234733282461
S0205,Seca,6.968143854100772,115.64026984342613,0.0053010450574134,0.05601212114323953,0.0047398975308985064,0.01720790761498315,0.02516674579117048,0.0465109384063536,0.021688229659817662,0.009080503114251222,0.02898898286483035,0.06313741870909442,0.02558290234846141,0.0038376543862310456,0.08256818131847803,0.02305393162442512,0.003158575012234407,0.043393509812608116,0.05110770935061396,0.02114517280955815,0.0030281189371182886,0.022605987969021846,0.010141912726294408,0.02297922698328485,0.014683568273605603,0.015742208576898113,0.01468555220637046,0.02419816063493939,0.049760142545317174,0.02589111251237187,0.007271426484472721,0.009342911111806535,0.01294405749735266,0.025039313283265762,0.023357269277888695,0.014805377290072547,0.03304619387708482,0.016050456987475644,0.011216205915915243,0.002776991021518397,0.012733253768626582,0.006663543262997741,0.006563112415411238,0.025671458691926656,0.023741693687993625,0.03139579051290991,0.0019835269933967184
S0206,Controle,114.82801499942764,436.9442489519007,0.0452121042355479,0.009599387004418166,0.02676069618957768,0.005699007206913947,0.006412802869997537,0.0204038688063233,0.027767076709052443,0.012177634845736566,0.005672834536257664,0.004913446190603185,0.015479463747192,0.0005329567109882038,0.01978768678916863,0.016554335004352834,0.005811379223976817,0.02080373863680208,0.030413587541481508,0.043574165946736854,0.012891548950859201,0.06675107400583581,0.024641561598467043,0.040053904468551386,0.01427129141828358,0.016356034834612333,0.02082066469702394,0.009931264242447942,0.012158742859593731,0.021201811320463546,0.010187776588453275,0.043191551372310705,0.0253506786817853,0.013327093319996722,0.01556825271646623,0.009541644147928185,0.046510730343695766,0.07879108272985658,0.019006670372532546,0.0425497267595506,0.01775135388536469,0.004181038602567052,0.006573747626014568,0.010643084707311545,0.05853922624054209,0.007699908979689738,0.03393236233466859
S0207,Seca,65.91110889326052,126.83225328091424,0.0027087005425604684,0.006118649036681388,0.009483380965768036,0.06767590724474928,0.0026857514727310987,0.07213982280203073,0.10265350988032468,0.008792326959523514,0.012122416853599959,0.006756669797865112,0.022629955005409968,0.03488356784994495,0.012575930796116623,0.010787438404546143,0.014230416168482682,0.004038408411628241,0.018872490368426465,0.06887422885925487,0.006447215100811391,0.06921505213591699,0.011972815818949722,0.0009498731937840634,0.03447024882513392,0.019594781396595207,0.004878882570241925,0.006271521378273519,0.01045785904701056,0.017073105300391973,0.023641686708457035,0.01056274094175848,0.018854455607341447,0.030621295636346548,0.024441580918062922,0.021255624059322104,0.00039189424573112875,0.00608125400251056,0.006922473738040897,0.016063066376291027,0.01281209011568098,0.011979447307339923,0.058283627784711224,0.0286006669583436,0.023245056749330594,0.03291584731982575,0.013966265344152346
S0208,Seca,338.8293368064287,305.38506661770913,0.003075988712668316,0.02226421332960318,0.002578364018504158,0.0014163973235584463,0.030914603191600824,0.007968953558481054,0.00486369965196824,0.01988561781651566,0.013705397127363263,0.052161609826744164,0.09412373635296233,0.0020796796211488104,0.020996860571470658,0.012533974338861779,0.019365356547241593,0.0015541093851888731,0.00838827997293593,0.03710354088590939,0.027184735332202087,0.06673131956697259,0.010613653309482772,0.014829741109958047,0.017740491585464976,0.025469068561933313,0.058905049176521077,0.002140788946246357,0.012130918806040556,0.05844672201401506,0.02041856024732369,0.012024139957044192,0.0026146358597645123,0.07637293966103544,0.04108528130119377,0.045078846936275105,0.007547931388382751,0.01696555912185217,0.030654676769480815,0.004516760614794059,0.003004452819921445,0.009849780586223201,0.023913154159504207,0.0003830600317922552,0.01803360340515398,0.00421555276008476,0.03414819373860999
S0209,Seca,60.91625231426556,276.77042004480575,7.296207546089653e-05,0.03967903061987447,0.008593644518195302,0.06451684676362626,0.035163914648734924,0.03624414339883239,0.037659696891911246,0.015372612414922654,0.03328323430122981,0.01207981988372512,0.025895940354443734,0.01053026950635438,0.043486178028636996,0.008773012723446308,0.04267512229870717,0.025689174999780136,0.025942633249634774,0.006291523816914733,0.017407414810122385,0.018303731444190362,0.04080060926148653,0.03412587154525801,0.014341582200122624,0.0075589185691714526,0.027868575425751052,0.02267051175528852,0.011454339321416566,0.010341715745282073,0.012162824960486497,0.011458629610908167,0.03884499029709612,0.02633049476546709,0.011539491844198167,0.0040564352417535934,0.016775859639776753,0.016866522513017068,0.03922054113867108,0.006889484711368619,0.026351778884098672,0.05180408438953924,0.004154902825005428,0.01659006707137385,0.005508504134243309,0.012117346513573999,0.0225050108869015
S0210,Controle,253.1649658103165,198.08325002962445,0.04950470053260799,0.0007709062782208003,0.02853377535471604,0.009871979763490333,0.02443165091511348,0.018895299385339407,0.027343159075278973,0.010792331736454554,0.0664550520651452,0.03726258104833865,0.033336978475820615,0.014771779796252415,0.007000399639931584,0.01804031736130087,0.013716456703634267,0.017448819246154646,0.03845417035030801,0.036502791426632784,0.030688781466540534,0.012874548928123898,0.001691359718829805,0.021739254755310508,0.039302475246858204,0.02064120957657948,0.038892548753758666,0.005189107680464653,0.04980939364813715,0.02162758295322192,0.01990656058169916,0.003519872336187869,0.02523503431499614,0.027732977794022666,0.005651943606007848,0.01726409946610608,0.015500766909379435,0.017133737142176093,0.0037035854799343307,0.04505482107274938,0.011246039219608654,0.034361517272628136,0.014627261137312018,0.011967549315860939,0.009774823005218003,0.011682254685645047,0.03004774477790284
S0211,Seca,347.1312178214432,338.810381799897,0.0012944157029846017,0.03537929863003657,0.013864422484189225,0.029538511184053918,0.015004951812362164,0.019698900772262027,0.052671099983899385,0.01974852399226639,0.0035261452674705623,0.014771460221595869,0.02372957021405883,0.0017859800722841719,0.028241812243880792,0.033299627006938615,0.01694992752604139,0.06247399022269793,0.005432584550569213,0.008093025087385831,0.0185440488235812,0.008411563676105138,0.002892350877242414,0.01551717904054953,0.0016300010913876681,0.0032090399510921893,0.02194436375701109,0.014665714759608962,0.08966026226999739,0.008293683684515342,0.01704303185673894,0.018703160296842252,0.03337095224419463,0.052107882898401,0.01411376476633695,0.022727658771600427,0.004735643690665024,0.02492701031774202,0.057154459655968215,0.0161945393620574,0.018303410152433516,0.032502044033063296,0.03317514506908507,0.033963539391532245,0.017583281804297565,0.008628100024172127,0.02449392075880084
S0212,Seca,290.55830461045116,362.88481735771694,0.0062186737242732526,0.027373509709663277,0.01514562943182753,0.1353570930897245,0.0090591714507013,0.02492569551419184,0.013699566489984036,0.04679992623611052,0.018882398995540162,0.02517737935483921,0.011235768500771114,0.016300085774712033,0.019107075686172776,0.0037353606965675047,0.043782859131657595,0.022256682766821627,0.006613897849374187,0.02073502833305484,0.022282086188843347,0.00517326204048417,0.029405281849918308,0.060939542951561766,0.040836542818026914,0.029814787392656715,0.02177736553494761,0.016255084190328877,0.014227374338254804,0.024698927613018253,0.012329479139325807,0.011496697764836262,0.015224180683548473,0.03174625515107836,0.006458039504270044,0.01849554894752497,0.035720715270613566,0.01632497590339383,0.0035257391161160226,0.006125894764122246,0.02518399323265064,0.0382278799796563,0.013529798866598426,0.013252796016291334,0.00888752529587298,0.008742396609395634,0.002912026100677045
S0213,Controle,99.8878258300288,283.4688976596934,0.027449671012659934,0.002898022235387693,0.02359631405515329,0.025662674982557178,0.021721001597602926,0.014927222480518167,0.026994602690017896,0.03832433405717846,0.02483056135156757,0.02070663868921406,0.015423523922594239,0.014360734828034207,0.02627768673958147,0.01947271390715766,0.004348448825806594,0.003371341982397806,0.16313523844883618,0.00799258980108217,0.0036773601427507303,0.009000751752727416,0.006816082616855845,0.04083921010762688,0.010562820957488152,0.0071680292163814625,0.023564083829294438,0.01357066752113839,0.02705550815618183,0.004038799626428572,0.005860847088421873,0.005316903639689036,0.017373553660290263,0.027489200919205134,0.021292226711977065,0.03420623275004104,0.010509443361357448,0.002944085852492648,0.021738017717233184,0.03248671060132996,0.05202540412499857,0.011363158979596156,0.014212657281750155,0.015654520323062616,0.00628786524411539,0.03653229084190454,0.05692024536831366
S0214,Seca,402.06226309113134,379.21111859237703,0.021469443296966786,0.005751282066844096,0.008955052088633318,0.049356864460232144,0.04203744942632489,0.03684646202263506,0.05165875692924566,0.008007864761461958,0.008968713865333629,0.05359280384467432,0.009780309040774685,0.05068888494779171,0.018801463842705795,0.0022800063226208005,0.06271228291172934,0.01361353855788018,0.005866308644349681,0.008020832253573303,0.004494611265969524,0.03919697465908282,0.026745283754744463,0.08199368219218962,0.020675847230791623,0.010170953063776161,0.007849508138028554,0.011460081629360871,0.03658351406404416,0.005214810793968561,0.00734300619709425,0.004601697830439317,0.04387185917773817,0.02746390049164569,0.02534235910307157,0.01977540588881416,0.0010144340956111375,0.02061899677501833,0.009491286544379631,0.01026429086350366,0.009299374420929226,0.013436623011294278,0.023460337039637236,0.061164914414570455,0.0070170211282932484,0.005073020558393119,0.00796788638383288
S0215,Seca,357.7035648079008,491.7085379964688,0.003538537860031084,0.017481628382969832,0.012909110996092465,0.020269572691166096,0.03703428552125345,0.010008979022756515,0.014002846677420095,0.026171232034770064,0.004822714183719452,0.02122904780626305,0.05221713961271521,0.012593447635211802,0.01836906828211908,0.027554533433133178,0.07282001251345507,0.024344849636283507,0.01341796158159148,0.05314212201088751,0.010966832784012576,0.030286903323680874,0.01277280484177141,0.022305745423745176,0.03186462020198846,0.04158440127441653,0.01701155059635429,0.030175715423061363,0.014911925096552182,0.050648788422338935,0.008832706076721151,0.012250997589064259,0.05991231468472403,0.008754139924615443,0.038156210763767635,0.009603492424184134,0.010682708866742328,0.01757138237918614,0.0055440662052531455,0.0466479938768524,0.004620760219137766,0.008175578152753465,0.00487457151013511,0.0028333596053659433,0.0264270866784443,0.01602185662576939,0.014634397147522512
S0216,Controle,369.49200195777087,209.63619395040257,0.006347919502783251,0.027367395127803788,0.0047452376146700816,0.03036573967389982,0.011518474433077304,0.035722523909947124,0.034213081723726134,0.01087023416563326,0.018207679576377613,0.0049563354820280495,0.005497629118300951,0.052535677161213046,0.032339026595361996,0.017200289133600142,0.01277863464034892,0.01958784574469355,0.003843748072094068,0.021788585494499305,0.07373346817073553,0.014770127728106586,0.0056328644913165,0.018975981109210747,0.009425813876205065,0.004735325760260485,0.009524331756900047,0.01804288504972764,0.07725880635439292,0.013947871322377115,0.026316188957664542,0.021871586747017814,0.009828027579613022,0.014581471307949012,0.014147828516268638,0.0073198607897947306,0.025628998582609783,0.004864220936366213,0.04287950035310374,0.07373455583884712,0.033636348868620186,0.0065644802270699515,0.03725726385020358,0.01220262125481642,0.03483185598671975,0.029690513543248358,0.00871114387079609
S0217,Controle,65.52887577865663,257.2915259427654,0.027263926657881243,0.014436614348889107,0.01506691818593085,0.0015277160329358482,0.004898473358063512,0.021850906602098763,0.06101482160358067,0.0027617694183833517,0.01686242368200873,0.007398106742534438,0.03136069429654558,0.007210589673098617,0.008791988121791407,0.03352167586879671,0.012632803251357896,0.014792984354841552,0.005841525468760856,0.0481176645904237,0.004141311437689035,0.02043806253990941,0.028540553726010023,0.023558124348183294,0.03015584518127829,0.041097922667508245,0.022216115202369855,0.029016292008085996,0.011796786837902069,0.017586559838141225,0.009112955884722343,0.05022907888672778,0.03481928581403635,0.004542762130301915,0.009509903485319158,0.01902824052581768,0.02496708300532899,0.010021988120582801,0.09168379579791404,0.0031034005904095473,0.0076756123700819166,0.016277044431576612,0.01717981681687466,0.01820900546653813,0.07607039909121253,0.008457183552175201,0.03521326798538016
S0218,Controle,61.876901825172304,6.234938970606619,0.12147243456917028,0.049268331751362124,0.024979519906367056,0.004058552785624425,0.010238108924034092,0.02153297961999,0.004820408209648788,0.03659176143694543,0.017584623339592546,0.02606718613769678,0.01095146148218911,0.017909769116723834,0.004662128313099744,0.008826861277424696,0.011174021259861257,0.026264100590261796,0.03166860718040791,0.008497941995973871,0.030100808200784156,0.0230903465680916,0.058277337361178724,0.028759897817772627,0.006834130587865983,0.023131149738778382,0.006999753411818353,0.013462039419903494,0.014761729381938503,0.07169353242095193,0.007937455379385411,0.06613752597124233,0.029265557160085203,0.005396806932957506,0.008797416941341266,0.009302866151455893,0.022121309858552166,0.025843309341092597,0.00583113556796715,0.004024889798717899,0.029946415984049644,0.016026358463305905,0.004405900056292658,0.017659704263699994,0.018850884768393604,0.005863443949709077,0.008909496606294226
S0219,Seca,463.7812755032538,398.0142781551892,0.013277535248783003,0.007806284262180125,0.0013484383802326086,0.044850740547918606,0.009749100415566581,0.03556905953359111,0.018338624671260576,0.01290550532412517,0.019473367567425525,0.014872408069111144,0.03677540571401445,0.026042393711597594,0.011994799293328435,0.0034553549092176303,0.04389366178697342,0.022506553952668235,0.00396372368791933,0.003569418678884884,0.009609098364798858,0.019280468590366872,0.01033395111217318,0.04336448599714453,0.052744972669509047,0.02216379696906573,0.00211429599249101,0.05025503637605612,0.033548544959793564,0.022780821814658354,0.009518757530911009,0.026264665084455227,0.003100348399195392,0.020404921725153954,0.029877751748718723,0.024486308187223697,0.023467017457710123,0.026779322634561883,0.05966459717216309,0.013013877370374202,0.046528154331522624,0.014437849065239658,0.00927402250423337,0.029819332359556725,0.05140646628974336,0.006447246538208707,0.008921513000172488
S0220,Seca,198.7890969124703,260.1150335229969,0.017614944265450207,0.013848038905223792,0.0039762749147223345,0.031751082751369106,0.04284135907032185,0.004707328942397672,0.010963099940994063,0.035541844160621845,0.036220962691484476,0.02667613548949494,0.016114323566189147,0.03584508943853748,0.00857768873014092,0.017290111212814086,0.04952724720332757,0.17263807937132603,0.016967225154522654,0.009093108780467221,0.018758329013196733,0.006263399117061739,0.005036654189354292,0.005835008788794132,0.018740943577076615,0.009964968412562772,0.05632830200337933,0.06494212821153758,0.01501030023840157,0.007443291870156539,0.003310736764946537,0.017677112563933554,0.008997395470596472,0.01036031778879739,0.024260303325408104,0.02916547832361332,0.015250832872390974,0.01417160337393416,0.0037996901795983354,0.01620717730370944,0.015537292678887257,0.015137330025277371,0.01590347079026399,0.02537975249836244,0.007952927197229556,0.003637960951752855,0.0147333478803718
S0221,Controle,150.47434589046986,203.9807151802826,0.016682066176169515,0.0075336428190472485,0.011982389892582664,0.017285675782265218,0.025910170183742566,0.0521097372176617,0.030530731121436713,0.02474243201772384,0.008861221846193049,0.0028866707088295793,0.021376597641596183,0.00807559827270367,0.013262260075927778,0.016016805774214528,0.014729830229270545,0.0174390905319464,0.019184258065534116,0.00318394840168803,0.034987953348413176,0.05736518959291703,0.022552439674862562,0.036335066683405415,0.00825088247541176,0.005142054791043791,0.05172788383758065,0.031632372584749525,0.033489641657479315,0.013517071796152446,0.015103283510545329,0.026200686909586515,0.04138076715926294,0.016721488124563085,0.009452080830517238,0.016104884477570493,0.02293614504842633,0.0048937704429775014,0.01548527119271266,0.03438131836012171,0.010038444370672285,0.020112310053661982,0.02951916348926393,0.0074243802307378025,0.0742965454839674,0.03057336983408511,0.018582407280778684
S0222,Controle,244.29202267576667,47.035981544697904,0.019545644684291513,0.0009400604336144536,0.03193216505728128,0.0024489605045800522,0.018263013986498506,0.016612791544071984,0.007713204030664696,0.021224135203994087,0.020489701706216164,0.006354259574501677,0.011200575440004443,0.00021961880636766663,0.03135087598733451,0.017220641853017103,0.016438284508891815,0.025072369197930357,0.03875347394903824,0.01733277431962866,0.022160298573710976,0.031756819420505414,0.007097383296478473,0.0088206771228556,0.011681961830215588,0.04989444610460225,0.027699602196722014,0.033149418816643676,0.008387654441009378,0.017627876982659052,0.006983912459521665,0.044503968245912476,0.028601745281724288,0.05887661058157066,0.002180618249260723,0.026915192413105776,0.009582480087702239,0.007176150072796748,0.08396025168406918,0.06157919122658429,0.023210630366846646,0.054791814165632884,0.010093074488806402,0.00941001395836747,0.021752925141218918,0.002863278981693671,0.026129453021856097
S0223,Controle,331.4321063817912,444.82821083769863,0.05211673907460008,0.010111044392843764,0.004561446195159496,0.0076395301938503414,0.04390655149953702,0.014780836640528382,0.018967102888668375,0.012442700262231777,0.004984130444577293,0.018730927066010112,0.01849422058450855,0.03169345577211003,0.013156862047621563,0.020169355141552957,0.0062948229819784,0.007275425228005338,0.02243233506460053,0.04896957582470761,0.05146065327066135,0.0012955839991818827,0.006226001728378823,0.016673867111829204,0.006967686097750197,0.010383688340706822,0.006019857906487496,0.14245696170359656,0.004515052512585206,0.012948713250028361,0.019962907372502697,0.02787390673679301,0.003334204157140027,0.030855262196145317,0.015020739488401458,0.006097391859988693,0.014034261843292362,0.014497823678418533,0.041168872189149656,0.02487432158045517,0.0386574101110837,0.009702031319295246,0.01742205069258354,0.014388009529315978,0.007108781792547574,0.069976976267917,0.029349921960672577
S0224,Controle,477.81162852348496,197.50362002027822,0.054704509373621556,0.010140880892562218,0.08109577920787765,0.04682420131521036,0.015986443879038248,0.003196545862445228,0.001387163978560613,0.0058512537989814095,0.022959266569828118,0.04008408922933869,0.01833696443827583,0.05474369182481347,0.008477636850603836,0.08563575117168848,0.03196975880738137,0.017909949975838016,0.005378612890208414,0.057604387087040604,0.009222359385297148,0.008990711305073968,0.004743869835399771,0.019215771889124735,0.028879878307316992,0.012426827969234984,0.024639951461356335,0.015988901905665237,0.007174280482237515,0.013645091316041785,0.0035168982532301253,0.03047353131374601,0.028414524453207107,0.014230830697407347,0.038089547692871026,0.007324088860773735,0.012810412484879827,0.01942943554697033,0.0031574640963631505,0.004941462325741345,0.008955134108449146,0.013651967786943296,0.0425915380070577,0.011538483981020663,0.011699371527405782,0.01719461743943734,0.024766160414433497
S0225,Controle,143.2231134410275,341.2907991046102,0.024852676913898867,0.006930656099139052,0.0020207423682385406,0.006412033921856421,0.013988891408866742,0.0076548169687376605,0.014220644425734685,0.02327591164953547,0.008615244126690569,0.027710406329637897,0.06536830539988468,0.02680372182660654,0.008248417725564807,0.03033309917182524,0.025832718970478792,0.008800850485814384,0.014011270603713618,0.023940428979736198,0.03902676028448531,0.022703162332978224,0.04243222279326724,0.012490388588189549,0.05247306906990467,0.03633490851406675,0.02595288697552271,0.010550999027369189,0.04581243114074316,0.0006494408830562769,0.02401333764013438,0.025219333702671785,0.010159202904853374,0.008738349279990615,0.05187117845962168,0.0013516822665949567,0.013333801819395625,0.015801198702586335,0.037251667053500886,0.019922821985537697,0.04463044328431684,0.009201553299993824,0.0067448610398608815,0.008830321265159653,0.08025454139818931,0.008144863287006232,0.007083735625042691
S0226,Seca,462.40421465601355,74.68707818407539,0.0026783397816495177,0.013174371350677212,0.015894192526418376,0.015443810344193714,0.017913948396360443,0.03287117965251119,0.06630193262162559,0.006168122278189515,0.04355219981743668,0.010573231518083055,0.009621043966272303,0.024996353683787623,0.016191639868379067,0.03740664979763499,0.0030119540016730847,0.019173269065445003,0.017691677926806194,0.024697444464579554,0.023778914626657547,0.06314038272670383,0.0203645273225984,0.02289271243531664,0.004280898371204857,0.0035806013482644404,0.003911901817387087,0.007638294878850243,0.032896202306103,0.09735757078483526,0.05204213645921956,0.028552812742315303,0.01181405757272443,0.017315342587880398,0.007838298084091302,0.02337983268391642,0.013162140624846415,0.0014358952388115664,0.0318668272978848,0.003654006565947032,0.01982304464898986,0.009984012283098464,0.03190225265669708,0.017978003689097532,0.021557916495128376,0.03922016561353265,0.011269887076174441
S0227,Controle,12.429745693128158,480.77481477051623,0.03673301512262023,0.010667471350827247,0.006356764419103279,0.008628428023999879,0.058335310839090354,0.0282412028025432,0.03271271890646853,0.010639646072739907,0.052310566269093174,0.011308878516553987,0.0412314633811423,0.025149454967124774,0.007129923841786076,0.03795363090229924,0.012578020551631373,0.023714774918332817,0.026153599718496564,0.035961712742081514,0.006684048275130743,0.010492567847671816,0.005954252220657416,0.009528168564184602,0.0025078563530129883,0.024523728997041357,0.02428677187175576,0.034711994078789436,0.030343303092257468,0.018538446557079924,0.006896441901375204,0.004332356973498271,0.006314543468612096,0.027374466299353115,0.040151282188151095,0.020035196445469486,0.012487934976581374,0.009041935909592218,0.036353753777116644,0.02271073944312521,0.032695458328742044,0.049851736456057116,0.025794710190362707,0.003003628371457014,0.006224572703557003,0.04189285872431309,0.021460662639120335
S0228,Controle,277.5990211634123,89.22088091091545,0.03206097561539727,0.0028451630550534383,0.0307617013347398,0.0008146787782134767,0.007472743847943767,0.04671265999523772,0.010716256661421163,0.015272978649749561,0.015398582239403278,0.01079270710432651,0.008620769665163956,0.0474087951812907,0.013430618172035922,0.007709149418485609,0.014764201179735615,0.03612045660669575,0.08003367372241076,0.023232528967184075,0.019790876584822734,0.020808660697933135,0.028767831036094413,0.02431118287344983,0.007890219828049449,0.015678757188045546,0.01831325036913339,0.015064601595229815,0.07693481304465413,0.02314958292087272,0.017270788293421064,0.007786799436322057,0.007435841106833322,0.018880928653342923,0.04516669378568181,0.008526416468313666,0.003693626311823615,0.030582293655481006,0.023549632720948472,0.0117185580571273,0.014972459789024102,0.025382651985950522,0.010987265782807029,0.03328857725968644,0.02517549905822405,0.04233846781853497,0.01836508348370398
S0229,Controle,316.98755584054254,99.77099644974518,0.06483284264694736,0.0021837562107057218,0.006250952892904663,0.006063954236855477,0.026902318699449073,0.012010987866209175,0.018894143015219116,0.016083106321295726,0.045758376447026475,0.01992209832419107,0.03707781821995257,0.006486615461967183,0.026811399603684456,0.00933657518541805,0.02803878627338769,0.008727572417125469,0.06600016134654654,0.01896837103773234,0.01479755932627498,0.055014692351263016,0.01317661843309627,0.017119726874331498,0.007700922501755424,0.011822468416315724,0.005348070273440562,0.014328806526498927,0.031977304394850296,0.020962386088939258,0.010845624531046092,0.015918624045364847,0.03689453827245598,0.015961560071082907,0.0043571953489388165,0.031470888464655976,0.006184460178127776,0.003472221154246234,0.031377706321999266,0.002600999207902515,0.05881883174591337,0.01979903522588495,0.03206553449871582,0.022872146539902355,0.005151091218487877,0.06277949591067822,0.026831655871212775
S0230,Seca,52.94870187537665,429.4914302788569,0.0001771734022319945,0.014389467541681087,0.0012827390047359865,0.0064388396828576125,0.03253225455013611,0.017551535865335074,0.015222507350834523,0.00875184266921325,0.01146167861939101,0.04252543965866306,0.03274049361928676,0.010994439147790382,0.04950951743877634,0.019885484484403977,0.021053415433473437,0.008523627536165352,0.010768898523553628,0.012145058295505143,0.011716999324606743,0.009042352576171812,0.006901712690855144,0.05839533116696101,0.006658408554861852,0.009238320578605921,0.016478134493932366,0.01615006998178353,0.026624724079314772,0.0056383352565186305,0.012661748619983166,0.0049475825219646085,0.017821494285003223,0.03256730523797012,0.012752614204766755,0.007147542783955195,0.05327030923992771,0.005759088663492412,0.034840110550982385,0.0535780428659794,0.034551433708791206,0.00741899945128215,0.09152139076522786,0.07126762862620044,0.024326799539995468,0.03406500383332412,0.01870410357350731
S0231,Controle,70.16979853195632,456.2913720709656,0.04058248943518349,0.0032403336428068457,0.013928501903523823,0.015340434361086126,0.03841049061883983,0.008735551101345976,0.004955857054990372,0.018789495101100246,0.0073804903461992645,0.021371884673003855,0.024553766947198446,0.02189720897353449,0.08744821533959371,0.006492749899081399,0.0023948126674923687,0.05443832889201803,0.018011605760535357,0.03293767639277118,0.01538821509633231,0.030047944960508097,0.00932600697113559,0.016750693888493727,0.0058922379117437255,0.006056704461201577,0.01857550590282649,0.03008772761430716,0.018626718839024316,0.011575306426345681,0.01988342140806334,0.009388681118837526,0.021154704930046796,0.008490152736885578,0.02756556567143337,0.011300404062618079,0.02285733253099421,0.010283535251715084,0.03328743630482068,0.0021740763548597527,0.05875743579211403,0.008040906504213689,0.04850127946606104,0.014923738995426655,0.048597677305625926,0.00256001363447254,0.06899668274958834
S0232,Controle,209.5571596581519,106.0737037616507,0.028469389443397254,0.01943245746226176,0.01572923462822299,0.04683514146868312,0.03478584071023907,0.0020539800074380835,0.015923214698096776,0.01551502035618992,0.009962038881850594,0.02642847952340587,0.03416329223680456,0.010264774409886743,0.005160350751672886,0.0392298994131546,0.01981523305676595,0.04441686691775311,0.04568239345058158,0.023448360541965158,0.024103116960404552,0.0032570067477055696,0.020907813325849522,0.012123049486654979,0.03524271755444269,0.02544616907466419,0.014934982499484007,0.01137574224391522,0.0510700456852759,0.02990300400185031,0.01827914125902973,0.017045732509206362,0.005933790170802406,0.010801381555280489,0.014589659998348142,0.016249521654016746,0.0064160361285153355,0.03733076075475223,0.010932152665492738,0.024722295071202344,0.0020291355258625025,0.05600747070435554,0.011256213079574931,0.0275943671104436,0.003519320212887195,0.06501134601524636,0.006602060046366354
S0233,Controle,483.11595607159086,234.90044408741394,0.01611910239566898,0.0183984103346334,0.021204392427680584,0.004975532595035531,0.015495987271648404,0.014983348758358326,0.0019561381423395677,0.01243648637869591,0.05013897589404723,0.0034459806145347204,0.006021198387344684,0.014155106523156012,0.034292557241191034,0.04720701968748749,0.004289665589887153,0.01696048204617675,0.007786136366027832,0.018367455771512213,0.010175143576914743,0.0709408234076151,0.03731539727633926,0.013134107717942826,0.01840075813357774,0.004949330941416772,0.010161552706934364,0.013423910462135362,0.01291309258639994,0.004578873405322547,0.002205082727236055,0.018420795117294015,0.0064849813456140885,0.008157511233884212,0.04201275445411226,0.018837720002618984,0.0029345963157979527,0.04177409395781635,0.014135734222537978,0.032034633208151454,0.014768946607528559,0.0105271064155894,0.11254218663928693,0.021899042715207616,0.02364047006854736,0.08574613250883417,0.03965124581991814
S0234,Seca,298.0212766171864,366.7474522814149,0.001137401357689147,0.022692081223315577,0.029890427219417925,0.01476935000056121,0.005390196326317081,0.02143548193733251,0.04189533840685866,0.08114323462955664,0.007377702068467887,0.014120322458335418,0.0396894021130146,0.021419410099191603,0.010903369808653272,0.002400528137291638,0.009229286476396438,0.0037000875210827532,0.010059259750051782,0.014773050228874393,0.008089164080008317,0.01670711276264291,0.015744715969204345,0.048252046422514905,0.015607282728366659,0.013604556148679673,0.0074030772615614054,0.006245254216230475,0.015474486292172782,0.0034621335991628305,0.011290106337722115,0.08318750698026851,0.04762604198621844,0.02958705888091578,0.0278474980825731,0.021270195099903594,0.00822220745485694,0.04594045679772297,0.07508200776822496,0.019526807564358505,0.009828303973240478,0.0033448642627528164,0.04342579843836336,0.028140040859073387,0.03026602611437565,0.0018887998358077642,0.010910520320668688
S0235,Seca,466.5116108001056,439.18286690540083,0.002378123343793007,0.03647784980429474,0.02198835030278114,0.02782480003268182,0.012432200874661431,0.03446650127459913,0.04322628048312344,0.013237994361579877,0.026242860582955607,0.014628643899837913,0.023740610871490934,0.02103712907294484,0.020853556887443763,0.006567496169226836,0.025218191480718848,0.05541000602371287,0.009959094502467713,0.01393475176136945,0.0053906335621303585,0.005668223545562634,0.004858805797607899,0.04921620161831942,0.03423894676669104,0.04379093970629774,0.008950535382273849,0.027240315003339285,0.0046273291438266,0.006428120338147981,0.014175198547538717,0.0264355725574225,0.025297005681923695,0.017581954114721094,0.008094690155524045,0.03783807672273198,0.03739590170394242,0.04389090540604437,0.025915781047521257,0.0025222113070678476,0.0325480351322038,0.029835387932817387,0.007682042492616329,0.02322612094236111,0.014804561513657645,0.03291465912162033,0.01980740302640511
S0236,Seca,402.1804578064854,189.5263475186526,0.05235700331007818,0.023736797487393806,0.029239704096838855,0.013746618442750868,0.021725961235474718,0.016899356165398755,0.021851944316982053,0.015436554012039786,0.005832930633150296,0.008935393261807034,0.045874966460408735,0.00501201292863741,0.02057172573774903,0.07746787955124974,0.03363543492781108,0.017242598795698276,0.00517234701426231,0.02538376752697675,0.0188988927256765,0.024494049340105968,0.0200718193681186,0.004621649785133027,0.04089801098620973,0.018393260950539427,0.02079404893757166,0.00965574693477268,0.01788585539043073,0.011449637336028974,0.03994079815856467,0.010929201013756863,0.024797529603678765,0.010539068833796763,0.032232398179774926,0.013062572514942417,0.011850623738405418,0.012640979123468295,0.013757208531377815,0.015935219432891605,0.03168920767942093,0.03428069036674295,0.05462916318778548,0.031351236082447734,0.009639647591214176,0.017405543393773974,0.008032944908662338
S0237,Seca,233.69080077764576,258.5097434247146,0.025590240091614036,0.006803693124591249,0.016296629054667527,0.01718334801190821,0.012067597617682328,0.008532961601250406,0.022983166907423292,0.01848444901522751,0.046372368136976753,0.02647293884070728,0.034408640412648614,0.015417121953690915,0.014199046779844364,0.021627034446888585,0.012458394384088132,0.0038296141135913528,0.007605754871887113,0.0313895166282311,0.007527413806185118,0.017897025758325146,0.05264616046891943,0.010311089605962536,0.029285102439519945,0.0045497972534882854,0.016755773437444547,0.015573449778777218,0.030465596969483272,0.015356777592107166,0.016126411210385355,0.019096447145203893,0.02404353935764345,0.051021450618306305,0.01897163755034777,0.054293714060059804,0.03471004767288187,0.014370525734233232,0.004870672837045906,0.04957900048678252,0.01635787264611999,0.03927084814121685,0.012128935615950107,0.01685108700854959,0.008445436008079728,0.03196340098650083,0.04580826981756133
S0238,Seca,392.3817246260937,370.8582052598675,0.0051446212018348885,0.01920788789011007,0.009539966731594011,0.03897102184463238,0.022811556475680568,0.016080756931477775,0.09716741145018451,0.00369833356925014,0.021247878473155082,0.023869347735293853,0.014099015015271521,0.0339090696864439,0.025115992724043246,0.03615907546186331,0.027768284883323394,0.021496529843124033,0.053732734746143526,0.010537235081531758,0.048063556695792924,0.007855608227237477,0.010759107727231194,0.022453041549152855,0.004140707080554918,0.0241864153513032,0.009985259765588379,0.035402395730258746,0.01628684031357634,0.025087186419099003,0.011298814414581991,0.060151363122753806,0.022329598204958497,0.004907605928949119,0.01536253189364548,0.010188910348930179,0.006162784857915484,0.013588994223710371,0.015481675103874841,0.02633471196553905,0.031849190651585285,0.007168301828595917,0.04016502742882806,0.010649084639537953,0.016966298503421413,0.017636716151881806,0.004981552126537384
S0239,Controle,8.918391988493868,365.5679883263977,0.04352577175260777,0.0033194169143240778,0.019781238072392616,0.0003309710549815522,0.014487666537302817,0.008366319261886785,0.009524193530471332,0.005276329713053067,0.005825278631887406,0.028970950173037427,0.004677101957234547,0.007039630553718738,0.008553730199906337,0.0369716674874838,0.011399058103348483,0.004060963246423827,0.0018555469374732059,0.009639881291522412,0.023468519012745714,0.06009021303432544,0.011823079678378567,0.028654277782816977,0.0027019844725267262,0.008706145879389636,0.012987478540879045,0.020720520888367462,0.03181576705194736,0.007495590759729035,0.07911713641200778,0.009625887202222105,0.020132447546182743,0.043629830897545685,0.01849280880870456,0.01907058314826924,0.03318426670387895,0.04312787298926256,0.10431393860996142,0.009033928425341734,0.05635288395737634,0.008564038428142857,0.019268601520091903,0.028060087532736217,0.004066905369981555,0.0598976554497516,0.011991834478380526
S0240,Controle,54.57199838286747,391.48006501304246,0.007814929529446759,0.0014739086217293127,0.019068708615504075,0.0067654294584533385,0.02262097949842875,0.016953249437581377,0.0074202799389254314,0.0018497020435255,0.0018801938426442257,0.050584705298897865,0.02829267771719153,0.007311686873940658,0.07483166909847815,0.034028195638605804,0.008453940515427723,0.022231398469433387,0.02078712036736606,0.011179765237576642,0.020876394749938104,0.03303806444483364,0.005675336970046158,0.0004558431603116799,0.028152751251816127,0.0005341532618069002,0.009358753588079494,0.00914577112055896,0.012299349422065946,0.0348142344668808,0.004874939434788785,0.018684050643088417,0.02624093821477544,0.09606882440112342,0.012380877133080944,0.02533853065294903,0.05909714713054613,0.023200140735390732,0.00935230718213375,0.10652695312677352,0.03417851930855189,0.010632304795799855,0.017061792097733338,0.03070443525835092,0.0033828479499333733,0.02147174501691616,0.002904454278569728
S0241,Seca,414.7143074413682,284.9669093207632,0.006504238857164089,0.008177921432549015,0.000513280037111716,0.05863594133187238,0.011710270934834685,0.003939976843347532,0.011001328621162284,0.03312234166709489,0.002912067132245207,0.005004401766277592,0.037515689262524646,0.01497330949353815,0.05049616755648882,0.0516818426920359,0.01746165670396633,0.0161846586480986,0.004223494703484364,0.012919199416230846,0.06067930249424456,0.014800311706999874,0.018666323932213433,0.010526570421676457,0.01489331677706843,0.04051534127889004,0.05579945448940241,0.05836836469943336,0.0016284554775698994,0.02293470898161582,0.01256916857776822,0.004162736576785788,0.02851951781966648,0.01902023326023807,0.005416549004678096,0.025705506708337125,0.007785015252755947,0.038612522129691726,0.029807046950255753,0.027987381743537727,0.014743587664675506,0.013219414160691133,0.014386171866746136,0.015133407666612907,0.002840129523180912,0.028451132562939217,0.06585054117229801
S0242,Seca,398.4085441625809,52.3075484023876,0.03378175539829239,0.014859423778060253,0.0467230684150329,0.022872892721547626,0.0032774704887835117,0.06065409343861586,0.008363808020882197,0.01917114231825161,0.0037096565959076158,0.01885267168917878,0.005992241713684429,0.004297704771719066,0.009804631719868274,0.0017485633736666264,0.017308058668657603,0.03926456526187784,0.09299451676251994,0.027186363034747477,0.036821441857376055,0.06725070247011422,0.0075298442304477416,0.007198613687246295,0.02717915752504553,0.008437835152446763,0.017106153101989686,0.024194486579241357,0.010703434759758754,0.0049582657843807365,0.013831862575462225,0.022005928074764015,0.020179018122009167,0.016949098940644333,0.033446151632953426,0.01567725201550913,0.03419242598853731,0.018170837166268394,0.0022305357620143497,0.011886864607509257,0.015818385421164795,0.03736481916740124,0.015074111288873423,0.018252999820312206,0.009208350996741653,0.015745297095779227,0.05772349800471477
S0243,Controle,116.32037098321685,451.98664543902,0.03412254535087398,0.014602496251899568,0.01272122699898407,0.0031678536971425208,0.018713429803134316,0.03378067276662492,0.00345015725688947,0.10134974913092072,0.011199464853857387,0.019778579544221485,0.03185004874268871,0.014312307739699123,0.009285598174662218,0.01908701934830895,0.004314265665031124,0.007911305644807395,0.011966455662690572,0.018703503059080962,0.027866750006242388,0.004347961144745875,0.005214134087553775,0.05814362030908947,0.0015818844295535548,0.01344934063963594,0.005029919970712884,0.05212810254864149,0.012426779304780417,0.007223870310380819,0.010527105204278046,0.08063074485805564,0.020032984940517893,0.00938692858028046,0.003938996633618369,0.02852162071439929,0.005923351987673464,0.01923760442102572,0.006975196714943617,0.04137111278104898,0.027334742582033993,0.10093546865690438,0.011845256166589237,0.028530647815847743,0.014943301511677158,0.006779862320687512,0.025356031667564314
S0244,Controle,265.38479529952673,432.7862696605141,0.036452329560381906,0.006518401415460087,0.019177241093470136,0.023289616112579063,0.007144808785436771,0.01803312342159265,0.013716081195468821,0.0040838833818058334,0.020710186026609078,0.03304504488903813,0.013947599470157074,0.05739698844529505,0.022027938159527305,0.02258431734954951,0.0053745674764939695,0.048612127163802504,0.00767080122391705,0.029801354595846777,0.03350056775847846,0.009195459794633319,0.03120653232370619,0.04338020603101992,0.007470174892107131,0.03218797332359087,0.02691377743070027,0.008716231033878858,0.00516099084092118,0.018195861765087137,0.01719592227123616,0.01450668518003261,0.09046652939116913,0.002919960580179915,0.02427464416479151,0.06804635166304232,0.01705066848244237,0.02319904363232055,0.002977940920497112,0.003859780013521114,0.021835650027595317,0.038337303950007874,0.012310144855810884,0.022535632287823366,0.009702666966374536,0.004133525296496392,0.021133365356103828
S0245,Seca,303.0079103500055,399.0487179091665,0.002255698731648317,0.009503143320888155,0.006333838979115154,0.008755737501587509,0.010458892346290835,0.024939048237139032,0.054136947651367895,0.017867018997191828,0.0651002698505171,0.02619655477462069,0.01645991316083254,0.01299452318333219,0.025378574116306476,0.00742503960769713,0.03726532577780597,0.015054673428062909,0.00938520107037376,0.008510985525298644,0.016170309864674975,0.03967431083553218,0.02052617845962694,0.007122888952271732,0.10560710971182087,0.02407083568919722,0.01035341492951235,0.057743183494679516,0.02602788702521303,0.002492992095314789,0.010411351348547919,0.016763051135922333,0.009231283720674987,0.00482720682534154,0.039716574291544314,0.024773421170297693,0.012575710865596817,0.011499819928271374,0.03330276942786752,0.003327297548948336,0.0061396821711042476,0.019887553602666436,0.039704994075627865,0.043457037720910814,0.028500173527341518,0.018882559393751722,0.009189015927664815
S0246,Seca,433.8694768880056,49.93123858036475,0.004681292676652015,0.01659825383277995,0.022741876319793453,0.026727627685369782,0.08941924278152519,0.007657654918332982,0.01911944146523881,0.012408370930905195,0.03829917600783731,0.006715570225532335,0.013073973310997545,0.0376118896665971,0.016637573859555225,0.026845678839204558,0.018017009176647635,0.045475718463812306,0.02055731628609626,0.013841633799350517,0.0212709722020107,0.019596677156563925,0.03927736002630769,0.01415591625297738,0.012761580221679636,0.005465274718296658,0.050673213371818245,0.010389323109927805,0.01940488853985138,0.020250920239289646,0.007218579588191927,0.0006649239169721822,0.038827937534769597,0.0040905227177217025,0.10281361844975133,0.004469306648998932,0.005293882220350549,0.0008181550276185425,0.007228001511330934,0.012806645949174906,0.015401836943563705,0.01584486524819053,0.014385246888808803,0.03615286258340267,0.06620088211259169,0.010581544883735042,0.007525761689875793
S0247,Seca,301.5535786693628,102.1986835407146,0.012081284096202205,0.01418977885539579,0.002226796021345016,0.04665644626816622,0.012639930496288334,0.02122206607412791,0.005134531602299134,0.03768015936338248,0.03931897469139572,0.004653238642028164,0.007641957272687804,0.02232413106704945,0.010006210875833855,0.01638600459622282,0.006384263438897444,0.05657835637766607,0.003617431607396805,0.014418214031330956,0.008297479309765363,0.04669835316801223,0.07960076307279687,0.002939359348778381,0.008056502803691983,0.009826807298897889,0.002444385799172957,0.009357190957202674,0.030044612223185607,0.018240354346521,0.02505466730147421,0.01066245177460536,0.024471495417110363,0.015429509970133825,0.004455718099821629,0.016564659042162744,0.007629302424198446,0.13432567740795281,0.029473856174255936,0.018159267913893086,0.02864694971278022,0.03500028721738181,0.008066371071116343,0.028704599340117543,0.00430038164546967,0.04075086054821755,0.01963836123356714
S0248,Seca,206.28578463684016,371.80018255382595,0.011768962950881898,0.07991048465749727,0.016159666323564525,0.014779519592441955,0.0024280757493078437,0.0052655562669632165,0.0034123678610476606,0.00797838465197138,0.09844772664389524,0.007608767945288604,0.044891263642678016,0.02836423820289787,0.016252402347082924,0.03735439407605404,0.017867750454994936,0.0030563046935676327,0.0025153437592281367,0.022550450254473685,0.019356665425906423,0.009023205720089546,0.0022427114654219355,0.00214314162785744,0.030117671993883887,0.0021812542774512994,0.03155082966607771,0.007265709204887896,0.013993603637057326,0.010211841879228654,0.06887634558710165,0.027254301757647356,0.02407141199725846,0.02678417048613189,0.07639553556954054,0.03176833463766525,0.01080970410953495,0.006594132992693058,0.050570180250105054,0.029535721608421987,0.011945276755775813,0.019433803983603854,0.00817360114053585,0.015574921543975858,0.004707884357287971,0.0016998365890594652,0.03710654166196195
S0249,Seca,187.09202170359134,11.570047290973218,0.03243494704733711,0.036570655405815417,0.007524732906769505,0.03432896361631491,0.020681307448686383,0.03671087744840747,0.005457298890317854,0.003736223612057884,0.03232144603320393,0.020073522901110905,0.032524136676153045,0.026620526802172993,0.01295565634719878,0.008010015374030115,0.003423499290315805,0.004658336789789432,0.006098913025875066,0.005979731197052996,0.007774869414111719,0.06683394103169059,0.0025568647298813106,0.029009475333084442,0.1209784192870268,0.030991489018730133,0.024106004289128662,0.00491525302721497,0.001147130908060177,0.013068941383604456,0.03382745307771526,0.009000712306182084,0.03163346388033538,0.009046887098065845,0.01857778988848542,0.012467447392451444,0.024223725502934165,0.024032061048640602,0.02435640931976937,0.009606568417428693,0.0151258298902026,0.03282788021860019,0.054585746642679886,0.01766996932242222,0.005342592971157725,0.03146997754316277,0.014712306244623358
S0250,Seca,212.94104318675494,489.6123168536398,0.0009260764787557247,0.006135535692653871,0.010779777406365279,0.01560371054855047,0.021629821780480472,0.03683593314869261,0.04878274693124931,0.011656881705099023,0.019320941118552905,0.018244479676391114,0.010119554375789073,0.050412711486805116,0.02421380599492932,0.014258997766922145,0.015592742302357855,0.06956345884150295,0.022914712191223756,0.033396704662096,0.0020488993820174774,0.014032218174406625,0.007758502296344533,0.013416266099738693,0.028352058436162182,0.014337709504906431,0.015417880418545318,0.005721629654826181,0.02637966702970407,0.01964529475162109,0.029247581352870033,0.026733083038578093,0.01627168044663543,0.03323148810108205,0.015440926972106337,0.0417224035119294,0.013857476674434821,0.005648542374076903,0.04516260140425888,0.018653963440446016,0.01121904414979412,0.00532575266669088,0.04861016875389145,0.008862195176575712,0.008675592769464686,0.02809075550903585,0.0657480258014397
S0251,Seca,325.9655127899871,188.57234017784035,0.002385222644676726,0.049687678998588565,0.007697170576550513,0.016292237518096688,0.016394383919670123,0.008318044530500937,0.03941001559625238,0.007622790970504567,0.023200995784865727,0.01401232949311552,0.017674397083436922,0.045985531765741085,0.02621513940591115,0.026998882916525364,0.004184764870988482,0.029174902330244133,0.030029862611325394,0.013086920989407815,0.011218109734443656,0.00294386142517654,0.0161552995391607,0.018472119248866034,0.0466254580228991,0.025502977064589587,0.025696318687769493,0.05129884340454009,0.020376230173833706,0.07691584951922001,0.003602246573409991,0.06315321656486686,0.021974129566198715,0.005688701228844871,0.031776584772535386,0.001981281652438284,0.006792858564202626,0.022691935808002214,0.022750813014341845,0.01708370398422929,0.005083195876605244,0.009881346586445093,0.013095314750778733,0.06703096377594008,0.015511737687541136,0.016360095965921924,0.0019655348007967294
S0252,Seca,433.74531587616246,359.6562668454118,0.01164728156925434,0.01672984290834411,0.004391245891640869,0.07835994018623649,0.026154882544012367,0.023846900297773994,0.032128907102575134,0.009091276887240107,0.026828459985536582,0.015846997325101978,0.044444525895366384,0.004351321613858865,0.009925546191355387,0.06570337200742025,0.006476352649866859,0.003456478782364681,0.006748584179569115,0.01633801165092264,0.040514818613430315,0.015416726322073923,0.004520674797273516,0.03669416037699632,0.01566161081374543,0.038530557647988725,0.010063948104595122,0.011583727453956581,0.08200193871722454,0.001386599572030618,0.01985149640290924,0.00630319832168985,0.007134490740440212,0.04446134619103009,0.018531369205904046,0.0056587066104869695,0.017269858227389186,0.011510622811017392,0.01972706335072772,0.02152447809231921,0.04304415054538136,0.021608601932385212,0.012196233593775712,0.04370843284627522,0.02931216103850399,0.01050525027555151,0.008807849726457689
S0253,Controle,226.94844103814987,443.78554424402165,0.014840660928418997,0.004563071896668769,0.01854740578652812,0.01790902485715342,0.03268917617729584,0.017272561037298143,0.007819936144037223,0.04107901446893018,0.014823080164211435,0.008699104795445606,0.018587673659747006,0.057019141028552836,0.0075885179297276156,0.01895263534143514,0.036379061002490984,0.01706628050063882,0.018386088749466543,0.02559849290271334,0.011567970035240262,0.009578865335556113,0.04016021609144123,0.012363004168556251,0.009276187717515597,0.028491670211991355,0.01739447694055022,0.015100540407585985,0.016851433520774818,0.034627300916172395,0.015540590093541163,0.036774064490260716,0.004706221409692974,0.009269193581481238,0.01795794848054741,0.0260907801714402,0.06910341640391822,0.013334511116162106,0.11418746567076055,0.013336801491153525,0.009080047939848266,0.01984716198117033,0.019310717114411294,0.009314988026078103,0.01978979632997224,0.006587802631302041,0.022535900352115407
S0254,Controle,123.91978147567906,197.31494407504113,0.018932833752218856,0.02696313116755737,0.023362699197929555,0.004993111489633101,0.02606532569644703,0.00778717255236472,0.029013908374730054,0.04033322073722798,0.009906480924918824,0.02983347976915643,0.044611168482878355,0.011409264971409436,0.016077290053798186,0.02186018349209393,0.002533390202007061,0.002431003008545269,0.0407427526969117,0.031688615822347284,0.0150640230781664,0.00558186759367687,0.05233367673069185,0.02542563162451514,0.0278667780003886,0.00966591207280376,0.03124389809527167,0.033226465997930735,0.012465221590081078,0.005779866804025385,0.03094733715166141,0.04412027090203824,0.009312320157062114,0.020275028065122113,0.013132295722232307,0.011245200448909313,0.025701093501160344,0.017333472691532646,0.002333026542929323,0.04060458969977034,0.027406900300195255,0.04525547085498807,0.0019189270542585475,0.0207541285167879,0.010384970334099962,0.046833548072881086,0.025243046004644526
S0255,Seca,118.33118149879057,159.56624429983302,0.0001198637722328044,0.007526519849105866,0.00340399481691599,0.037325025611288414,0.01472029194613986,0.019718811380102615,0.0048246813881037565,0.015772973182947885,0.028663341276705955,0.009896343216810578,0.011934195172518203,0.0040702196618189026,0.052802405984024595,0.02801314727856592,0.00556303388420597,0.026160683685871797,0.02160941430174433,0.005836644235546997,0.00993585210251443,0.03055505235405471,0.05343618684324785,0.018407015173977786,0.012940013971169716,0.05003599147344011,0.007213919430512613,0.030075972307299068,0.02685635509132552,0.046704228541152616,0.04010497131373266,0.008746342794541558,0.1216042626702941,0.008868782338018114,0.011359472688431037,0.0181225679494624,0.021931592247154026,0.005026477786416023,0.032043116368811214,0.016975471980106262,0.029868194090649176,0.029318196667610832,0.006349383938076311,0.004723230571821321,0.02049680870331734,0.023400239550544433,0.01693871040766843
S0256,Seca,373.0071401217232,304.3705644491234,0.0046042076195768914,0.015398733062185253,0.016304178870146978,0.007587161456357275,0.0015398612649134107,0.0145192212897343,0.047242382688747815,0.02568387583046795,0.008192467194118565,0.011255662874198295,0.000879933546790983,0.008600093358930402,0.021426284394822505,0.0029054815887479533,0.023940664619280485,0.018702761560033018,0.018908695098583575,0.01614215958455515,0.010773316267190074,0.031993906565543746,0.0033191765456783277,0.0909098644503882,0.0029894021354425543,0.006762755118072931,0.017650771761609195,0.06795796725604669,0.022675345041538966,0.0037236513546465076,0.01534034082188304,0.05737025323732035,0.022514033432053954,0.019411340729949243,0.05761770663077037,0.03690861081805929,0.03978772485185585,0.02983238746636252,0.004684389108164434,0.022824323587701145,0.006162016934259131,0.004476772164311907,0.007279288117769553,0.017245209681864656,0.0806083352418279,0.01698826585162888,0.038359018925869647
S0257,Controle,408.2843817119552,290.4946868740254,0.049704066378437904,0.003996272838548909,0.01208845166445454,0.012559653663687883,0.026719484436696004,0.0031567415345515825,0.04888479290855012,0.019402003356809482,0.024618252326954013,0.03017773243040372,0.009605693751264872,0.02051727741986455,0.010155469101934553,0.0050062427559552005,0.015637359767367565,0.03905814525310224,0.047970019058785514,0.006461113430937515,0.05295420510100371,0.022331108652414874,0.006424192496403039,0.00746173493993694,0.011306548892597666,0.010192134251192161,0.0036950215843243876,0.02661366110630475,0.025777983822235593,0.07016463885581063,0.009300859700096469,0.007319501229854997,0.004206633073537147,0.019109176012764455,0.01610535713364735,0.05471636412920201,0.039640947077797015,0.005344545140065572,0.014662931241852792,0.0030989578823615517,0.012106073304292852,0.023750248667497455,0.08194883674997469,0.00634876083588605,0.045240779170485024,0.011902954517672787,0.022557072352481874
S0258,Controle,52.639039927062484,204.56998881239858,0.05986351405415853,0.02452259677699807,0.010636378631091984,0.004010231113675224,0.0056288625381245225,0.02716728386912077,0.011210624509197256,0.026209885107422188,0.013387785510145066,0.021628106312963018,0.05002017071110785,0.004300074434088522,0.010091167932982493,0.017675618695350517,0.024767546692210173,0.022016689623055342,0.018792532435659922,0.026170312808884714,0.0408538717418662,0.020380111880866587,0.022334283375931373,0.0026466231997220578,0.0035665144000947705,0.04080229811821554,0.01079475442982307,0.08243497943779649,0.025046488238904655,0.029884487338770735,0.003484608653006707,0.00319520387967791,0.015930307877490626,0.05809606733278458,0.018233071393517142,0.01834756371162777,0.024611727399324674,0.05448729775206987,0.024294695918680553,0.006524054066936163,0.0290156093026664,0.0132687866120677,0.022382761448068805,0.010262744321963863,0.00237049556337984,0.023326788621292744,0.01532442222721703
S0259,Controle,33.27942847758908,300.8873779338542,0.006132116696100551,0.024094122942782088,0.03985777596376332,0.046035198888207854,0.016914567840363146,0.02152253997745122,0.0058395903518648935,0.004737962502072541,0.08210018424812665,0.015124721593723208,0.013605021235275796,0.001720654999852541,0.023645562055657016,0.014102203441584112,0.0037593099335185933,0.035995553237550576,0.007638873329385414,0.018954146573092523,0.010052285225939803,0.014514121498886983,0.04615090335516125,0.024455599250583427,0.01229943364421412,0.12457984382798527,0.011998123146843263,0.007980654557464918,0.004306279964678024,0.008039271548280361,0.04334648885907453,0.007231490337932578,0.000933665735848958,0.012524981976927405,0.04423973232460104,0.012732147265798634,0.08843431345595532,0.008116323404890763,0.002642244149368616,0.04164121211793253,0.008525485977932443,0.010080601572041582,0.024485575664614803,0.009911352231042973,0.02571201333800995,0.009254832984023223,0.004030916773595198
S0260,Controle,297.2168318782259,467.6906847832474,0.06876868399886443,0.0072460680756320575,0.009220276730303876,0.0003202284640392192,0.003972208024117372,0.020794898717590226,0.0031001019273356307,0.036751853079746204,0.022622779942972016,0.020661560950375694,0.02771239935095358,0.013317156832365238,0.024288956100561854,0.03965718215195627,0.02166683734500446,0.021564405181959238,0.031927500550653826,0.022139223888239128,0.008310183341731451,0.014659584119582859,0.016796393377668577,0.04359658984779589,0.005034717305233042,0.027076382941738055,0.03038619995781315,0.0010857166386833244,0.0026063177180779807,0.054369598043345374,0.01141031185642111,0.019597493931818196,0.004145192623679693,0.14468132193481123,0.013985090288065735,0.00755148134319759,0.029026179723121534,0.005158446609580691,0.028725794193067783,0.01979083330345598,0.041967908738605515,0.01087591469030015,0.011919151441859026,0.003268659169212142,0.018246043753700585,0.015741410884673238,0.0142547609100898
S0261,Controle,73.08662209634915,233.82012831329823,0.0379767331120713,0.037507670682374906,0.022720586379720714,0.03251908627776894,0.021181491691535295,0.005717354148594159,0.011765851273309159,0.026519066891934825,0.0012010836948777729,0.01400472763889355,0.021909546987374986,0.027060737242953905,0.0014025754860656373,0.012570371004988583,0.02646377540027019,0.07701894237821877,0.02055619017244433,0.04435946754183543,0.021401903631958763,0.04460886539104644,0.002078764237528865,0.037914136924330634,0.06431140371773636,0.02832360301448297,0.016451420222821835,0.019437797514889728,0.06610688278767017,0.0076944624120811635,0.008255546375699445,0.0011345365159137575,0.0075993881273575085,0.007100879329057707,0.020629472945581977,0.0031284322090453544,0.01555335694073121,0.011291494646444513,0.02842679966601377,0.021956478128424137,0.008951701498144482,0.012070857495305624,0.007904766952841463,0.0021582620564507653,0.053334311732153486,0.009509362209350869,0.03020985531170473
S0262,Seca,412.33209522817066,98.37109037531566,0.004965686579523916,0.04867633176137804,0.003833513557041677,0.02963047217071707,0.006613530228788427,0.012551364894783331,0.024515470673037047,0.015711386514418255,0.012064222102120114,0.027005948756308875,0.0168810929504854,0.011048461350866994,0.008861853851624094,0.023280585359924263,0.006613807882485423,0.006491772248565497,0.09290257526279579,0.05378906529523532,0.014677966148750872,0.022494600288444185,0.013594168144375082,0.020781972053047503,0.032028349194843604,0.0456921529784714,0.02810022723893468,0.003961309972147961,0.05575005243654612,0.012264090719856655,0.015476327503309828,0.012030221779670263,0.02208466931154006,0.018689231839311926,0.04089376600044373,0.02987952067412724,0.00942363731107946,0.010975581870556127,0.009370572784455095,0.013012490228758122,0.0020512126321867133,0.02389831465574857,0.027735154317331444,0.033424006349952996,0.046413342420565926,0.021927156335189855,0.007932763370254982
S0263,Controle,155.1673369620372,188.60299144150196,0.07493511908754448,0.00913319933264105,0.023019535636081417,0.005686914144163825,0.037095843717181984,0.01949406387887135,0.007481790467185297,0.018071628929385908,0.003772605721676769,0.022288723334890695,0.0636247559918348,0.022896691104370093,0.0053523913641103605,0.009590743597039725,0.043335077111342116,0.005061968855913315,0.027217701007612713,0.03179085616622422,0.01048237240747866,0.030290423469960106,0.006164278073416211,0.009400247537549688,0.013667061079503018,0.024220582971186837,0.08513470728443537,0.006923820346428553,0.029637007458007857,0.03964136499873681,0.011000644220432254,0.018727909602276698,0.002903010215480914,0.013321269749562664,0.018413301263715282,0.011382949436485847,0.025687395246523338,0.008426771866961443,0.005308161880625188,0.026381702418018987,0.05256947005271336,0.012393763753498727,0.01703202831813881,0.02278242093605436,0.0063338233617310155,0.02882584675842514,0.03309805584458287
S0264,Controle,71.93596648557133,197.05349129655932,0.03183999471343318,0.004642013021276342,0.033299594588719464,0.0006292652214366403,0.04310651712273749,0.00901888121114509,0.06931064956032756,0.01426394880053801,0.026068709896629016,0.03922432892524675,0.0061811027742254615,0.026941760748669344,0.004334917989364632,0.013399919559730989,0.019028563622909663,0.01071244958824202,0.027003307398493267,0.01961673268511723,0.0006797015213121879,0.034240984661880025,0.011818864494732037,0.03641334197584026,0.03499359756805302,0.026154754693743027,0.0017022183426738822,0.00764860705556519,0.03205387363972441,0.01430403437839973,0.011177429262427072,0.004966088456367693,0.028460096233357556,0.01648514309257697,0.02230787449062723,0.038224224169803145,0.008556486153007234,0.013382767906883912,0.021456956093240522,0.04143667807197826,0.023325592049924383,0.020258610649250816,0.07948837689981961,0.016005515717555648,0.009853691916117721,0.0184244052603439,0.027557427816552522
S0265,Seca,460.4852362437251,65.55434651310993,0.04429484724771603,0.0018304842778851652,0.013869544663704459,0.016364274341529827,0.028737416029259437,0.030800114524966903,0.06468354322976642,0.02269067174959775,0.024217527515717353,0.008851825363855691,0.008362611295478611,0.038810008119745054,0.008132526179614985,0.007754034331289107,0.002601220616374509,0.016450288806726613,0.0006135777825763123,0.04769930076552176,0.016276517121512284,0.00576502546733725,0.00932355415316752,0.012215943573040705,0.009425716781223349,0.008349381190013222,0.006561098436422513,0.012561808026531797,0.0012301568107026888,0.04018813645302787,0.027456309920696736,0.013738300925633476,0.050965098944991676,0.01562137502867884,0.025264151800768832,0.03729151993035341,0.024482766315336066,0.016354328851978708,0.021348775716341317,0.0032529701580656665,0.011883714462032315,0.017641533967092483,0.1622786960550464,0.005969819786250303,0.017170478944450535,0.019864468247756863,0.020754536090220956
S0266,Controle,82.76586136763908,81.43575027727745,0.02173283795029689,0.011606207179409939,0.01475425612262216,0.006112218336296855,0.0740715054302993,0.01374539848249494,0.014425704242571837,0.012869277898192725,0.008882346448772865,0.008165490231030883,0.03950602123787855,0.007920469230917174,0.00808654492829719,0.009695508418673279,0.00920489439934054,0.020532636249354596,0.02848309466321361,0.04361716355284743,0.034497433456302365,0.015541447914101907,0.02240226518316806,0.03828032245511504,0.007291350629519446,0.021438296667997497,0.0073043010067725565,0.02325282558564956,0.02584940724759792,0.028404704809157653,0.008528179412801437,0.0027436378205194247,0.041849760072108826,0.029949169151687105,0.003465906320147188,0.003245844011070928,0.011369131134282997,0.009105719260143509,0.006972582328707224,0.02838509972276954,0.027407156194418403,0.0848880990383279,0.030916751079730402,0.04277055033707183,0.007688335318219304,0.038774601037357984,0.04426554780274324
S0267,Seca,142.36004116896777,342.2810366968386,0.007309867547325942,0.03212394949752589,0.0027542774334428687,0.042447182117696644,0.04151967001304637,0.010617591046415067,0.04408616767080031,0.00171251070198113,0.014207552526550513,0.006617763967520128,0.023627835118701555,0.009567923974576792,0.0571829859670732,0.009672837972332444,0.05780372544228705,0.01700290523393819,0.007661409081981024,0.03032899408270539,0.02720702372623653,0.024370744374540204,0.01910489807157295,0.060125040474233137,0.012312212219841126,0.02812322187256684,0.005676489458412989,0.05600933401994388,0.008035108628657878,0.015260520537317284,0.029663032028335014,0.0005437863340736108,0.0205959298974659,0.015733425767207328,0.02766846707348185,0.004285725447149985,0.010531587997520617,0.0019440071883955086,0.03934693227380708,0.018284122840647805,0.032815576090034305,0.06318140648580026,0.007083158723658914,0.018531896345807944,0.008333868035612218,0.007226964329535513,0.021760370362242994
S0268,Controle,76.80669759602932,169.73887710445135,0.0057480260301611755,0.002037174631649228,0.06301657682185098,0.005267043230016301,0.023110398620190032,0.03454986699942999,0.01676548884463104,0.010272451591896143,0.06228502629379662,0.022532134402138734,0.0072395138821887955,0.017600222401772326,0.0061470081280447795,0.002156019393823212,0.005031330357766467,0.04754927906459879,0.00795566690981533,0.05877968742718205,0.03545879859102044,0.06222080870854005,0.006781088935732245,0.014977579950022303,0.013493125704769286,0.0004952107834051774,0.007654601518277387,0.011046074949143012,0.03006564880214622,0.01476376360696913,0.07655545060692395,0.004214293412279031,0.03284504239536897,0.00525348859009409,0.018374876850239603,0.01150322747021355,0.011925100759059476,0.05174642798657405,0.019757837518405506,0.008159698812951127,0.00425415355331936,0.01455742413190223,0.020822623101365772,0.03649321376564941,0.02338097736804804,0.024433151989584925,0.04072339510704386
S0269,Controle,57.74503183267748,477.4491959279038,0.06275871257120298,0.022282085746566337,0.003308542236544106,0.0003211264109707319,0.011469691463757543,0.023078864500694875,0.018525440866607543,0.009142805621007081,0.03249011638914338,0.0656241157275443,0.019899919193891554,0.026707031852691906,0.035448749208268515,0.006888218001860848,0.004701022686023972,0.028283888043926113,0.04316424558477575,0.055373128954506884,0.018726199640064042,0.0015565496273417514,0.006381801951433955,0.006764748096806133,0.04706654946886274,0.005432460347579714,0.01304001977674028,0.008418148058598208,0.003908597433571694,0.028734374079487972,0.06434212991251603,0.02817180349478581,0.0036367763224779796,0.012150766042954956,0.013565142018710534,0.009150027810491084,0.023130360428137254,0.05681000336675103,0.021375402994162664,0.01635301852182707,0.012165342279776406,0.029603358595768247,0.0344802854385975,0.014842832980007225,0.021348267786048054,0.0034661116597938446,0.025911216806723182
S0270,Seca,10.574008168220017,121.79837267930371,0.005628601751478031,0.018166559152695137,0.001140499093518843,0.003398206315750081,0.020583069869975698,0.011840897224020123,0.03253401817049658,0.04871528110757664,0.021755124379624496,0.02393902506081814,0.007209447701992179,0.006172111823943144,0.030660955115551117,0.03983841456891614,0.003349586693341978,0.013722957943404474,0.1112196349400561,0.008351147290910268,0.01699653204659815,0.038348938481678106,0.044464592666595214,0.003010660288527908,0.00969352468265506,0.027804649480592504,0.006157735802988624,0.015760136001422242,0.022755577497749355,0.04899253516898129,0.036107604344332425,0.013729377799092037,0.012853063869372683,0.03338011264269236,0.017105678083787428,0.060997273937522745,0.004156191766233218,0.051475883185124104,0.025844237996294515,0.00816596294260555,0.0009724971339073417,0.007383516630572163,0.029344201663140577,0.019635831950781776,0.006653321867247331,0.010401499649451428,0.01958332421598465
S0271,Controle,27.697704582130058,49.46225255241116,0.005228988206309781,0.0029516279623604583,0.0189097674820484,0.0260258422985354,0.02870625530136098,0.005621165963980555,0.018769223045519194,0.026537125109046135,0.025496739487191583,0.030683970054669767,0.02753187713790575,0.015475603072291485,0.003724228099914868,0.013176322515204423,0.014015456834789487,0.013239054891621055,0.02312190874963056,0.061060278213771614,0.03118982846087393,0.027164393009814734,0.008941254546704528,0.017732718000102045,0.026789565107193953,0.008564227987639545,0.042255224706130384,0.004836553030117826,0.06662306663992006,0.10054213573241493,0.008778083457232957,0.005561826120054145,0.014955499398128052,0.004955161633029742,0.03595621367138991,0.03315658057845138,0.003442556531533873,0.018562789831216134,0.01884199100496797,0.004605768125348913,0.036055663899826895,0.0025929160397953404,0.028968167210731408,0.04161468637151126,0.02528601139770288,0.014699143642540763,0.007052539439475114
S0272,Seca,87.32073546792634,376.75228150012896,0.05484057967326119,0.030249649214736034,0.0022237781071093457,0.03114326203925071,0.03370938074594022,0.006902656221035618,0.04344616512475864,0.011754909102570375,0.010621939198592256,0.015454216803339815,0.000727089431149832,0.051626924315354365,0.017721844767016156,0.013773522323329911,0.04968952298974923,0.019867409896263656,0.005059955708605262,0.019024973630494466,0.020354255039303534,0.00740960709930467,0.037962165697849826,0.009494900734556033,0.011953117607914485,0.028432092032596553,0.03516108667035793,0.010946973530288295,0.03844102291692767,0.10352272501667145,0.004490967292187006,0.014128564482013613,0.002455336665903134,0.0015010835582980363,0.005657121019448274,0.013299769404007877,0.03582872109180691,0.06008259255580323,0.012972758507341163,0.029449038494552663,0.015553547303996168,0.011721841400289755,0.019978313998184897,0.00934772448492143,0.017477281865243943,0.009628922854514412,0.014910689383160182
S0273,Controle,26.690966313587694,440.518025958935,0.03395790163441759,1.443860887904685e-05,0.013543287261704227,0.005055999031321009,0.009934620490097806,0.016753587761604575,0.004935768392882954,0.008342287140595874,0.015818742744646418,0.016208911465888907,0.046878623954703026,0.018465272099706623,0.018710051832905864,0.06709493459757149,0.02790564090701658,0.026162597119558706,0.023548692687499394,0.016320489700694017,0.04966418727815099,0.005263889093918945,0.03503288581480148,0.028479801622456988,0.02036363529252417,0.02481675705546135,0.026348055807498647,0.008555707135065635,0.034615975163920266,0.00448847528812948,0.02061113710566166,0.007555681191266862,0.033750948864279366,0.02591057619074727,0.012853654775423525,0.011506034552879518,0.0035755071766454772,0.04374468675375488,0.024767217368747554,0.017864932753880073,0.01868395986164486,0.05839789611256322,0.051246871083809,0.005262774722627992,0.009509430308638153,0.01892313569804197,0.028554338495766784
S0274,Seca,295.5719080554856,139.05667843574392,0.006951473780975232,0.0073124940332360165,0.0055200034287520815,0.02453574194168239,0.02257171234983615,0.010054674586974406,0.05956675625103063,0.035822052700241885,0.06028163065001605,0.015591043936420428,0.007450655087396481,0.011890524842378687,0.00838065698034235,0.06741353159236782,0.02168829089493117,0.004937043843754775,0.013070955184183719,0.012509516014853653,0.023593704480514316,0.06352472876446742,0.04547505711288589,0.019613285593274445,0.0091929579518713,0.017108629905423826,0.016650708155390735,0.025346375426192082,0.013236415134316016,0.020588767938004387,0.007489634361992875,0.012776218269839466,0.013425543538084126,0.01687802659579334,0.011101964017000645,0.039673921413393536,0.06812177611226987,0.0013686453357926946,0.012814878339368329,0.009787584655672674,0.037989736826716074,0.04941076300264108,0.03945060432029067,0.014144233264298547,0.006334173761342023,0.0035877341458277878,0.0057651734779618925
S0275,Seca,340.3572633997532,101.04405082273898,0.017379282750225582,0.016527114170596623,0.022195891972298085,0.02353182987737719,0.07471760941260178,0.02740018062680058,0.005103425895924451,0.01645320888524696,0.01671568325649326,0.011716880470592984,0.02522430719485586,0.02086547873880479,0.018813928646373518,0.004313792974988045,0.0453819928801154,0.07010597877805497,0.020536524260367294,0.01498082329439672,0.031005177507375983,0.014446885314888693,0.0048960817031334395,0.07177264132534462,0.012090602363004207,0.004940570400000685,0.017421208391106537,0.005759356364244267,0.01974764514161937,0.023162285559831523,0.0005718943391926455,0.02165593818956507,0.02950010943857725,0.006219419171429449,0.0007619606055950966,0.03634637499624311,0.019351854117461105,0.047285748906934065,0.009675448082540358,0.013900596209298823,0.04214055450033963,0.034500033750341594,0.0024208090692578984,0.05295412247695163,0.016340672992881652,0.001256797287664937,0.00791127770906216
S0276,Controle,196.81522841601412,92.88306743554358,0.016645012003418124,0.0001619398622827537,0.01835574043833032,0.011781983290399648,0.00447070265078162,0.03563374145462895,0.009838987048050673,0.006388403136931475,0.057633729603387404,0.010002835040341568,0.008577559191558398,0.01470039914258894,0.052530480080874985,0.007175154986231851,0.026388253740387828,0.018820995797293235,0.03593569562840154,0.015433232693054931,0.0581047946764132,0.08673114717538079,0.04563199150926343,0.021457483973369336,0.00865675152246673,0.013659050383074795,0.004419561217411061,0.039844221010290864,0.014007703466644357,0.019694399603602156,0.021319705522826183,0.019108121692686185,0.016760224678412664,0.0037209075582876235,0.006870863202903017,0.023301566315367395,0.02756049396590595,0.011447789251416686,0.07000784237520134,0.011991972798618739,0.022900454730138364,0.013924585284323733,0.005409576298256297,0.009757106149394389,0.02809896394520916,0.015095250395830343,0.03004262550836105
S0277,Seca,158.9955484760247,261.0061506832562,0.020016260785165024,0.027551706601133232,0.009010565994465702,0.013310003597876754,0.0070110870941649936,0.07489330029756537,0.005354892185091285,0.030760520413710978,0.02993426520471741,0.016274595027618615,0.008902594230777557,0.014058890982147933,0.03722732021530793,0.05637178539577434,0.014895882283954937,0.016825161408055782,0.006865643712055005,0.00567869356971323,0.021485509675488075,0.01175003743080974,0.010652518362280913,0.0464906757081162,0.022007077129933283,0.004739994253090283,0.012988103587277661,0.030778188610236047,0.014427468397808695,0.000654956034485661,0.027497678376874394,0.006194171546999247,0.04245614361463247,0.03225466692129797,0.004183743471549284,0.11001557385519874,0.005747129585410785,0.01433843152100673,0.00805226185853079,0.03810499795768586,0.018599212391565378,0.017048953623817427,0.011301680564956163,0.025643384463328003,0.018521827310631386,0.011779783637258104,0.03734266111043475
S0278,Controle,252.26311851111504,234.20832062338548,0.02120853313451375,0.010729408863678905,0.04097407352619175,0.012413333017259826,0.10646926256687668,0.0502852412630468,0.03321934457951505,0.05536814262953807,0.00974020224832173,0.006300818122704816,0.027402848100491563,0.005734774925873126,0.004893274211301744,0.000945812716013158,0.009335698453187108,0.01377807059583753,0.0271808655741028,0.030257996074572732,0.012852657310227007,0.0037903766271783442,0.01266020571313349,0.02514433769364108,0.026583110767413095,0.003493057361433314,0.005064268801222717,0.006906639335891627,0.027914412020961406,0.01387226885241425,0.022572977182522647,0.021374782935804623,0.005090264524673826,0.03528494740884066,0.00029954364970655867,0.08743688003439726,0.015006584937196955,0.0010828864615629909,0.02921308256113792,0.0032684743017792274,0.006712031602550895,0.03641161934382926,0.03219141161318374,0.023095102256621907,0.018949283039178786,0.007626049809182397,0.04986504325128688
S0279,Seca,437.50247111730425,129.7199199272671,0.02102480766098855,0.04067414625090339,0.011725135602130638,0.0036313132458258633,0.0037056607089095473,0.011745227584762744,0.01661879046530483,0.005344154280172279,0.00985464198629259,0.04366678137065406,0.009077888515754343,0.0025610966440189446,0.010992243800384542,0.0071991986822553325,0.028979791474692665,0.008562440237486058,0.022501973780301207,0.01374814628142777,0.006955783686270862,0.00847018386703537,0.004462101613888668,0.017091571989855656,0.0019575791090857015,0.024358637225272692,0.029065196183102708,0.010599238977588068,0.011471736045180835,0.013080043003194057,0.022571619278235214,0.008516254152935967,0.03097914318478279,0.004854039336671378,0.04055377399240693,0.001631406683646937,0.006805751436280756,0.04638952833998482,0.03224472362843181,0.004376577755585948,0.01725211097193226,0.043809225348877365,0.05632429002846812,0.14439000978617997,0.08409622718107099,0.043621459684815234,0.012458348936953703
S0280,Seca,425.565813411103,22.586558494713195,0.004280243197959221,0.02892399797931822,0.04135082915879843,0.06058741272509196,0.012091398674174251,0.020410699415979117,0.01686071558728687,0.0062870957833755705,0.0508374622595057,0.018596532169652773,0.0111923873029682,0.023954366140422907,0.014628745773311448,0.048240417857605675,0.007099156029601628,0.025929473669140873,0.02381783211435188,0.00841784790836339,0.020839053286035508,0.03362899721023153,0.010770615768712697,0.03264416297743088,0.0027475618483152452,0.025223058422880643,0.05092335136001565,0.02232995982511206,0.03241449439759985,0.001039149463174308,0.019570640368880964,0.004206611212736306,0.013178506122881831,0.031558092566358574,0.03297108678055524,0.05055377118310731,0.01302328580468504,0.0023893528052954596,0.0016924734693289016,0.0033713826848067703,0.03330854107339611,0.015440389691403402,0.04570311797430552,0.03159926928085319,0.010485038169659072,0.03340860965117648,0.0014728128541531902
S0281,Controle,21.737531006395972,240.74567016314035,0.054781088672878585,0.0549306314711778,0.06237087605683368,0.011283282156903676,0.032615164484151374,0.005867523351936964,0.03840131580179058,0.05465451087139598,0.022406523011602283,0.006083256191797455,0.027835743244411102,0.054584579845017495,0.0048509146255451396,0.0007048551084603835,0.021640397255450708,0.010950184003264304,0.022250693127562643,0.01085915118359451,0.009408725858369936,0.004642958542381014,0.0020590410368534974,0.011099789374839377,0.015294383447937336,0.003081305608977987,0.09376851686289148,0.020008304060701355,0.010956457819589732,0.027973324580671543,0.03580977324378845,0.022907066764565994,0.021014091313434,0.00878048164199132,0.025213140139070524,0.014902987840369997,0.03759096940353833,0.02161497797340919,0.01230619495608576,0.013257978776842852,0.006684228545754461,0.017937731090097275,0.011569821438377127,0.005972512292823438,0.02859632797531778,0.00730210101652207,0.01317611793102341
S0282,Controle,90.74920479826204,479.6661738178042,0.04983295465056185,0.0010208601959055034,0.023146472877415985,0.013808965221123874,0.013958709270429014,0.04808860806140588,0.024642930849387266,0.02127520804854458,0.00974848182701143,0.023440054787900427,0.019624125015134705,0.022909753442481567,0.028156816754356877,0.015789654430307234,0.014989980437084953,0.020603729691971058,0.007059684784706545,0.02510950622358145,0.036080667888162624,0.014653224437458565,0.041979746371443284,0.010827173473097373,0.018310569981317117,0.031912482540000675,0.01767794706425556,0.06574965210473797,0.042290223748990705,0.004822281486243674,0.024591298982729045,0.0280239026970289,0.0034492777997121703,0.03861496751933069,0.0068140040282054755,0.019466826527346933,0.025429269296512794,0.02635353258625334,0.008766400874018572,0.005357304408010079,0.003857468148760626,0.010329936630764749,0.012424546365807355,0.013778191350707878,0.031828568100119636,0.041185871910787104,0.03221816710888697
S0283,Controle,118.37243555219801,326.2596003763316,0.004984776412152609,0.002156912887153479,0.017182852875334866,0.0016948539746757644,0.019142350974741946,0.050829128963324734,0.00805565952289146,0.03860824908337208,0.016191681413483573,0.02966093407122052,0.008857304334066713,0.03159316761376645,0.004822143827499193,0.003466131036826075,0.013451388960583541,0.04749643528061236,0.03424583549063254,0.016024233959588484,0.015173266478521312,0.03216553652984094,0.03218187961022884,0.023662500401698202,0.003991154516408983,0.02597592488009307,0.016011146718614717,0.051110687620905836,0.014143540800040278,0.009719617750880247,0.009874097929440188,0.005632192563011212,0.0048835976547455745,0.0026181565605455275,0.08803448584020994,0.027406121501039268,0.04162328094734266,0.014029463082613578,0.04605611858029843,0.0016470597547734653,0.03160531690319061,0.024815610771675108,0.01696772700194988,0.06074436746214691,0.02236766456920586,0.021936080168521374,0.007159362720131501
S0284,Controle,124.69378791610592,247.7532783143092,0.04704842266770959,0.000665406310780234,0.03431367214941237,0.009886193518467777,0.0032536006301794596,0.014781597303805478,0.08373267149560405,0.014550347930035736,0.027020123858683905,0.004546741981790186,0.013773147712547661,0.009625380226258579,0.023174412094826506,0.05411745146224588,0.019686164633917435,0.023429000752632406,0.0697178222913306,0.01659863466877375,0.05040901845323758,0.027113042609938402,0.008741729640714156,0.006109461144009435,0.01860183176033967,0.014623802433177175,0.014665375248015528,0.012987296930774087,0.03691225411190449,0.036271419247650025,0.02719896445307474,0.024071420380010446,0.008428320739462765,0.01178612089252442,0.01521061614122219,0.016558814030105333,0.011544406022176644,0.02498147632976942,0.0041782169160248656,0.02151591634000979,0.026125863994094167,0.016575535664332248,0.00433090451515218,0.01017717957693108,0.010872079273513465,0.009544775268398755,0.060543366194435365
S0285,Controle,285.6163258713864,55.34603701480806,0.029471654463790912,0.022058488051979755,0.016725775093009577,0.005780509175195425,0.015959718429331686,0.008900419903950582,0.013731808083887272,0.008289287675930401,0.0030093897837988235,0.11277208539234074,0.012950228492542971,0.023025842226491525,0.05542324831872906,0.031866976014021525,0.042808634614260106,0.02754106469787858,0.009974897831966254,0.001970281623882595,0.023032817302496393,0.005688055960618305,0.07268991533495604,0.010603663804445931,0.04139253049250876,0.016551145351589427,0.0048624931214572824,0.013300478032429754,0.004419799481423912,0.018284814122834586,0.01823067130729408,0.022907979693837864,0.014450190153960889,0.006018400750246434,0.017926935658190007,0.05671424902367377,0.006471443437162686,0.007129040663970571,0.005184052461685504,0.003929809600822297,0.02364584512972785,0.005236663349407187,0.034913167889462436,0.027749262370187648,0.03185395655820543,0.04877306738338708,0.015779241691030024
S0286,Controle,208.13121285159613,126.21814527479364,0.06998446847472874,0.0012449557995206047,0.007581125935973533,0.004876313688511326,0.01918658800331426,0.004120912967545938,0.007633672277270089,0.002711301696701893,0.02512825146736949,0.01872882548484797,0.01042877004756283,0.01085315640383396,0.009292416493070197,0.01410173600944724,0.04374487798862861,0.026167685202742458,0.00836776744798849,0.0033414470999827478,0.013050714097110491,0.04800347438513257,0.047818175063760814,0.011995073570644835,0.06075925159111296,0.023481608056129397,0.028840427334402754,0.00457367250180443,0.0029405860731560275,0.02102198004944219,0.008454884300832298,0.012569969960054389,0.02955701233360766,0.011220942903742528,0.05062258072999307,0.05386960021032711,0.007567619170436791,0.02698210880696413,0.04778332419292688,0.01788705062598986,0.016745868363775205,0.027009797453720823,0.06945920236443986,0.015698322026152442,0.028363910866887748,0.014375415368233398,0.011853155110178759
S0287,Controle,24.627059963796995,147.38697478727136,0.02296927277812752,0.024771662660852067,0.01307194478036979,0.0374943244994144,0.0007892180339400906,0.02321429949489443,0.026871598551722636,0.04269136817762685,0.01495134719249241,0.018006337770688535,0.006296204882586695,0.0426494430287082,0.034391340691518536,0.008640121930130092,0.0073920422362590225,0.010984856018702546,0.008458771281541922,0.026251930581966842,0.022177643235166862,0.06655529331971557,0.027703343457179796,0.02032603972450795,0.06374358712409563,0.03178387825502572,0.01165944703410669,0.00598224451666016,0.01871490469574127,0.037570652076684204,0.01495823655120493,0.027965054381648098,0.01721572024150471,0.013349424694741001,0.038127138384563705,0.028204412293366857,0.016662168518028857,0.010604493155677828,0.01041037598590812,0.0109317955957928,0.014878322073054893,0.022559770640375492,0.020122142016806264,0.0489157323892403,0.00642042256887078,0.01988292571932679,0.0026787467594620532
S0288,Controle,186.80706922978578,382.40177630361717,0.02417072680179479,0.0030109265463610663,0.011879850583432225,0.0069046174878624285,0.028776813976873438,0.011445703032680752,0.023842137131094013,0.002246849258967428,0.02785809657522242,0.01695450132413358,0.024928179502373287,0.013911186863517633,0.01771757954692331,0.021956597681664965,0.006853315200936039,0.02274101306309065,0.005568923832502633,0.011970293566507736,0.023135828146897658,0.05468757179687886,0.055212869790136045,0.04340991936023461,0.02540354627007979,0.038134294350735676,0.0215550664829898,0.020385369160502834,0.04103190329723365,0.020163493793682357,0.026759687556426628,0.008406811303579143,0.035803096703657125,0.018660680557125626,0.02467164044200829,0.005448468337843894,0.05609008126111939,0.014532764886670178,0.030192110083071783,0.007903932234064569,0.026001115234987715,0.009757174397791524,0.010926016611223404,0.024598910174222374,0.034022590168929695,0.01741089871450623,0.02295684690746285
S0289,Seca,261.8764743588186,438.35539863230963,0.017105964779722982,0.018241585222959922,0.010164967115628493,0.016563384014683533,0.005490177340435563,0.045904120463170786,0.025991873712232588,0.017453453136455008,0.030011901789412463,0.024837004583515336,0.01786202891841135,0.011927454540056993,0.03357317736906691,0.0515687278053221,0.01895828703838931,0.008655793078058496,0.018882392315661464,0.00941939012319984,0.032858370476367776,0.020173532040224266,0.0012680930668805541,0.013808616516000218,0.03698593380220395,0.038329265451308714,0.033528380339518125,0.0634860025065571,0.01738986714543387,0.032128827875171795,0.015939692302041102,0.013551075537751657,0.009773800176946719,0.004720561604121768,0.02052339120875563,0.026359648776242032,0.015367036766432293,0.03418140993008251,0.04778349474871646,0.024520268203093182,0.03883030898097221,0.0073575719784083424,0.026349667752575277,0.006363454910988136,0.0074270076497837826,0.00508436355529068,0.023298673351748622
S0290,Controle,50.83595145185799,450.82092678321925,0.06111968688502596,0.009485347504125103,0.0178091002561222,0.006244060854238641,0.018485275895411168,0.048520851773901835,0.036875971657439964,0.05197824059434851,0.003762929745812271,0.007003989697225112,0.027494906521225503,0.006459085685229927,0.03372698466897502,0.01134720618632829,0.08893327394609281,0.012228735427415923,0.03229428638675636,0.020640295625169686,0.005724735572779744,0.010529616489290553,0.004113390656334927,0.019133662241102054,0.019668256491234794,0.019861242022958654,0.005947189421408981,0.011522029759170918,0.0427393118925265,0.0033042036163469716,0.021114837621790703,0.03887610595911038,0.0173159989868227,0.05637233285063991,0.04434628839941015,0.012395511294131694,0.005201179345313567,0.0215110266950332,0.07192820934672896,0.009017913095770654,0.007211741905084032,0.006603810529545788,0.0078017318341842634,0.0006837401125279956,0.007119805263333922,0.014933423788774778,0.020612475497799064
S0291,Seca,416.72927689427985,492.28430412537705,0.014944643022172162,0.017747579017881255,0.03801349707030245,0.021866519337025492,0.012356022740534184,0.016060097695784138,0.019215820574933554,0.048081750891446375,0.04956099991081555,0.007877941094746424,0.003613618800294984,0.06717342610445762,0.011225030978188276,0.012510325931518263,0.05351320480770578,0.023009829666665878,0.008396356567648058,0.01102419984531783,0.03968238358139085,0.018890843630842688,0.013115955374614982,0.003741929817980736,0.02957220520201567,0.017310857084738354,0.021809486983689678,0.017292353900574802,0.026314822629978255,0.04440544103868356,0.016951258912792838,0.03754761956627505,0.011383535116748358,0.01183421003946436,0.02304265584200747,0.013004769682598507,0.007664396217943744,0.030531279065065243,0.02071293635979309,0.07683217487509943,0.005145802407859915,0.006469791360944397,0.003679925215307248,0.024350450246017948,0.007552636697342652,0.02615431417900346,0.008815100913788369
S0292,Controle,25.98093323255213,491.18334155226626,0.012858951007708307,0.01013247499516173,0.00549975975437989,0.01909235247612184,0.006338940787895943,0.03484128525539636,0.06043419601941908,0.013399042385451487,0.026444928050009944,0.006029139350890582,0.01668823943155615,0.01897564841687139,0.032828242488341895,0.039328855311407736,0.006631087928942928,0.005731436320101648,0.01149059488767385,0.04011389341390973,0.02057533642272492,0.005788316017601781,0.038005159010890285,0.017499004251160185,0.061287957698670445,0.04846980491803074,0.02063231392529029,0.02624677006227943,0.011537465116316668,0.06604124686305235,0.046794773787031535,0.008807056731439371,0.01788858230711482,0.01666895103828988,0.01521258014378861,0.016207846848368748,0.011677116371367187,0.014077496964711226,0.02717745284951352,0.009378385970802717,0.015398282356116648,0.019758136255718324,0.0177638461768763,0.01690352858469862,0.018553622622106854,0.025965652055889663,0.0188242463689085
S0293,Seca,462.42093450903104,476.4995663839907,0.011726988121809893,0.061497631024316185,0.008451262605246973,0.01429845074625402,0.018105878848228965,0.01524744898313198,0.004272005005688081,0.007965543107818432,0.030197441740420317,0.03063598616961231,0.013075133864469728,0.0044313185599761115,0.02524746785738093,0.006570750013808532,0.006998553741599623,0.027551938179434878,0.009889916227217058,0.015951563486354736,0.04803002422014495,0.025028289837916846,0.038332518741005475,0.02276018301070481,0.023232506101162932,0.002537218033362164,0.004405774215021392,0.007994930846676986,0.012910586214670892,0.0385178612240605,0.008782718326540324,0.026511879714994423,0.015495889020753639,0.08690169262781916,0.015878059873885225,0.023396025922155908,0.0233186440100131,0.02675341053494801,0.006024948291467265,0.02713604641675766,0.02633751256636958,0.015613568153952538,0.008382869411568506,0.09620864912816313,0.005237246371617443,0.03282389719263742,0.019331771708860936
S0294,Controle,49.55657078993775,35.91107025144219,0.01903067676246845,0.0037029456713086133,0.00444708910108305,0.002143452797526627,0.006462421191262184,0.028132951964094228,0.001495109626901979,0.041681874867111585,0.04146422664244692,0.008819043785251952,0.0287425618668875,0.01349790167974189,0.028428091260092693,0.05060214769784287,0.011150589222674558,0.038694599652187765,0.0044165478304381825,0.009320678839801486,0.018820643178731833,0.006053614324678076,0.011023816515318698,0.011488322968545914,0.029815978172566728,0.013086725324257524,0.034325540633589724,0.04676380974596016,0.025575427886408354,0.021581441827269465,0.02335528606985974,0.005841109308200753,0.03846567375474518,0.1384225778999417,0.02137225773668472,0.02727430058493721,0.015028280318178877,0.035559664479485074,0.006862707724680682,0.010076948330981255,0.010254933638264671,0.005483134226894892,0.03453378623907275,0.008952677975643902,0.022333901381744427,0.03200553080940365,0.0034089984848314553
S0295,Seca,421.78747579887636,68.89676796390259,0.020875240358828547,0.005416734975564046,0.004044107181580263,0.014215024721455164,0.009011452885902006,0.015701117033871656,0.011693195790411382,0.021668729514437934,0.015088698351779327,0.01752011487845608,0.006054415367192871,0.013415330608740781,0.04874834592700168,0.0186294158967054,0.011235410323086182,0.005935627765940743,0.04847389094652868,0.032606123309533205,0.008363860004952638,0.05169758543263956,0.03955643588804911,0.016043384004735352,0.03511066492957796,0.010994502743935331,0.012138211110225875,0.02870682245756287,0.021232765544025613,0.010259679979076106,0.010068041177638527,0.04942191006831153,0.00764868800008671,0.019908391442110745,0.008043642436393326,0.018268498212486613,0.09508034475544497,0.039968025554819764,0.015663999767719483,0.00824817114066937,0.04785778829112969,0.02186714822607267,0.05348857501814586,0.01856338908205461,0.006157261488912303,0.011920498051739883,0.013388739354467447
S0296,Seca,451.32657196380853,152.23326323801643,0.023503112211504855,0.05391989616627279,0.0059928604264775955,0.05425544876249613,0.0164410028695991,0.012114964552839082,0.005298763565517469,0.017678743749896458,0.02420213548636695,0.012574382479733614,0.02011593371340917,0.019189558337693487,0.012486743831194285,0.0036517921800633987,0.025865477796022995,0.006675861149299644,0.013626115604047816,0.0017824268618814162,0.0055348437040659395,0.00995671857685931,0.009661676547771553,0.0436309896625637,0.0014157469066272224,0.06255425547189451,0.02125074785521179,0.0064596102436124455,0.031224408482269556,0.011128406902627064,0.0026115953253868693,0.03991951501964192,0.02555032754277834,0.014127628311704764,0.019199679775963888,0.007850806632531949,0.06389523140269511,0.02298149994635796,0.06707712017872927,0.02762398516558879,0.04304155332540697,0.03055259208264073,0.015200451852472974,0.004409140950025469,0.007080366958290764,0.020495309814452987,0.05619057161751181
S0297,Controle,489.7853402932964,276.44912703223076,0.01715380050560854,0.01672087582043567,0.017369702906589374,0.01612327599387296,0.015709069837032574,0.003231583801536972,0.005805342427343578,0.01467214933163366,0.09972113090283093,0.0038378868169480947,0.052044092829178996,0.032949663263044056,0.044979070079378035,0.046439879174835795,0.05141504098746778,0.018142785957843452,0.034338105790341994,0.00713709400187939,0.006320105034436614,0.030535337244330312,0.04301381055361351,0.01683670904834732,0.0009285174880427987,0.008154169288055055,0.004201401600982529,0.023150418620518677,0.003681626550964932,0.007402017338795089,0.00614291463278128,0.029462520510413204,0.025722625790329776,0.03355545728862273,0.0071127010592434365,0.023083461310103727,0.038194423022377966,0.022159232091780067,0.05088985320876234,0.013367879407489175,0.005820451626995844,0.02243197566707846,0.006270251598044547,0.011828475578527812,0.02737633199529845,0.01737242457658363,0.017194357439678877
S0298,Seca,401.0129401367968,48.48894435273965,0.002921741490717743,0.03284715531377105,0.03977244633778479,0.008714236648001509,0.03009735622315679,0.019678514273647398,0.01301564144983716,0.043502396808677006,0.02515677553812761,0.0015258643662389706,0.024456501421617642,0.002598209601538458,0.04051817195269606,0.02185120552463668,0.01421882099333957,0.00511100812529218,0.0173252181600578,0.016212214892411918,0.011928606850591288,0.026789279104968013,0.033160962944842914,0.024563366065980197,0.07758783546885321,0.0237808214622334,0.019626023110503817,0.012830046577865201,0.013113807844415888,0.005850157572875587,0.0017990513532128987,0.053772200923194076,0.01727600129112251,0.02558157398376416,0.02897048654276581,0.012638057309566072,0.005260624816377761,0.019375971633445763,0.011833220700692131,0.011956236944192442,0.015666157696316917,0.02385914596985323,0.031703442372242326,0.08959298284330974,0.00407840069428752,0.011041972613948993,0.0268400861870277
S0299,Seca,389.73877038566445,422.89847890107126,0.03182605920756092,0.0326903147975054,0.001074126199569374,0.017191435370109767,0.05981757499988382,0.012370093301118502,0.035978576468782594,0.021935931706567047,0.0042577299687688005,0.0103889487840527,0.009660443498523439,0.0009385266933612051,0.02820134366531399,0.024395060241412175,0.015188333253506579,0.04976686187463306,0.0029932903652226074,0.014148909811117709,0.03454083355625162,0.036376499897666136,0.0387474226796419,0.03004998662552347,0.026926482825422725,0.02655022892415946,0.005088294490494416,0.022299875430590015,0.02451192311753293,0.03512207666266664,0.014818385311257681,0.034930019504077314,0.0061570884227882365,0.008300009654286497,0.0035923038580764842,0.0075026672568553575,0.0376449446923739,0.023373288932925014,0.013865182661586341,0.051676927050820554,0.021666090794229584,0.0010201815239382658,0.0020620653372021317,0.01873128829286807,0.010807411279571468,0.04862329843385899,0.04219166257632506
S0300,Seca,321.2416379977738,308.37808953865454,0.01790308950767469,0.04186919161550819,0.011924129393468262,0.01231806556930815,0.04895160755063482,0.015098485926516485,0.011599705620863831,0.004269264518318613,0.009939807353599209,0.011535944311755416,0.021732161150115756,0.021544117191975545,0.021027102782171955,0.016806402695373326,0.03961312379641041,0.011266958230994585,0.052466527711623995,0.011246567183831043,0.06459740013529888,0.01346912974348571,0.05475461446329536,0.012382709844273433,0.021936536485214795,0.005142084435614649,0.021989543590881254,0.05473210188361266,0.02206470308460826,0.010869451645943889,0.004516657272626167,0.009441593196585494,0.021291123038793543,0.013715039661553777,0.005385440424143602,0.015680705883767097,0.0047421917856608695,0.017627618567655254,0.013885020042587865,0.026249134652301626,0.07119709814226191,0.030797397487656517,0.0012037791606970259,0.04293417913258027,0.018519540634562032,0.008899070422973698,0.03086388307121991
S0301,Seca,389.4981772890645,271.1822011511025,0.00353889678810694,0.054882461214068645,0.009193764889619996,0.023723229950035892,0.01771184751403965,0.014593558240615858,0.005280389971792845,0.008245119727122628,0.00896639645127541,0.00891566717581817,0.009130918355856334,0.052940213494055983,0.016289288642545415,0.04742583278839694,0.03153470458013388,0.01812745517698535,0.04236911023629203,0.014996863136374994,0.03058446812771891,0.03384668365183086,0.01037025907192267,0.005956456098336332,0.043384037104676365,0.03326959265200335,0.03690882504011993,0.024044199613493494,0.023734711200853322,0.027326887276100102,0.02111672790810903,0.01036879790736521,0.007007651625546672,0.006815401237202888,0.023312201172898752,0.007798483919889172,0.01908921990313754,0.0064147849979803795,0.0031135661589138156,0.007076793143373864,0.03987370796875315,0.02818704627865068,0.025903893011891027,0.009406433372328675,0.057562318571562736,0.009126468035150716,0.06053466661705328
S0302,Controle,67.27610420657354,82.65566168364558,0.005136879125407788,0.008066606772254094,0.022923106425375536,0.018759761711165196,0.03751784019935649,0.032224041542185916,0.018381365687397726,0.07212464506967646,0.023013487040925328,0.007636831557005562,0.035564181535943415,0.01589403501391888,0.007472735801062392,0.0034136497419477232,0.03256378117806213,0.012532219972518154,0.00878295229709941,0.03305564010859555,0.027730079172729943,0.039847685624465244,0.0020687922373514005,0.016051099426497642,0.015309850480579628,0.018260169444626936,0.006459542048727721,0.053436397428154044,0.004185566861329012,0.026591424713017113,0.013475916452772517,0.0029491866443685827,0.03348641196228984,0.03389468315106748,0.013611731806718073,0.06341807742674588,0.004018427671669148,0.0018069349999138688,0.029989398591360766,0.004745249156444649,0.014752874864526625,0.07715385956638861,0.004450835957711658,0.03944057942190939,0.009878829231494336,0.013103904801120109,0.03481873007612221
S0303,Seca,268.03401797381866,126.62773720009868,0.015180741142758135,0.01556953814147203,0.00470242145047645,0.014546159375122967,0.010380435444932347,0.015541948772305629,0.03245758563169273,0.003599338900220546,0.023455872271429024,0.013343631109241527,0.03399614091322232,0.023856084554259534,0.008718469800428449,0.06323446180226684,0.008180892522353581,0.04163663123376766,0.03916301830660366,0.014900803051147502,0.004648603737030245,0.0018990130928336873,0.020602521001912066,0.019294514505931563,0.09878463864183533,0.05219631127230363,0.011263828595501294,0.007626838814263573,0.017459217849851317,0.054182946787464596,0.040365602160867965,0.008056762026609831,0.010745108582944656,0.07397389656689113,0.03400393523459973,0.00818101658377352,0.015175266288675174,0.006539340788553622,0.023151196551827534,0.015590876259046569,0.006291333071380834,0.019140179746429613,0.007577485350103475,0.038740762739196265,0.005808320746828393,0.0074904619001721255,0.008745846679471413
S0304,Controle,257.11143509520724,80.15601249112902,0.05902733446258649,0.013493361809116991,0.04866312543476446,0.014418447612421939,0.027466083073828827,0.027348996674626803,0.007561428444991079,0.05624396229934826,0.059890284017837185,0.012557063109954943,0.008319776445628906,0.012517048778916953,0.01605109696760151,0.07382712724673923,0.004211874357389472,0.025225240230880224,0.00793960690833631,0.030891976604215686,0.04436159911284046,0.015617828075754937,0.06225177891916898,0.008129164171405117,0.01799873291359021,0.00892207335599029,0.025847946591502018,0.006440978833138533,0.010752567643410902,0.00706162595198611,0.011419245077622512,0.002611626730982105,0.01621987590018681,0.015535321557753798,0.007181073871090997,0.03156166943384759,0.027301869892537172,0.02013817515453111,0.0016847872102689523,0.02973124721355814,0.017873651019608236,0.02266688684117855,0.015834013627278553,0.0035945775807266277,0.03538183097998373,0.0034539557383010343,0.02477206212257122
S0305,Controle,428.7860720612788,425.9665788973993,0.01722388035055828,0.0274312907605275,0.005027628557753711,0.017650216858451008,0.02217836830908563,0.010766891191388716,0.011435010406358465,0.00107960996254355,0.03249466430982042,0.14328781086560435,0.015339849914562132,0.04464720669715501,0.07252414892892138,0.010193499998613572,0.01386937236198053,0.014078984540047306,0.013000931236529754,0.0162657986748824,0.05274561516036871,0.013240308333489386,0.01584484370648588,0.012238432618798036,0.016399879145089117,0.003973529217744826,0.03175452481691855,0.004329549175412923,0.014927663176971074,0.025106655004571883,0.026038324199539505,0.022447326492459355,0.017305200902106643,0.010953904467773404,0.0005362076301456783,0.01611375657770222,0.011055987278488237,0.013977678910050147,0.00937173001667831,0.015121677803934247,0.010195346086007053,0.027544991097152124,0.015935717655427836,0.031563698510750506,0.03555496116992196,0.04428227039284304,0.012945056528385747
S0306,Seca,231.39968279675793,292.1139300306091,0.0073817495297927365,0.02289519349903746,0.005825659705162006,0.02559166677724236,0.0021306624786543165,0.006168717372611961,0.010552874007225675,0.011470500440603097,0.0296042494395812,0.044125653350115104,0.007068633847153104,0.017950618236395762,0.0015872120885333588,0.020779100075446193,0.015438390504748,0.0404021113398244,0.050223280279585086,0.0131962253470448,0.013923210194249774,0.012601678164142576,0.10114774527258028,0.009449141446398477,0.021590852432412443,0.023752491870414064,0.006545526499932759,0.021475449278970334,0.06795392596207876,0.03623347818577,0.0050961422904342805,0.005316550301559513,0.010755611101149651,0.008033362985875574,0.008149747707711659,0.005416716467804325,0.02642848101308534,0.005625076774809191,0.006528037045049403,0.07238523106236208,0.01229287152209765,0.042503859828021615,0.0228043827924334,0.022162086853888045,0.044500826661039196,0.030986212657310417,0.02394880530966259
S0307,Controle,192.54474805017674,367.5647137598167,0.00528051980056645,0.02745252530798065,0.01347351133899978,0.01054949627794143,0.010227430086631177,0.010709128575855018,0.024193366261297394,0.01653686560002719,0.012665025634428657,0.018452599978333387,0.009939396476965063,0.0397389071771734,0.013330107902526683,0.015973542907346937,0.03176824271909433,0.02506925316821728,0.009546656512037286,0.030094951414056662,0.01645012647647275,0.026194012480430084,0.07613476694878459,0.0201493657454509,0.03179580299700638,0.015277537949818207,0.04063437006206655,0.023663638862331318,0.034938969336178835,0.003600817027981897,0.02539314086548258,0.018085308279548552,0.013169861125718791,0.017997902634870833,0.03669353684195807,0.02065913170246388,0.0333602537583616,0.06516919941865687,0.03858837384523973,0.024476961535919616,0.018184579597244864,0.00045558874990457164,0.0037566085845459583,0.01058227869348307,0.023105019995222863,0.029627984453099956,0.006853334892277817
S0308,Seca,319.7816356185551,148.01643145501288,0.0012289623378037842,0.02706017456228121,0.0069137209902004615,0.07482658135683413,0.01343858158514144,0.010302693255249913,0.019313558195493668,0.006083742063509709,0.00569502872144001,0.01842322120320402,0.00358006667998049,0.024614210115036745,0.009008067864980518,0.04237225815089491,0.05195931476322516,0.006157787708571726,0.012633931641507331,0.043178291560924655,0.013914933580827484,0.03176125870896382,0.028186703003583127,0.041613715467645584,0.007225950612657614,0.007950437029977525,0.03456120593421371,0.004369195588953052,0.03994295873704608,0.01227361027875364,0.006213022871148336,0.0179204358019513,0.006548792321731091,0.048013395712145454,0.0007643004636690592,0.05205347292517823,0.011053339472282047,0.039590229070377334,0.020662453148396986,0.023666085282515955,0.017049257455322344,0.012741380870467986,0.024080609954439842,0.04219868386545715,0.012011052562821782,0.037522380086698365,0.02932094643649523
S0309,Controle,133.23165875042304,185.62631854413857,0.050944901197050314,0.004070756149052538,0.019593994329489984,0.012202227066331651,0.018147382363809434,0.01704787902198511,0.0362874160776136,0.02003157500794626,0.0062535414979999395,0.024618850233568888,0.01695582212813153,0.011140949072172735,0.06327747147057734,0.03475071602574407,0.0157409372265796,0.018615652803546594,0.006095178715747371,0.005960391707057418,0.022140672162530607,0.010978894637160676,0.009530343123844418,0.019099983148960147,0.011223610454189396,0.019039081418179483,0.03564923751518512,0.040599379178247616,0.04608406275028445,0.04111112825858903,0.007875605966196597,0.03153855413019576,0.016581730552201912,0.015758875775548197,0.006546658354752647,0.02192234614985074,0.00855872374573471,0.02985456740513649,0.030794584660416256,0.050411153898619186,0.0022610398164348493,0.06044277952686368,0.016946518598084766,0.014977664463666432,0.009783693044139069,0.023092395176602883,0.015461073993980562
S0310,Controle,69.88420547697844,202.4274822132669,0.04413360383718123,0.007328865747620255,0.02207018800769461,0.01585877567123793,0.03507998186305593,0.010696934442823606,0.05321606753463743,0.028072651462770534,0.014152277469477175,0.027201355390585095,0.01022815484406997,0.014305356276262069,0.002536196161200573,0.09348042483187366,0.021399337937252454,0.01495878736255967,0.017427310824087033,0.019154736094047116,0.020947457095836338,0.03250268691548297,0.011193390708629847,0.011116648350396406,0.016335889854575708,0.05470466090682928,0.026711122626003357,0.00898540411856754,0.0304881751789784,0.02340671851237671,0.01298211136373461,0.02318235276915192,0.031928731749434995,0.011990638816733944,0.006774131056848969,0.011684561123974752,0.008653163890667523,0.012570103319508743,0.04762919468401016,0.030911566162785984,0.010668394744512288,0.004024022045662348,0.030810450127440887,0.010060289680489623,0.03866630276925213,0.014661598501760145,0.00510922716791802
S0311,Controle,238.9386370118729,380.0074858720174,0.00743491080581259,0.008101835223297346,0.024076117397381743,0.012642248194538106,0.015200722546964565,0.012816822101752808,0.006957335371734128,0.03019265606070744,0.01643802418808274,0.00873450974406733,0.006131599066539828,0.040894877025600664,0.020254074263020786,0.00862909814104138,0.040733222974492486,0.010721925857990797,0.014125358116389226,0.00974702088300678,0.04097278998803672,0.021965965040621923,0.011795215651935509,0.0028151724625089494,0.007780073058230757,0.03273385721529044,0.010966238840554351,0.008747511641217634,0.012058188548867452,0.02146343375379495,0.03936726773791467,0.0165169621892434,0.02190165357984829,0.03221038291083604,0.06636288046318677,0.03944553724568517,0.013316652876242828,0.03504875735890218,0.0690859613032436,0.020884956320899418,0.0570947955328578,0.03358852757537241,0.008542751601102933,0.010580852253073151,0.03399192867772316,0.021779380075634177,0.015149948134754804
S0312,Controle,208.4446842974425,386.17649383728406,0.022073790230032857,0.006758219068500115,0.03233907516145351,0.00847029590278459,0.014200670780597403,0.007477533229231122,0.011112490366245254,0.02075584554176667,0.04099628823073378,0.012512839810408,0.03909984862613585,0.026975786190204246,0.028891697205371405,0.08157798415658571,0.004204588391209322,0.03774515891047666,0.015984800784690025,0.008844654225727252,0.009475225613448364,0.02155943454911206,0.010799042183650812,0.007733917231849034,0.010517993050237283,0.019338777694767228,0.04450642909792044,0.02795592291000431,0.047508713130920276,0.02640773111066853,0.022047140284781577,0.028962189116860056,0.021962655733136875,0.009045830905588673,0.017247669668524233,0.04651886702764059,0.013542372170898495,0.0029050043772644828,0.028378050621777607,0.03553108817850708,0.02691929736692021,0.004778585704570948,0.003310129093079624,0.013032222792743308,0.030502474490213358,0.035190948973835574,0.014300720108925427
S0313,Controle,116.28497026443685,103.40676375701585,0.010099368568196355,0.04021611888703235,0.009659809804503637,0.013337011998905659,0.012428165933010864,0.018693146161107087,0.015792708844447244,0.036655039562606066,0.036153169721277294,0.009364768646756848,0.007666790207345132,0.00927979330258083,0.017482218626535262,0.013672135753705933,0.006770099537601537,0.02325934468101125,0.009644541017772104,0.002966523439143026,0.049123470333102374,0.03484830961575561,0.022722631280323022,0.02400753956620652,0.01759753776658962,0.006690431710900529,0.0469172702371825,0.0023290385416282772,0.01704450747289153,0.011831208300382931,0.034961047378145246,0.025736967753802936,0.007719819207962466,0.027063574411429262,0.015288596552642161,0.014863557768619421,0.05975071664319107,0.10489875861687413,0.007113962133112196,0.007765296271321345,0.006825736254391814,0.004869999726941698,0.023338986456939707,0.002893186437221885,0.06163777439124844,0.038891651867110126,0.03012766861054473
S0314,Controle,183.755905057564,470.7694283690495,0.09162190431447229,0.001845347216872388,0.01299150707179479,0.00948306810891161,0.03667186781262258,0.014093370635286578,0.01113266823641083,0.029180329335812733,0.014109107123919561,0.022086467620336454,0.002918883025427073,0.003993812628793814,0.05305077188424781,0.006211237095204395,0.0018816390044898985,0.00503460113272563,0.03122877232885415,0.003082609364187052,0.006565557134151277,0.01180068979775889,0.031047335955759085,0.02000112085133596,0.02411718929256566,0.023443045976737645,5.1010616759995677e-05,0.0071372852318949504,0.08057913015830698,0.015823005738089844,0.02836110803193483,0.0356544127827209,0.039405606904354164,0.02440907778117711,0.009022270561611626,0.004403293085094116,0.04354511051852846,0.01558066241969526,0.03199896966082723,0.03449594084477452,0.023563068379759588,0.023946562614076437,0.012950180621242504,0.015842437015549504,0.01952591104080692,0.04607002807913513,0.02004202496498175
S0315,Controle,183.1962249131237,60.327668721843196,0.0901752701596972,0.01091157968555244,0.02934373876467747,0.004846354646998669,0.006057882007602869,0.019328728594993776,0.007315390999905008,0.007812543934211658,0.025308261392201704,0.002665347592534816,0.014070559730675412,0.012142486495828242,0.01141709031297189,0.004063567092124302,0.03099665610590228,0.005832979695660516,0.05248109182235297,0.016241962661575415,0.01874812904480489,0.010223366229152101,0.041950403952771935,0.012515845150254423,0.014366487668578627,0.024160335665875946,0.056172024512385836,0.028032572135572132,0.006480998404019081,0.02573791498604515,0.04953568195858153,0.01007535152510599,0.014909884308629832,0.014359306412329867,0.030343189837962165,0.01771887406209785,0.0370480257179066,0.015327208933906999,0.037947285129598496,0.01402606563790985,0.03417358375115574,0.010613234324895469,0.01965706474437284,0.011719886927322088,0.024205316855412745,0.021976315771531783,0.04696415465635349
S0316,Seca,163.74778220627272,448.06104121181517,0.0045889399524476895,0.07748380317999773,0.013276119781882976,0.007374446884507336,0.009532543966906542,0.007850657765048775,0.009170873070997619,0.006579150044443103,0.02295498494845544,0.04418319023318678,0.03731312557990687,0.0338279376840501,0.03041451214589737,0.011844008934250555,0.05427857824720581,0.0024488265923721915,0.00406042846254449,0.03066129735716574,0.04006763488443904,0.02336973486754618,0.04095267768468965,0.007057391440409783,0.027246920878407594,0.013461686223635095,0.03738934756609193,0.01872820486723193,0.019804854204908583,0.016735971053530533,0.01436250494548796,0.03429544169754103,0.018782431701346546,0.03057495737162325,0.014308089490337919,0.025509481633508094,0.029192996494979435,0.025561133866543382,0.01788860922847985,0.03627084588283577,0.004776888795727112,0.017408164743356658,0.01572961155065735,0.011711954455475241,0.03991156310578075,0.010386008173838304,0.000671468360323921
S0317,Seca,189.73203986346448,50.19782282490465,0.01359946191813026,0.07190565674725456,0.037119705066718134,0.008584186688259395,0.05738958758067939,0.003932307773178705,0.021823816521361422,0.009488200223677645,0.021962887759368076,0.025162420871831317,0.013744367689456095,0.024886930717466872,0.0019569238345124905,0.031928130937813874,0.011610394254000402,0.028181292585670748,0.018448802228554315,0.006301158299853195,0.001840357141445881,0.003427950250016917,0.004022318678449263,0.009811784059280543,0.0433663568113758,0.029696434597662285,0.036937198281946165,0.00682037102502232,0.005129175561700663,0.021450392081345204,0.03132771110664263,0.015719730722231068,0.05260928581254792,0.019069052591757753,0.007212817058099139,0.01984770277483996,0.03092655326615228,0.021289808171902572,0.03701121928224826,0.04328768437889215,0.012300279025006485,0.0430083299860122,0.02847341629749002,0.029348375976469974,0.012443515536481646,0.00283756675444343,0.022758381072750657
S0318,Seca,342.8716727279727,132.26990557565554,0.0016340487864973266,0.08305669243039347,0.008789802592340554,0.014749609175594411,0.04664211889988621,0.06050781674700446,0.0043049549626439435,0.029990489995767918,0.03642543259692559,0.024170016430027193,0.02392355627852424,0.008316845173977688,0.012608712119322872,0.01509904528722822,0.010089112165832546,0.005858798864863806,0.0018263416915136864,0.014402965652343242,0.0077948911706521165,0.02598255289432333,0.004058803273441644,0.02445952185296353,0.022151765729334846,0.03677358805174565,0.008490933139278048,0.0407441521103523,0.02161063174916074,0.02101200565243415,0.008783261882480256,0.05457952542390246,0.08250867330179423,0.006404367932165624,0.018772099277377222,0.016892840687251533,0.024311736263114624,0.02686968881195994,0.0038271981976929588,0.013305104438519443,0.04626078189873015,0.009897303993224306,0.03442222548177917,0.01400907046376484,0.0014664351071514022,0.003252272820767898,0.01896220854395026
S0319,Controle,148.43823728564266,423.2392680339785,0.01643155913792049,0.01728512065540408,0.040911490930653126,0.0167934530221834,0.01304864062190693,0.02871604151534612,0.045180149851693274,0.04366395913557474,0.019578357033294597,0.01899035940840369,0.012859475068727309,0.014722297465865482,0.049144681886092535,0.0020285481942488525,0.029092625175739843,0.03144439990745302,0.05858615630396894,0.03303135681567224,0.022479676338400024,0.009341696794830965,0.014999806214494475,0.00737863469601736,0.01224630763449721,0.026898776182507834,0.009407433136985634,0.02952569642926279,0.01154311781576962,0.01345093020957785,0.011128561202281244,0.02888761971316839,0.010548575667265116,0.019018993301558124,0.018463226163948798,0.012698849172523508,0.05874637830511304,0.017720404942522597,0.010140947648896177,0.010076999651160993,0.0076899025622539545,0.03497683597500737,0.009863774900046172,0.054907704924740175,0.01964768532893425,0.01563213207347829,0.011070660884609385
S0320,Seca,474.4289633576702,89.74603617304372,0.014548115710223514,0.026060975612499346,0.01859339711522952,0.010562299190117981,0.02547107455819339,0.011370342291322316,0.01134875147266307,0.12576079186068628,0.0012302093830028925,0.02429134500648854,0.005969662060363349,0.018924562335531685,0.016426035613421573,0.01295780556475973,0.01782590377148191,0.00762765050095474,0.011842719077726044,0.03656203668641932,0.011619552905136714,0.03272940850439966,0.013451704045658581,0.018268159488014534,0.043180101812898976,0.08552018531699458,0.02415227290047626,0.029936802362905496,0.008903939090878782,0.005167213976623054,0.02014575810086398,0.0037270756580826715,0.0035823982522360997,0.02898161954143633,0.005099853348115098,0.027255690770218586,0.04683340930346055,0.01428390394070653,0.006780763715208794,0.08637303220906084,0.017846579547631875,0.02544488951721102,0.015301673832059845,0.0095336753444921,0.009384102088006288,0.0023075793515302664,0.006814977264607313
S0321,Seca,458.17400976908897,206.7839656549849,0.006315244598372346,0.039571581150434146,0.0295061367273663,0.03725162378218787,0.03712837963835199,0.0067334764498998044,0.016030534353952488,0.03353268861233595,0.029155691278274023,0.014700100183963753,0.015055724909643638,0.006854639912858322,0.008593309353752078,0.0037059163261633993,0.028235461517563457,0.007315651002274084,0.031992907445972475,0.018234635888515434,0.019206512812956357,0.002735167675484506,0.0914849612633853,0.03410789974480572,0.011940749409535194,0.022466928613698877,0.01932837464403318,0.01244635408316458,0.023081510599598374,0.02063578312116162,0.008487086011214085,0.004493849528583125,0.009903766857290684,0.004292723167908501,0.0022769734121093795,0.025264177173683497,0.02572843644689217,0.02484437478261781,0.029549685657348373,0.018813589362564158,0.02101064420036568,0.020192120897340796,0.025926138847077507,0.02449134287551502,0.012582683039697987,0.049703838899023536,0.06509062374106256
S0322,Seca,240.4552141500393,224.92964997206312,0.0005102457509144461,0.06408245620758236,0.021790571943919198,0.041818646123528515,0.009477608114543385,0.05205274317962606,0.007956083248229915,0.006882010071977018,0.015234367753436003,0.02338866230122373,0.024831501185330743,0.08438939169308578,0.00808358074734601,0.02766731961755988,0.00844278860084051,0.01432772276474345,0.01776828783127949,0.010996868204209148,0.023528512030530704,0.013897507193127238,0.017802166492602554,0.05142950026123988,0.008850763265446739,0.029756608103719412,0.02270794741558469,0.020737438442509908,0.009871209012175615,0.0217026736373366,0.012711760482981373,0.036883886694131646,0.006438699030743707,0.016465278564774408,0.04206292535623974,0.011695106581544516,0.04883110644620383,0.010300195615849642,0.02499141942916775,0.0260656530023607,0.014900078258207869,0.00258167376494172,0.004261306877122247,0.009362437474369462,0.038542055952308966,0.014187250870895346,0.0197339844045082
S0323,Seca,164.18060250234439,122.62948651160482,0.0045886313216888484,0.022212054712835175,0.004319173559292699,0.032186980183749984,0.020983806348067093,0.03512759962665502,0.04883981673327088,0.009863939466256261,0.02051072734391824,0.033467179672865006,0.005246156557720461,0.009661297584506165,0.013113916322731607,0.005310717601314768,0.009695622715461141,0.02632911372936374,0.04140747388951823,0.012448727241540967,0.02087632538984142,0.012646567092926919,0.01306877549225278,0.0326387513641407,0.041386532389679535,0.02081163471687096,0.00884060083003261,0.014493564133004825,0.02730626163075719,0.013325839585879446,0.04291267013731537,0.007640234436083874,0.012383936163737768,0.0455831008826477,0.0600849235542956,0.01877266788869505,0.007392790307342857,0.047485577209301744,0.022326066393697473,0.03456332539956082,0.0031436678885342715,0.040737170916567096,0.015494755996855137,0.010129381459501919,0.04369953888533776,0.016367223557508248,0.010575181686874586
S0324,Controle,267.7173949150016,355.1226006679933,0.06190613855586251,0.0219819707413945,0.005568767869821767,0.002659604652677678,0.00702981176382339,0.005772188654125496,0.024577098788099595,0.006083472800050435,0.02870010638667172,0.043198256123625864,0.027197009258292847,0.026746060911712107,0.007446088059412953,0.02736220976279404,0.025781177130013044,0.08549115276041838,0.024368294404074703,0.04899176128076691,0.005341858845310203,0.02120629767678412,0.0058580353509352185,0.017572837925414253,0.03180512473010703,0.01961151141147256,0.008204243343389869,0.014113716765185578,0.016212827137141114,0.006178456548978015,0.01887776582004296,0.0099189634311572,0.010608448180612079,0.041155101922956176,0.02612469653763579,0.022235191820505394,0.01611646682352845,0.05220142087598649,0.03205449868066759,0.025927491040806563,0.0300625708130429,0.009766444474031102,0.011289576147530024,0.018296444422282863,0.01836925360684655,0.021529488468819108,0.008500097295192922
S0325,Seca,424.2802443868123,425.6673247011019,0.03045169318218866,0.013850441742923953,0.02179653472750189,0.00922423296825717,0.04108980801870613,0.006332126926519938,0.001902216046805936,0.0377744457427121,0.025766353892477178,0.012882643111167083,0.01646508537319852,0.006900135193793149,0.010291124890230107,0.051533584796698874,0.01751259557303514,0.06479264330004814,0.03981037672124099,0.02725169161222692,0.031071282999043708,0.020675092197083588,0.0353774251868599,0.03464764177307539,0.018082447870866228,0.015617539170317786,0.0018656915316208518,0.01199786728790163,0.007241356098690713,0.04889526842975181,0.03553795778644784,0.009139466749281122,0.00969949250743966,0.010522999328962536,0.011174808084838901,0.03835546501459389,0.0038774924794359776,0.030517788784436155,0.03171242002430595,0.012722689877023633,0.01581505407066216,0.012381832494210326,0.02603749408973591,0.03099465931930553,0.01305590690943297,0.03479109464509416,0.012564031469849907
S0326,Controle,326.293670280051,437.2875699277859,0.08453884782750869,0.006612159125550848,0.04791043537878143,0.006110037516712861,0.004381342937023724,0.03725262980242515,0.029797065290857266,0.014985008554918305,0.060787044827273144,0.01622168623950085,0.01049281237658755,0.036841444145033875,0.03420009554620131,0.023534615980756023,0.011449195494999283,0.02463252389227318,0.009649161814204396,0.06323840658078876,0.015045702938578447,0.016991290208128798,0.009285479600734153,0.032935732738140745,0.010175485370998657,0.022917627749597633,0.012164112480252542,0.004580110876989418,0.017063980673657296,0.012534616793311248,0.008055530142290587,0.027374929609146375,0.01868422516688585,0.005969035851495347,0.01941116178244415,0.0034114084003290844,0.020573620558692912,0.0045341391532804955,0.03374191122282513,0.03354084248155479,0.051712256820504746,0.009978743714213773,0.00996082713313809,0.009737958585422757,0.012030081370036567,0.017834287432550545,0.03712038781340325
S0327,Seca,402.1959139735387,169.66107286828048,0.0069593001180748865,0.016325468296213768,0.005934930156101758,0.03507663578201977,0.004210402257836371,0.009308391356501931,0.04352218253819433,0.040193833017918255,0.01478599012678812,0.005512624675400097,0.01753116666698351,0.021874263660210065,0.02763876653035588,0.006503236023416839,0.042849282193191625,0.008683019434529734,0.02239385834834637,0.005897662931002902,0.04752980213036627,0.00905129279627767,0.01059868965274817,0.02096047794883079,0.04574868459097034,0.029407051792599847,0.011127317950248747,0.028003309678893033,0.007031458312484344,0.013679622880626578,0.02010764896213389,0.017255154665435528,0.028482311251649586,0.09456027011950666,0.01642661090318466,0.019703154877447795,0.0123318214407486,0.01008226395676283,0.0027312524599081827,0.007677606577375356,0.017090220663294516,0.03546280464026835,0.01698078260820275,0.01414087198385147,0.03539169839415435,0.07269379881917537,0.020543005829768066
S0328,Controle,266.3611380328701,265.4251971439072,0.013121787284286666,0.019020243602060588,0.0056883858801573236,0.00040141817992290547,0.002785045565475803,0.01436306157093491,0.007665708965874912,0.002045587180186039,0.027962356715064488,0.011052640201387456,0.026586528405419953,0.011365649381074152,0.02473931722829498,0.011407275051214541,0.004817723794798893,0.04714860354020863,0.04130478200262977,0.010263169161411633,0.03775565276379893,0.03430049122199418,0.07247826052762507,0.02650512825346167,0.04479384479129394,0.03016669542715144,0.023696935365263225,0.00521249170785864,0.028457785904937475,0.021331603965495233,0.009452144459539501,0.00410880977190098,0.011303917722192337,0.03965110105129691,0.010878839247384085,0.04332815178769372,0.055704459068887824,0.005148379698350371,0.031947800763106354,0.03078396191581778,0.01182653095241908,0.020319427555747886,0.01550354504875489,0.020981764502399688,0.060535965451182776,0.013731837692170719,0.008355189671871698
S0329,Controle,316.4588146338104,124.20320193282575,0.017994345203961898,0.01723562122891309,0.027595136626910127,0.0007669570697517717,0.031210732367705555,0.01835912595762029,0.017760933810573507,0.004688171405282651,0.018495904276662492,0.061452173201368455,0.017873008014587112,0.010791918784480353,0.020294777020697076,0.013179863960826575,0.006679474218091647,0.031534293257771795,0.03873855259384903,0.020123192256551146,0.01009469747132989,0.01493277045235012,0.024298527223125532,0.022964216291949655,0.011001559760091914,0.002240871090580792,0.05392190135403417,0.0264644023046014,0.0028772720297278592,0.010900396252874287,0.030949530104798992,0.02697721609396908,0.011248809942485267,0.009404368440985775,0.005000191886930582,0.02600149780242354,0.03468528416209785,0.07856224469758691,0.012588207094427886,0.012079799381130412,0.041778001454917515,0.022424415348227377,0.04530824556171728,0.023116540290770603,0.009042867206491778,0.02232676321083516,0.034035221833933656
S0330,Seca,144.07780709123085,122.39825077507271,0.07297170566985135,0.01411658207511627,0.015448907013315923,0.0067210733069634435,0.040686923258532424,0.027769164600322693,0.01785197598777878,0.02787250875124905,0.01744811915958821,0.014225264524812457,0.005152136626073308,0.009410551042065455,0.024255827327603327,0.011895236981738892,0.044004724340595006,0.013566870272307675,0.0369813409742146,0.015380651949567753,0.006313712999950505,0.015577267836556236,0.01644121844958394,0.024851890594069996,0.0024305888360099674,0.005852958251753545,0.03093167921891193,0.010102194124121942,0.06456064919546654,0.0020328839057915963,0.010314181529340266,0.006960803883002512,0.01740444206135983,0.008255044085424067,0.03962130922854856,0.07855815957568134,0.06024597855477918,0.030159131606729842,0.006041345660086114,0.004459593219358904,0.031044180579850898,0.020100315918461058,0.01008847842560909,0.009034520413721844,0.03383844760253692,0.035656057344089886,0.0033634030375069533
S0331,Seca,367.4465811551454,80.62703142596206,0.01175702130922093,0.013134377336109138,0.011228723946118352,0.03609895479987268,0.0192286653795858,0.01004441632959438,0.02783778612306582,0.032825161423994144,0.010365024924736548,0.004027933027849626,0.014579208352489017,0.029980118509346388,0.014088260709687451,0.026575046104265095,0.03741335497341122,0.004387513845542445,0.03730149733973727,0.024492730653734692,0.051507555728059665,0.013568757650269018,0.013337870631648664,0.01929830643235658,0.0189796338910928,0.08063036236608521,0.012017517514016694,0.024196280545894927,0.010309851816820651,0.015668703447539175,0.015710859749139078,0.018530973723136078,0.05532334637334026,0.014256679940944006,0.019431425708339504,0.07026062935629912,0.007864428298383455,0.012230264389006934,0.017148148003516096,0.005489026484797178,0.01340798671426453,0.004688938713108212,0.055259000114703936,0.015194712315946064,0.02751435025888892,0.014992316323745716,0.007816278420296528
S0332,Seca,101.20229656285917,470.0095054037574,0.018587415031685418,0.03066018716287111,0.005718041035714332,0.027826939787114483,0.04708580527440322,0.0307330180009343,0.016728777671124302,0.023594285436160056,0.01142984119938767,0.03902824759842815,0.0172798375830687,0.04604364153522966,0.013589719468428761,0.005598520427850816,0.01794612397627269,0.04775630318744454,0.045962412623530756,0.05327610032722703,0.012945879236787368,0.007123109485063282,0.011476938801195933,0.006243639844447729,0.04184488710493023,0.01703408836829625,0.017584596942428938,0.010435895416778673,0.010128372386721981,0.00650948017350928,0.007039757746141095,0.016605061805855855,0.005967470478627545,0.025631218419871045,0.03514139825545512,0.0269377437403625,0.01754066605188696,0.01933753703600032,0.006238422476007613,0.00513770834301946,0.007842991532323115,0.01734830397012402,0.08819877974513814,0.03744102453860574,0.014573650435206819,0.005678562002860001,0.023167598335478885
S0333,Seca,347.3990644092491,443.99441430278995,0.0033794782503895554,0.004934239151972198,0.015567057839979994,0.02620204024929001,0.0037165223444849856,0.025705487597571967,0.038283319023232884,0.014059783072703246,0.06380382949930488,0.02593132135384658,0.020273843308044277,0.07285112818150898,0.007050547847808974,0.01201049066452671,0.008293696395212626,0.0103742196080183,0.00400385747375642,0.014411194141783676,0.030072904232555913,0.009480328676606701,0.006947555382958025,0.027140463626421602,0.012032501299708556,0.029911907699813358,0.002788414772422836,0.017236019146415833,0.005160840138841473,0.0294972723703185,0.0197754337781937,0.03552466906173683,0.03418265303846256,0.011245019391973492,0.009022956327211498,0.003149530683728853,0.008961064804295005,0.013404672102445898,0.004964929413233198,0.07639202462584165,0.04919085106594408,0.00900971460068173,0.07317285018316357,0.029398093599465044,0.0035974990582405128,0.02195065860882726,0.05593711630705603
S0334,Seca,430.35953416294706,388.67935666384614,0.0003464337688726138,0.03218505705457001,0.0023319623471490906,0.010265277036334387,0.017433017508190325,0.02715350028355452,0.015465489920033926,0.004157901241498361,0.006727351119098225,0.0041249761776892754,0.030450313270808778,0.03207125733879774,0.009496341829393098,0.07289296029905276,0.016828291617771433,0.014998906416462373,0.009843766550827434,0.01439284439207911,0.11381821027748111,0.02838828895192533,0.006633048329850876,0.01613251379719554,0.02040985423982182,0.04846891318467607,0.01766229924866451,0.006939849328398562,0.017753317125144188,0.023258297396329633,0.0488471290950039,0.023401503022972954,0.01579243206803118,0.005650143078465581,0.008698510952452177,0.03463823452395373,0.036486166479167574,0.01642279391706293,0.04603705799674925,0.015008345409068586,0.013253636629512006,0.0012274314016202372,0.010866665751595396,0.01589233718835337,0.03060260144689024,0.047957934692128404,0.008586836295301282
S0335,Seca,66.05141865077196,258.8307606438645,0.012861767706910204,0.05037689794851877,0.004397106526959291,0.0020816442412713207,0.013103285388590869,0.03055767452044008,0.026901238662975023,0.012713250823630104,0.036161147823557456,0.019976975090899882,0.007439752924139741,0.04160273835330839,0.02152684716232963,0.05003902891286023,0.0031968280717100703,0.022761375958359104,0.007643848950282991,0.016509196993047957,0.00654137040283089,0.0414779057795729,0.01215073352547082,0.010605349056000928,0.022762998851982113,0.007033125396246466,0.04282075886591621,0.006452882392789823,0.007480170417207556,0.03846903389247113,0.030734292690857683,0.009550912186614016,0.07355637932976039,0.06259790956637648,0.017806786391285682,0.004104954112133245,0.03187527305011205,0.02916439784355806,0.05463767022334704,0.028440209746310192,0.01064509044388069,0.004037216574820105,0.015436731682190794,0.03156487501674271,0.0020001663034837818,0.00872878569375779,0.009473414504489389
S0336,Seca,307.1898702709599,245.30395775593595,0.013193401434907118,0.012593297585635113,0.015191700325862445,0.031139321534250097,0.010754756192780626,0.026128456888767873,0.020051172073105996,0.014923413739436888,0.027475266943101553,0.033511335436839464,0.03985048331483958,0.0046734332610267925,0.018333299292091095,0.02006653973641773,0.016325160205228315,0.008663828353056027,0.02599984353925878,0.028967981349192245,0.009736641190988743,0.024756492639790913,0.009953068435815626,0.01970195953811655,0.016363922976568877,0.0661637722599243,0.005431337919922584,0.021649097751702963,0.052430033867784796,0.03632303093745495,0.007680616589491177,0.008847528302372797,0.032489900505516194,0.00447651642817877,0.03892896592337412,0.007652482868219727,0.008784965344347374,0.05492153821827886,0.03636795042604506,0.012324801946279567,0.03756550734535508,0.014759583398481924,0.029030496436656113,0.044857855472144034,0.007792842108642119,0.007653707070286413,0.015512692892462574
S0337,Controle,47.5478741149673,264.872833091249,0.023447472580725395,0.012099389335271122,0.011090492761886363,0.004062133174579133,0.006277924234598193,0.04052559124041877,0.023682218705220668,0.010845940313899474,0.01442324418859505,0.008146799346869868,0.012449591723454166,0.009421199810341166,0.014457107216728826,0.029302176670618192,0.003926325286072096,0.023953119625178404,0.053006902351153115,0.005622679468143479,0.030522723019870707,0.025590412407381188,0.074368812281826,0.01872360089478003,0.032418247338615626,0.012749575804295298,0.020960327582732613,0.04072941282028241,0.00757405652768542,0.012835662626856537,0.010886789723817613,0.009978830962018629,0.032537547748533055,0.012042162110462709,0.004106164347991123,0.030929396316129797,0.056784034577883696,0.06701971919901037,0.025514408395653387,0.01995569932752783,0.04100379194702098,0.004995211259856663,0.015289027681270724,0.03239204408875934,0.01925565492253268,0.004384573785413073,0.029711804268038922
S0338,Controle,362.85781413571345,268.2840067885446,0.023910462498062737,0.0024612758966434146,0.04850435935257547,0.010719404608853466,0.039405035104366944,0.012164516082266652,0.11719050883553118,0.02766785763458482,0.017634402321118358,0.029691627775265853,0.029720114557510537,0.0641993974148846,0.010701123500117203,0.036731860676556774,0.04179736116296533,0.00900576866743303,0.024353578468576855,0.003137686039679922,0.03415877635548308,0.0306288289509912,0.004776096723700702,0.052414723504509014,0.01909271723632381,0.023097815513174275,0.014206139342707626,0.0026202388124231643,0.01298890144736922,0.0030304738231335345,0.015006289546092155,0.021390310200530508,0.012040929618564658,0.005916056503610489,0.03282876274436216,0.0070525369093009235,0.01573619485423495,0.005611438540209435,0.008714508081483996,0.02796681584313143,0.003953772181671553,0.03563594332509205,0.016537447807183435,0.01890531339627724,0.0011490776022142406,0.012776898392153846,0.012766652147078261
S0339,Controle,42.24660941176012,217.28154234884516,0.030093846556472088,0.021124740781909835,0.05673007762294927,0.018550702199643467,0.00800571929503268,0.011095263413181743,0.021738148492546388,0.028143571441041963,0.039551668867896836,0.020598561137112708,0.03206472156422971,0.004741152194096845,0.01741370243989383,0.011107234580297902,0.027925332427478206,0.022044519463954623,0.005435024881030184,0.01771096871403485,0.012330187562469957,0.036300964257745434,0.020403500842479647,0.03865643500592803,0.02963667705784374,0.010245599829432987,0.019275658364238394,0.039565209994644406,0.03333055252801622,0.005823476653676265,0.023310733410785264,0.0287953243886844,0.023786974464444114,0.033292793251857404,0.012496967740619902,0.01738698830260785,0.008337291749334537,0.017179700947596938,0.016327321534658074,0.008768247754576968,0.011968060472291065,0.05052445259556092,0.04876260449394267,0.0033846935190090504,0.0022118234619237947,0.008801122610324461,0.04502168113250436
S0340,Seca,467.969911350313,65.87741644603373,0.02595468550851009,0.030593412264241743,0.009815058444677123,0.027778357874544544,0.00954370891389,0.01375489032243017,0.03401227975419957,0.014946522963391504,0.04313944492326155,0.012327084445835334,0.003724637694840686,0.02995101648537687,0.0017546047553669108,0.036242602061441885,0.006958395042250389,0.031081652761365666,0.010261182551869976,0.0051484180675381444,0.02597857300826578,0.025206853451627903,0.017636903231287505,0.010828082665587085,0.023557568285573083,0.009875987990773128,0.00870620019175662,0.0444279302196095,0.02052794007267289,0.0021141007215728486,0.008389162874792966,0.011081345616000087,0.031688951099577346,0.044258404902749765,0.03747832168328609,0.028129053990775702,0.04091050982637672,0.02003800488836297,0.03687239572996498,0.013346622285269024,0.007274776529148212,0.011611848933376957,0.02403931613401914,0.06954601173876518,0.011585195304813046,0.008501234811595648,0.05940074897736759
S0341,Controle,68.70396501890109,62.83192643426799,0.020718955295832713,0.02635655453938094,0.018697716202610935,0.009476661636160712,0.01923580315762377,0.0162337015363875,0.011424095944596004,0.05688974227560211,0.04738264838371797,0.03040872494969125,0.030387314961823172,0.03262514810732375,0.01617514131257417,0.01489589151280828,0.014138665985263163,0.016243525910020522,0.007936638938124312,0.06363663049840429,0.07787519510717274,0.001755388564540483,0.02728676482080489,0.009703533846303,0.007316485749963193,0.000795107639012221,0.011645047630915522,0.03140669397064664,0.012673847968764697,0.047619285520850894,0.013639739531631822,0.02292466512517953,0.004745833882852559,0.043672997113391704,0.018573257471031935,0.024520058359830326,0.01133649795581837,0.01953032041579494,0.01091416497970068,0.009096234047955117,0.02109950785275439,0.018291936562675228,0.02020798484746205,0.016241448689888492,0.04581686169469227,0.0015574391693627368,0.016890140333058017
S0342,Seca,479.4401229545402,476.12485792284167,0.03912275800542349,0.01390799105827675,0.01590706163634467,0.035797576015318064,0.013016523832622195,0.039218403083071285,0.011178412933439017,0.020936293814694612,0.05107925184212122,0.01531132401566381,0.07064045010509058,0.007822101715772403,0.008926615152023793,0.017633239333012495,0.007246758291085111,0.006830048667153264,0.018922463282224234,0.019724262965337733,0.002483704266166871,0.004337577139298709,0.006138073125161564,0.007868382980821919,0.01361715198874641,0.0073132774060162935,0.007898122433653431,0.028880736831087796,0.027057019783908603,0.04025159355262585,0.012123510349395471,0.010049596870318128,0.026364226625297034,0.040971268695455934,0.07834448022604702,0.055522647930557445,0.028899610549438418,0.027394774057465744,0.05052419489717509,0.007036081625247274,0.009812665871164696,0.026919402809753527,0.008616676151428993,0.006500078614591583,0.014973886739892816,0.016398352896594987,0.020481369834013653
S0343,Seca,400.44208804254833,241.01537979317527,0.04174260705123762,0.02106711506415405,0.007092151170610242,0.09161055707978856,0.02578309997612482,0.012885007085674435,0.01790836058160918,0.03423040693697197,0.037155720504352924,0.007314141945817269,0.010062437715781268,0.020429055924964714,0.021779251782682058,0.035735794996717356,0.017755019096344492,0.03620870492707335,0.009496831459348773,0.028413943452178115,0.025925748965897298,0.020664539338362427,0.030041670580586825,0.030196611528687394,0.01634967071629938,0.028876637911411093,0.03989902500682905,0.0021168166506314407,0.012968587206595654,0.007847807116539623,0.005849977985477198,0.004617608105653199,0.01342646771809416,0.009484671381421636,0.031276446333436535,0.016542295691789374,0.012242091846388806,0.02475143399638801,0.009067807252243857,0.024128431364646343,0.03825188428767732,0.018999697803897653,0.014818169215868694,0.0237921751390887,0.009183228920045796,0.01419115730469143,0.037819133879919954
S0344,Seca,296.84100223317705,476.60276245259445,0.0013535010520611401,0.02323553479866513,0.0060117926893273185,0.02610982131519494,0.017170655382714544,0.028210785249053145,0.027084386360258512,0.017105058811838426,0.011961847279179238,0.015969269256285053,0.05356738359239855,0.009185546145394366,0.027532529149552315,0.05744875251053262,0.0074146387016389035,0.010965954416643066,0.010763722098988054,0.003994877628728897,0.03725589513345272,0.012850290041013245,0.017555355031920402,0.011874738106205159,0.0377586367704363,0.045377189871058606,0.031318696939205325,0.0023621157194803712,0.0170415188265115,0.03261464658492725,0.1391503335534222,0.002490942441027353,0.0013429809460634196,0.008228481345291494,0.008817485824059322,0.030964288577407195,0.008838763042206819,0.008364842458129133,0.013839020254308582,0.014139591891270037,0.015393953603947992,0.00886834728259144,0.018027037352360997,0.00262839120450956,0.09342401390627857,0.005800188227068293,0.018586198627392612
S0345,Controle,391.31205231477344,81.78843885505499,0.009097307374060077,0.01402790197409268,0.008040672947328683,0.04289003834579461,0.003774883871339494,0.012768034747000173,0.033302277683080084,0.013690786321994873,0.0033998498280314073,0.04274346026599826,0.07972151443276657,0.03159199205831345,0.011641312647679722,0.0025923477421736516,0.004888629383167524,0.016104354939812722,0.009773654397585334,0.02301739727669471,0.016073805256863163,0.04146624862004554,0.01811533862750819,0.016613658095711387,0.04634582009762484,0.020039268150522413,0.030341823274999544,0.028566106359031337,0.01832817546846769,0.0079505472104646,0.05200069620858578,0.013103064172380293,0.0034671886336249537,0.03692889852290679,0.020360860868113697,0.012929683117264721,0.03879720283456941,0.011901989615546445,0.014434898904570273,0.0016438672479384164,0.0009644342630680168,0.0256759771994098,0.04122815447703572,0.01903828975507567,0.031046212553888234,0.05684375670455772,0.012727617523311214
S0346,Seca,397.55741949154293,277.2082760199668,0.005998852722144824,0.033095622956895755,0.00822089363561887,0.026810350886319802,0.020545508663093227,0.014990097481681532,0.0035920166536431296,0.003930398527592648,0.0070960848678145805,0.039708008579371935,0.042250474515994466,0.022055653294146403,0.0022763223084476653,0.008610838190932182,0.0481821928841811,0.03876939582776591,0.003708466215522839,0.02185373042872451,0.023150081445617112,0.03457478637315286,0.046899758774268406,0.014734156761422767,0.023566182781647464,0.010216304501850196,0.01114437220115755,0.01938049785737773,0.0066484298538109195,0.004187654772287972,0.08717858759465456,0.018365539961842176,0.019011785843298663,0.022341938232206808,0.06636769177895724,0.021970698535288553,0.01543198790440429,0.009090880903807406,0.051884561539237845,0.0016704666168232485,0.032090144447772036,0.00516417112345471,0.05181372027144754,0.012697099979828864,0.0174461856272703,0.010314771954006046,0.010962633723215407
S0347,Seca,473.01353140866513,103.85862667576961,0.0074073964276645836,0.0077241622725704034,0.012984925603915778,0.014497927722976929,0.024642739024153815,0.0199341068472124,0.04777412635810215,0.015403135030328783,0.012860162023785914,0.0075736988701944,0.02874700274182265,0.041539988932641436,0.017705451851822797,0.02202849428606148,0.05405727763534305,0.011800168579222265,0.0074685561617624805,0.020158111527849736,0.00839288903784876,0.04782253334741513,0.017110882212122924,0.002829943253716841,0.04414408609353119,0.007427421038104447,0.007304273970217312,0.011523857670606251,0.01425438618653456,0.035089385828459684,0.020823200057720728,0.014868326693724178,0.008934619036693122,0.058789379391698364,0.03911979427005186,0.015124588428727622,0.001468431203128498,0.02154463590453402,0.020141879511062197,0.013732586126395567,0.04885428781106486,0.07414025398100747,0.015608445655894096,0.01196918651822009,0.0344162324476345,0.016773881648292386,0.013483180778162268
S0348,Seca,126.6916769195936,126.59230306330078,0.0028879619411898223,0.04456664991268891,0.004384661372935362,0.014814944322375047,0.00917433658163232,0.018293257684215962,0.0345952939393991,0.02400357242172991,0.032079887902056625,0.016609436710047994,0.019895973883289265,0.014076678253136398,0.0019302425343843536,0.008019522662596892,0.011144008131656826,0.10858932398448642,0.009206292165905832,0.00889672220180287,0.013113331501481829,0.00214114027891182,0.012333711348045645,0.0025298179595581775,0.021067278121116573,0.036000778099053235,0.0007074920759702626,0.10420366010267579,0.003533349608079635,0.004518701747373164,0.033431319283666695,0.0032359216251390713,0.03059626568890652,0.031070432813664613,0.023052777434986984,0.012487392640688587,0.022705452396828002,0.021767409914977023,0.01007521534123258,0.05129823717394747,0.0024436289796883237,0.03918233117938806,0.012103496100560059,0.081982015833702,0.026146207235361044,0.004408620161972167,0.010695248747494841
S0349,Seca,295.03794767915457,15.027289380589393,0.017450843770149233,0.038194884985218815,0.0060095485570864785,0.024735872461480766,0.006519721429854411,0.029846300992339956,0.003572034204184371,0.008518623946145033,0.10736227971248977,0.024607068403477827,0.03174471099700276,0.021688050037503844,0.021421172813172788,0.025059891388339823,0.026453363850862444,0.046295872949720665,0.002224161136491395,0.05155176518262799,0.0239134347937368,0.0172532782455862,0.02301910269741531,0.0370470375520908,0.012779078007700796,0.029377495387636267,0.01512045426076748,0.02887966975688878,0.023510315941653127,0.008811316511199213,0.022739815826542328,0.02832262585544179,0.023492023914193638,0.02523319554777671,0.009050320626757589,0.01801258768965827,0.017934895961062597,0.004681823253852278,0.018501302407906706,0.02723310953183224,0.0193783452643731,0.01246115446038599,0.006287879755063568,0.005704024369420473,0.015547147052222293,0.01526122396947259,0.01719117454121464
S0350,Controle,47.52459878220061,59.47665537010566,0.02281129065250007,0.008766672317803021,0.012766535963583443,0.007095432311296317,0.03428431100052676,0.03445626980106651,0.019482911127713953,0.0282530795918182,0.03840318189830219,0.014429745656504294,0.009660001401755061,0.004029099276592678,0.0309104436399688,0.00860731083779808,0.02449585984595898,0.03858178756831621,0.038398194147792865,0.02222346544242412,0.03962947220678295,0.01749964186767127,0.005529436707449675,0.02604784668188415,0.017536530609765143,0.04710419201038673,0.017985729574261148,0.0029909033863283374,0.0710850817243261,0.017291322906143238,0.002976555260355377,0.020690453706824673,0.006006091996007573,0.019420883083876017,0.03258095099923276,0.042976377608892856,0.0340076731653792,0.010156682458464066,0.019315642660783124,0.07190367241709412,0.004064378428989679,0.02066251342375529,0.011836484425415648,0.005499705214673301,0.010157044168063152,0.025150467565277956,0.002238673260194698
S0351,Seca,308.08285001206065,458.4242038145979,0.0011893785162736003,0.0010382069311335852,0.00518047956497157,0.06620973286229008,0.032473339168145425,0.01013687937782311,0.024813394997655183,0.03590765259957718,0.05215155329591154,0.028920830758943077,0.060095417914749504,0.0327791941813688,0.02692165744961139,0.0340407636638516,0.014803424799771503,0.003061944345070373,0.01882293261779421,0.004716922826627428,0.004406737404077127,0.02005632469535234,0.016812806962206484,0.026603754372768313,0.005700771015238638,0.013493912835540361,0.01706325337208904,0.022769125521307026,0.010460845258244025,0.021643566210320864,0.03927846890371036,0.002801096830701853,0.021181573273100877,0.0181833820340814,0.006495899359943275,0.0073959771946412595,0.016881210422248053,0.03299981202421902,0.007909239020327431,0.06483623019867617,0.06886604955086653,0.006256364938055814,0.01330053441399549,0.004468256602238023,0.04004139067724653,0.01531743724556107,0.021512273791673604
S0352,Controle,85.6456520463944,160.76649574116587,0.01499532191301026,0.0015904032828259371,0.008170310342369346,0.0045624963840256196,0.01829851072453087,0.021484590972028556,0.01790411621843162,0.010939439560555672,0.03550285520199655,0.004343514817042332,0.041655302301740235,0.031000214716258034,0.11204603805912397,0.027800673618760856,0.016576463270143744,0.011176341946493064,0.0027162206932720774,0.060039047452041056,0.015593152335478096,0.019873209056915298,0.03088666110388983,0.048537677021960136,0.04131593614089783,0.03884156997689726,0.004783773542638114,0.018931882638992658,0.024200854534326667,0.03901640905125158,0.007250158284773436,0.008774591202897638,0.005243479119543871,0.0220475129956725,0.0022594219253312528,0.025180329825212525,0.03413444104542268,0.02082527718964853,0.011991501666975815,0.00448415576025269,0.01340634038921982,0.041287553385802235,0.027423592435288423,0.008202679501953147,0.007259356228190511,0.02418301304891532,0.01326360911700252
S0353,Controle,282.47530573622095,304.0646059572958,0.06360290897993995,0.027721093712346666,0.034535955168563136,0.006977500316261698,0.02708327627792197,0.00448920758800858,0.031886493926318774,0.020466326909749644,0.0217014448644431,0.07703086804883355,0.007897853697602923,0.015177798952665836,0.02232900189879096,0.04359395235841295,0.01518323386038521,0.004397743206410151,0.01891262556393945,0.0032921922074392583,0.006324856383783555,0.026633467281258393,0.01768531384563656,0.016739420495278375,0.06799767468049657,0.02293339683609775,0.008804317034524733,0.0037847341347004917,0.03667859642238462,0.06711634806673933,0.017923382446380608,0.015500591460865415,0.01985205821581615,0.030168485409361553,0.002079314249553064,0.010454390882543614,0.022298038976801153,0.004383453778015852,0.027139300785042893,0.020036422828298765,0.009732343187393433,0.01728325277242547,0.009669250727443535,0.01357303399024948,0.004603116972158459,0.004696049192004862,0.04962991140671147
S0354,Controle,286.21525701692485,232.5070659946365,0.008800652457149316,0.005135006090982815,0.010597922989582344,0.006165199204354607,0.020083466697821573,0.02249766783890813,0.018475979953307336,0.04418091065970754,0.032491024679010924,0.026911217547427924,0.019309716933707175,0.010774474676596651,0.0003146615584319998,0.023235903383773678,0.020187049282716616,0.008688799903461634,0.011893472863781973,0.012603270106626917,0.01856954268872031,0.011837054809833596,0.011385518691551386,0.025446158010008667,0.03178957544203278,0.008279892105036145,0.004677050311792574,0.018700756405159502,0.005457311530069403,0.03532602004059277,0.041792963620280225,0.01589512662463942,0.04804983940491552,0.01973869894691956,0.07693163750494274,0.019065967413064332,0.023381426495717443,0.014231198865264052,0.03349358581700274,0.012952494930988257,0.01868115493581662,0.010750351938889536,0.0196538424696913,0.06342622810237987,0.030533346035308162,0.05555475384940283,0.022052106182631204
S0355,Controle,232.99257649061366,200.22562262263915,0.026516103667062422,0.0008853731379771439,0.08379063517877143,0.008453511927295817,0.005348844467896824,0.03946535481537234,0.013547937328629047,0.022885893773816723,0.008581050059839404,0.015446053216977512,0.011415720714217405,0.01454421421911766,0.008356388346028523,0.006941809953705521,0.007448389090877608,0.0037278451060336923,0.037658918652075865,0.07815805308844644,0.007460102063033319,0.0282758225264801,0.010942264917464875,0.04251846828288312,0.007756583294268359,0.0335073259768267,0.027654363715888922,0.04233046960821651,0.011776378175952569,0.009529628398850729,0.04133912447466731,0.011764774432787551,0.011534068254279595,0.010204114732816143,0.016887372389103487,0.020543740012446698,0.00952674589503201,0.009991451845532006,0.007060670686581178,0.023194106153478052,0.05771986539973447,0.009547281108919947,0.017825848933772967,0.0658348182662345,0.009857981237435597,0.014371374652656362,0.047873157820515475
S0356,Controle,261.3158877565614,265.9430456730341,0.035759328100773785,0.0008515229875205123,0.06332573353723983,0.032308754648552394,0.00708855861518116,0.051816404338348665,0.02776542726700771,0.024271183384977624,0.01693204122621959,0.058023972016856294,0.023334043736532136,0.004929593823445078,0.009048083075860906,0.01514862500437436,0.028148883991549828,0.03976088906098615,0.0018597327775533147,0.005889558885639558,0.009084797459213449,0.020387948425108073,0.006108091171855502,0.0160226460095716,0.020552046366205456,0.021453896840231836,0.028756669985777514,0.009212745760564873,0.03517214801895232,0.003948733712120673,0.02961839592277915,0.00926988169463985,0.0366328663598242,0.028533553941996723,0.03347103696964427,0.03226762816663134,0.03550702667952941,0.0168907061879546,0.005488424568995232,0.03562740991253375,0.01079512966659665,0.007212775780832644,0.033910262012754946,0.005590754601245927,0.04058825854523908,0.007495217393378241,0.014138611367203936
S0357,Controle,381.961695003294,93.61947230767076,0.023543846060232684,0.011583068573269377,0.03210744272969381,0.02184683174264129,0.011970771282513403,0.0044472588320965765,0.014863475165905417,0.01803692573739518,0.00191832622009741,0.04567342423541518,0.03047528187511899,0.01038984692776182,0.02121901039765889,0.01665409398115765,0.016689336376253777,0.021655746561012365,0.016407715915833256,0.01249579707677424,0.013736646530617779,0.026928239776996127,0.0376895054263478,0.010665244741768935,0.0052580818540518505,0.04294808639407853,0.026501763586394864,0.014835772651402923,0.009809390096054409,0.0026935473980880097,0.08238578661866648,0.013778282260551415,0.02885661047235277,0.012847061908012207,0.002727167847928475,0.00949538388264732,0.04331333639697816,0.005843237501286196,0.002203778237184753,0.05113887017204572,0.0066083334794418535,0.03324156892478471,0.033741851087233495,0.07573211632794855,0.03982980902483613,0.022709828666873287,0.012502499044595808
S0358,Seca,399.6223582560333,494.3019492597883,0.00907850598600281,0.0263311998089535,0.009904875435210802,0.030192236556248014,0.007288534381742414,0.02809330245945518,0.0561435488973293,0.019095118530144832,0.006330029266405757,0.05201439297766492,0.046645592446495535,0.015330310890569061,0.004220606621820994,0.023956495305471042,0.014743625642576048,0.028377762872844152,0.011109226910141256,0.0077849668287938946,0.006254423482122,0.027333459947297394,0.0038131660803443746,0.03123198625390669,0.021644758195659575,0.011820734412138524,0.05285731688798182,0.01652785098048993,0.012621073340059612,0.012219097217141858,0.017612363710737485,0.01052964106396497,0.018481769903900176,0.012087613651716655,0.023971264743699348,0.030763505814990454,0.011828742433909216,0.0023988583157124885,0.02757687349313422,0.00833308600144162,0.04971351122360876,0.03740564730849721,0.04469996988766016,0.019519832345948965,0.039463056135108684,0.024233008811511744,0.028417056539446414
S0359,Seca,246.07660778771455,409.15393435193147,0.004539822724334446,0.08802668973441444,0.002083450342954589,0.024710548319465175,0.008212410753200625,0.017403294102355096,0.016650879982698038,0.006217900847270403,0.014782236114715562,0.04922416430140608,0.05036379997315692,0.02009638505047097,0.019492424387039527,0.014325325964896492,0.01971679472670978,0.01019451918936346,0.013354956832882412,0.033834679201045534,0.005786999084925155,0.005657614983019058,0.033579920703848305,0.019822179814073,0.02390022546175028,0.007130507523367052,0.009697272498239087,0.05047872732690505,0.0059189429363178175,0.008680947849364571,0.020793081848417813,0.040673736692942226,0.022770650565997086,0.007000538038981487,0.015638461517234786,0.018662288417689528,0.026690488162430307,0.012512357218895988,0.010276045970818949,0.04021982087727109,0.022256545866276966,0.012143877852186279,0.019964223725200073,0.04486506722891166,0.020519975252870193,0.06622404688018833,0.014905173153498319
S0360,Controle,299.7967207613061,370.80731636575763,0.05889590056492971,0.002177219047755639,0.012557961492561259,0.008789873789280957,0.008632816725318137,0.018926808132063787,0.004705453140538605,0.01838777949136369,0.008084375536496255,0.030418502656384162,0.06746471147051532,0.0314708640739651,0.003734857343807659,0.02592680557317088,0.010164591592282612,0.006097221749081243,0.021493682257730996,0.006513512071534057,0.03826116986147489,0.015863281054960227,0.0554016401746833,0.016176243087288645,0.0058217948432890045,0.01949249796086811,0.036819083710729776,0.016789183815308827,0.006789572401164934,0.02228315613566885,0.019963312016411168,0.041194720897720014,0.023045194431037183,0.010254077248151135,0.0009902089210653713,0.023963993373865643,0.012187804219545354,0.04877067779316292,0.00014400203534665964,0.06617230499307467,0.014069370478141004,0.014567165070756331,0.062111666445013834,0.0221466015838955,0.03228735719823312,0.019931961248212938,0.010059022292150424
S0361,Seca,465.6181178450509,234.37964850697622,0.0023273623216407582,0.010786461012764847,0.028090912108419235,0.021954525260428927,0.010091293820762032,0.0169149058859552,0.015815581393816294,0.0016617883560855933,0.0031591017677087,0.027658185922508717,0.026340175421978494,0.013604104527155514,0.04331159389619089,0.0019938156141344142,0.006470785664381632,0.037831352370674275,0.017883966702146696,0.10254764262595853,0.012007159310092812,0.06376607379185756,0.013591254138036439,0.014228910078413549,0.022764189096490996,0.014870693587573125,0.0054432865458756505,0.006850545211970346,0.10862415054164633,0.002893100665633353,0.027654751479568914,0.00554788596672902,0.02146994629061261,0.011735934541134798,0.03884585704686951,0.021022213909310687,0.015342705215925132,0.03822678352700594,0.016514564629537237,0.026465264940027655,0.006862216129616321,0.010937128239477395,0.0336321418882035,0.01569631054664222,0.009175798602374156,0.02305191681156255,0.024335662595101382
S0362,Controle,59.866794250561405,76.43856106316798,0.019481764414632573,0.00512193538919575,0.031621503329550826,0.02502697999102882,0.023178990958284715,0.024448201716264547,0.029438900061600045,0.0014745085812837338,0.01248248225079322,0.006339009003675598,0.022592650407375754,0.0019281705352498873,0.05196508577880779,0.023756306043435486,0.013567070060364743,0.06626467043122565,0.003376391041898482,0.01655704068948361,0.012449043614935611,0.0032815255033353794,0.06017350925338697,0.03356637397696324,0.021642676035829637,0.028949622033040297,0.014284224620009427,0.034854939334007094,0.018200897705818935,0.009010862684918984,0.006372133913531755,0.02873013904356942,0.021491358511357406,0.00499179387023484,0.012063180516092342,0.037366440470442124,0.04194556357607373,0.010503666166339392,0.031375167935599475,0.009384586451115739,0.013549987284533379,0.03753871611166397,0.00966176149207807,0.010959844300021506,0.030232656571592242,0.02843155538626261,0.05036611295309501
S0363,Controle,58.551782950055255,460.33292913678395,0.050865477187288864,0.0031914387562196832,0.01685091605393985,0.0012361400750775882,0.015696241292430232,0.023194233105997292,0.023365030327070564,0.16378038074008003,0.012363808836863173,0.004663724836978136,0.028791977182323406,0.013089176801474341,0.025510773423861783,0.012793368512197804,0.013529335976350226,0.02666291431163601,0.04826048312204777,0.01423471306677007,0.011295799225658558,0.00955351417230303,0.008804749418882861,0.005931902298590514,0.011720572287485586,0.027499402355975585,0.018866131392733597,0.05097479029459421,0.010535922459847793,0.015662295960465582,0.02499670442874816,0.02106846155285881,0.027373074665956027,0.01084643137984279,0.012986654992822715,0.007890170187748487,0.0029474275006162263,0.004246701628009017,0.03120380485511492,0.006924057138628633,0.04146372898274652,0.020916504516309532,0.056560950652305174,0.003927415558990309,0.009908219933149776,0.04180387157622058,0.006010606974788198
S0364,Controle,43.854505955384205,170.69353369086383,0.027691688277977373,0.03651346897132838,0.011534813326525794,0.010581309094844461,0.018348215670469882,0.022182125898320297,0.00814418137324948,0.012225874490195599,0.06569137986916772,0.024718985362242693,0.010299915940013317,0.008168230971860363,0.03344742154440749,0.01900319656709206,0.019630618501681078,0.019562295801370647,0.018458570742732907,0.03838077481868856,0.035042175154725706,0.015012179812588417,0.016008803833215842,0.022707815749819837,0.03087830199013369,0.030795513974486568,0.002752013610579279,0.0029256929580924436,0.012960688485624419,0.01510994095446126,0.03885797108912028,0.02149271507521462,0.021025841077074964,0.05064203513029582,0.01685715359014298,0.02456491119462869,0.051681744713539514,0.0070430000670937435,0.023838445179114483,0.018270448185060774,0.022289689530393692,0.01084573656576373,0.004878951552910355,0.015944486678598054,0.011178449717708554,0.024153504063546292,0.04765872284389786
S0365,Controle,328.9316425202639,25.053344848466885,0.0765059100376779,0.0074891196879001845,0.014591202956831438,0.010082284308418607,0.02840505097092821,0.02056711797449166,0.006096318829630466,0.022259895992973434,0.02488771241221293,0.0007348415549975924,0.020492127934576027,0.06323546726904015,0.00409995937698694,0.049497877453177984,0.017886004925667782,0.022570268373191045,0.01784838601608868,0.014696153002388013,0.020840140325405425,0.004655763723761356,0.0264929215969668,0.027494719411260683,0.015359939841589138,0.03601951647662239,0.009759513807906758,0.031945848271617616,0.012693244350323105,0.02813590855557065,0.005631595580585832,0.02722703106646607,0.0043244454551736875,0.034340321275583285,0.0016392535503262076,0.027171972524212138,0.009772278855075455,0.01705687593657664,0.03221443419917187,0.014104839904291075,0.01563281632127445,0.02731911002319722,0.027149777783769997,0.07890265496574861,0.004817525171838678,0.031110084124477168,0.0062417678240287424
S0366,Controle,209.30415039518974,171.20183840531433,0.03122140395450797,0.004517363389679183,0.009576053246717233,0.006258351482817714,0.04455850118607499,0.0023983153371607865,0.016902115288540336,0.020899429767136497,0.03837922844870196,0.019350474138495638,0.006469261147916969,0.008603490237295607,0.044482387389841976,0.03250883509433441,0.01205695816069221,0.015918378048866387,0.009037757786567261,0.004784624697140014,0.024474692414367814,0.007015659143137682,0.03329567363024453,0.1042152139329597,0.031117240982263997,0.010441270834948549,0.04001547783168292,0.009696062908390674,0.023691120605027163,0.023013775586150937,0.016752295145984548,0.025506292139815954,0.008504241841770241,0.026069376793756923,0.005433718305275627,0.004441630071042943,0.0038196363623911028,0.04595758761924032,0.012465363385140746,0.02875737027867464,0.008903896928436829,0.03394624310308848,0.028758426592625803,0.046105767427345866,0.037322521405569624,0.017257630640362204,0.015098885287816794
S0367,Seca,387.1607080709216,397.2285152479422,0.005634786583179437,0.026363518466412203,0.01423999917827837,0.017071393789333696,0.10780053820241389,0.013739211480230776,0.015210268025775589,0.01732129963286738,0.011721199227184367,0.00579114467821214,0.017486147005553496,0.018191471659883787,0.011044376698978706,0.0032826393314557036,0.11160713476893205,0.024175158282504616,0.037918833164499184,0.013631976541376168,0.03654816610322027,0.010723670134286226,0.027278991832224906,0.011167749358486495,0.025819735211388372,0.012643167024121122,0.01133256557608676,0.023285014179453646,0.010444178275318019,0.03399122626444325,0.038072232561125754,0.030033360647095813,0.03227714059247013,0.026220299734951394,0.0032710271771047104,0.004231583983857168,0.006192773395423484,0.010213996944091608,0.02135419513763222,0.04221036781736267,0.022638554729170163,0.024058939127778855,0.0024403855540554645,0.002891659670867683,0.023720291162103464,0.012796310987386178,0.02191132010142264
S0368,Seca,335.6157066542963,311.3543724941041,0.009207537094898903,0.00896755728626547,0.007965798775111119,0.013990589695428941,0.02017058878259283,0.035249178492683754,0.013629480880724828,0.022328418148250567,0.02583208587467267,0.03999081435650672,0.026855207301591726,0.06721166043926105,0.02939162103804332,0.026058115641387727,0.01234432056308927,0.01182863585120341,0.022825051104903644,0.014295860745476346,0.002315385164676406,0.024105662461628777,0.032845489626179586,0.016264718553714003,0.01076393533637837,0.036090828985261454,0.038772206258381396,0.00969756760831544,0.01695412199885909,0.030617588446879413,0.012618225934359439,0.01259993332732458,0.02553698205452099,0.01798045845780812,0.07531589589366573,0.006615274060743513,0.03658023318323523,0.03696828816494191,0.016735096359072502,0.003677041452575972,0.03374487318082741,0.01836859872742111,0.0264072824566383,0.019227158443980524,0.007898380845497863,0.01146968891851349,0.011686562026506777
S0369,Controle,166.8188791641191,375.4192923724298,0.05262839283225789,0.003285628310009438,0.046871016070541796,0.0003560281016135568,0.029056424022868666,0.014464357965131394,0.029394487177790522,0.024463382663729855,0.04190923403657367,0.03353682022273555,0.03582415527748548,0.05732036472218256,0.01247988670221402,0.05127575697443688,0.014792001916816773,0.004345386477269183,0.012965849882305334,0.020548935868222613,0.01222524406468395,0.005318800310587251,0.019354013690098613,0.005715153154188472,0.0036326167210311423,0.01599867424103534,0.03745976263330121,0.016761630872031495,0.01933231267231829,0.028175287047721553,0.048248563970926084,0.01274010091351151,0.021578138232256378,0.019461607533947545,0.006991119740493436,0.040201924226993486,0.026957862193069136,0.01818558740529783,0.004732432168443057,0.013964440674041888,0.021492241464586913,0.04081547561483972,0.006898887847651542,0.010372169030026114,0.020720744510276067,0.018743022220274855,0.018404077622181884
S0370,Seca,449.18327368076785,396.81769193118873,0.006415625851841746,0.018494448781862904,0.010233651051784207,0.03748523692516366,0.01868224562874591,0.02038525666177754,0.02274622815909244,0.014807881902795389,0.0012135157405420683,0.011727869094809735,0.02038260468202828,0.03873031087068206,0.05442594516059961,0.005690943853915474,0.010184026823655481,0.025583788185243452,0.008382118526099266,0.011212402210984082,0.01885606775413013,0.060216827047447886,0.0945334907547185,0.011989849116704263,0.016950086762009382,0.013921696960617791,0.05461153231527528,0.006340893167793554,0.011321662023117825,0.009309697931652471,0.01417707661695269,0.039979302609020856,0.009015363298538342,0.01715561056732351,0.04208410164128596,0.023077686105886768,0.00718130598285911,0.03879650124023305,0.016258638604592163,0.05626877761825907,0.01752888903529349,0.009390217401405145,0.012679586135428774,0.015022426569544427,0.004193618800935834,0.03198826430768233,0.010366729519667899
S0371,Seca,381.26607353532614,105.97730554027129,0.017441126890105723,0.031209581220743115,0.0016086381725910796,0.006015673977099377,0.036790059918611916,0.02416004291879864,0.05935299548200302,0.02648700272671578,0.0060916426490677435,0.02195175410975583,0.023838900650923204,0.0050911977360802805,0.041431024406054166,0.006666983187515976,0.006345953351780548,0.030234922069403605,0.007333849608551488,0.014669835958374936,0.012303996609859588,0.007092633145078437,0.011038643937356023,0.08591699279897289,0.039347681030609545,0.010782131524034483,0.0084779321536598,0.019989939163472893,0.013769961495584595,0.02326752110954997,0.005118814957099837,0.010717226295264979,0.025201372325804352,0.016812504546732422,0.01540115623311034,0.02181256777771692,0.0019504028946105802,0.03176219503559892,0.004458405998074275,0.03222395271542961,0.007790729621962772,0.025437439170068816,0.07056195359250103,0.023320622278443334,0.04938648982641971,0.0272039243315382,0.03213162439726939
S0372,Controle,135.26747045508785,461.8916580465901,0.028162938972979112,0.017115739895631883,0.01611554193714785,0.004147373059464358,0.04028191143294659,0.020013741478197865,0.035420007376802246,0.022362491428495095,0.03012610006148941,0.004819433383091185,0.016743436356872157,0.03943821598074444,0.02038675201468508,0.029938558217825047,0.08514737413474954,0.010044021118937721,0.00932752204678394,0.015102287069104912,0.01765203159755991,0.025406488486373658,0.010976137306007534,0.02963083867744716,0.023272597885499,0.008317729599036854,0.014172633361948355,0.013798201535662335,0.038978471975396486,0.042043311065118875,0.02238489097888987,0.003606895167829121,0.013985512284583525,0.007507533760190013,0.029751736071541114,0.008462727363077327,0.004643417893167429,0.023860792245157643,0.03246136736821036,0.024267289519202092,0.09140127683587546,0.006392077126435448,0.004814727910842427,0.007813737950751394,0.027676246309332516,0.011758433710858619,0.010269450048057032
S0373,Seca,182.096008886027,218.9948014601863,0.011169394929222195,0.030786658651634907,0.0007871303602722508,0.017468165671729475,0.02910236190934542,0.0022367341182640767,0.055224683867909116,0.010063707716193629,0.008014994506655345,0.057681592565980065,0.007557615093875314,0.012302845028371444,0.006392025641083211,0.023982296847168814,0.059259382305234844,0.020051511222070478,0.033252754853543065,0.02322466079058074,0.012040023416051624,0.008139168102199144,0.008745723046655243,0.006112331846443325,0.03982516140785276,0.09737670059954044,0.0011282105052981771,0.04501837372720671,0.017772033961804164,0.00921735858092779,0.006473798920822036,0.025936682087604742,0.007489938744642666,0.002444245075576498,0.026623489378908252,0.03403085368740862,0.019327987852300804,0.025928353933614128,0.013385692046537367,0.0037649104465583656,0.009412574111140768,0.03690342037234928,0.018194514637055036,0.06855329285178798,0.031201196652502382,0.006024241173911834,0.010371206754165705
S0374,Controle,157.21999010213145,319.50682463208227,0.010218983838936503,0.0023950189286223414,0.033234054154159844,0.005457411272887513,0.045762370354990194,0.008834830101127053,0.010742069604038973,0.10808011660710144,0.0036346686018526404,0.010464667692778266,0.01784088002110832,0.011691619801999627,0.06974173080253185,0.039714851157241535,0.007045945372373109,0.02331516997923209,0.019179455903017537,0.011926952970939266,0.030271521694556026,0.050574504375322446,0.0329049870754642,0.01889816385854171,0.02235626631298602,0.010895370036949072,0.0026041106934847676,0.003720175794040238,0.04992835227446343,0.005353368631719997,0.048624982207489564,0.035947048017939104,0.013118909078290653,0.018977271622201818,0.007285070621112772,0.009961259677243268,0.034705771549363384,0.02768043992533819,0.02106869198123244,0.019200633997654884,0.014462740332954513,0.017369619833031247,0.01069598659911982,0.036315026939119754,0.005698808693287113,0.0051894307737401805,0.006910690238415482
S0375,Controle,78.80582431249982,1.1543862933710014,0.030230532014008882,0.0008026870023932586,0.03326533424886236,0.005608980073003388,0.020845233792505545,0.02597517311173496,0.024358345395351765,0.015432677194883795,0.01204476282597809,0.02184856616271356,0.000939162488115881,0.06771325040097063,0.015105604222770368,0.018535460924828533,0.0077330850036511165,0.030294577206210798,0.009866409983798551,0.015827471779412548,0.02881131947866251,0.005803110541472959,0.021315844578049085,0.05208198094563502,0.11107447322778424,0.03741530248674396,0.019538593924830473,0.0010979380780978141,0.004519263453013953,0.009570191311832229,0.028963674698083676,0.03945128243720448,0.012440279965853559,0.015274422297998944,0.040141347868439974,0.030907814257600242,0.011427937724824326,0.05234338044382997,0.003962920211935238,0.0058128773186346145,0.011002368204358471,0.01759999062398942,0.020490832963752245,0.012456112080369048,0.01919809629425628,0.004813888968142043,0.026057441783411205
S0376,Controle,73.89168627109582,496.684249205589,0.007486859498469025,0.004934151722850419,0.03720652314936493,0.0007913114389953685,0.03307602499527092,0.020288697932384487,0.03136755183706383,0.006865255609591921,0.025719413687676242,0.02521375608995719,0.005484268113899444,0.004937120414285885,0.03646607633343563,0.012436447138506359,0.015988155631664804,0.01894908218567191,0.02329794638878488,0.03745456746098777,0.061276629337845126,0.001978181627310209,0.03116235244182696,0.037068589287886825,0.020888821406431994,0.008269703061349052,0.014089382711579154,0.039080352281334496,0.04756326066031868,0.018242438735278456,0.03191578663707935,0.026538063696617414,0.03973244231078161,0.015777448521613776,0.047594003879748784,0.018261585491669376,0.01729420178759715,0.02942999809854782,0.01981015106131017,0.007463823351792914,0.020667763092425132,0.013276179887114513,0.011969688559367198,0.009858450682249886,0.025534936376222516,0.002799060977460824,0.03449349440837945
S0377,Controle,468.063731687872,140.44819298207756,0.049317064345735566,0.0006055506859208447,0.021839225191029724,0.002273639184058571,0.007014677631451712,0.020495180534254996,0.020994363695716754,0.014932638686647457,0.01035886840685285,0.012976963039222834,0.006453441027927265,0.006635796473866922,0.03539633414418964,0.00938994556011901,0.014336381041502299,0.018588532842595828,0.019321588527747624,0.02210391768015317,0.015734021433600493,0.026383983322510084,0.014827894353688979,0.042541205779590696,0.02696095486455178,0.016110651587048434,0.013918386583616644,0.0018549766271667822,0.05385044315638892,0.047773232773746045,0.014813338270315522,0.0045948817927485485,0.011970148419447801,0.04839430817164016,0.04011435202660024,0.019590351101811756,0.11780978759582647,0.019015292279164035,0.012700440783875304,0.04317947429490875,0.012244604101538131,0.023057765554286683,0.015397241845850994,0.008389103002093648,0.02271506604495456,0.018389796697741052,0.014634188836294547
S0378,Seca,218.95201859937663,31.031553270077616,0.007104913659793229,0.023583334930152255,0.020774303417341714,0.03153053162922761,0.00433673469120428,0.003044574981137959,0.03667553647986279,0.015942503198197594,0.0027151176168151705,0.03589806075738578,0.03716283487061606,0.025463027678206414,0.016784737981556525,0.02002162704898276,0.05345321645101768,0.004913396934402132,0.007192898589814921,0.036273500035772524,0.016491445362014346,0.014082862521350535,0.023825556445520955,0.018702094145155813,0.012137637544107176,0.0060960321697214334,0.06847445868219905,0.026028109839250798,0.039073878516996965,0.005216561600065877,0.01323006896017396,0.009365324280292906,0.020233515011122947,0.01969240348456444,0.005708119189816568,0.013658680608111855,0.0269637102092031,0.014031228883038283,0.037755759745232105,0.004828514048572293,0.013816680553502039,0.017144266717097623,0.022833869583480215,0.023844114270129328,0.04021481864963517,0.06524354507814553,0.038435892950011395
S0379,Controle,191.65991138870493,229.13102076825697,0.008245827150965581,0.04080123220185525,0.024145330972401596,0.0008739586004519208,0.02064072084429947,0.04934214997486489,0.015393206468139659,0.060869759332857654,0.013962383307163153,0.0555099944445669,0.009578030489812268,0.013698318395123402,0.008102625950026658,0.01857621075191363,0.031758492990512324,0.016449381278244,0.005754320237122587,0.05153230574085178,0.012178927464499494,0.029912487032903928,0.012524975761057199,0.006045527552447214,0.007296246627587066,0.011344568852787444,0.0036809814314609957,0.05716190362742507,0.05269242459040592,0.03362628028841604,0.0014137418621347788,0.010955626921572805,0.014396416295123806,0.010858860775565068,0.025824668490469046,0.028265866409579034,0.009528828350686218,0.008784724323863409,0.009104621197691726,0.02807025994995627,0.05229364336100355,0.017628216059774986,0.01662664819776606,0.033361790003299176,0.004451329287327767,0.01517995188824937,0.041556234265773935
S0380,Controle,364.84285433868894,64.51502859102088,0.014116906671446383,0.006895780106158285,0.020723074699623156,0.016994098165654184,0.04808227762213445,0.03926945033532019,0.04460087775817867,0.026677244274319313,0.015573565706472075,0.052502502587333674,0.03754362484934038,0.023599189942727545,0.016837254421267187,0.04048871587769263,0.015516373220631484,0.020509700841932703,0.010007038131711245,0.012194310542517538,0.013774982562191257,0.009029363975995653,0.021896854878246396,0.024283981425354963,0.007931074144625279,0.01551902287645592,0.021063659760926924,0.04860072787986249,0.001973417162501752,0.03138519538075646,0.007718983784395544,0.028627493150917085,0.007368987799284117,0.028706873045163263,0.01008191225333588,0.04152017005109682,0.014218191930611652,0.005421210400902594,0.008825669691816468,0.022783961111485583,0.019753130039888833,0.02781411845920568,0.013422600264803988,0.027093652169047026,0.0033331271828007905,0.025407791352981733,0.05031186151088485
S0381,Controle,276.49653262644995,76.16335507878786,0.02963139155612878,0.010691769141475184,0.043870852098893576,0.0067903430256048,0.010927086557475372,0.026337447458713047,0.02933240385114218,0.013544704694641753,0.03803563458126719,0.020571139812338983,0.019846348892401836,0.08000045641346593,0.010371347458580212,0.010376803618749635,0.02756051187133619,0.001921432883938052,0.03858625257059175,0.08702460572083738,0.010925067242855942,0.006962729814836692,0.0017029655165493804,0.009541049948209437,0.014526396603196785,0.008108865741256284,0.026850822998395647,0.02807596293055543,0.023857737430181283,0.014554253083260969,0.008915194842303114,0.014460022507791737,0.045825658678152775,0.008960414605721917,0.040757620947824466,0.020659634830609813,0.03220684970348237,0.014224865409728098,0.005448211903180509,0.03509764418892032,0.016885910482545792,0.028259496589178666,0.0022271233472572955,0.020621622522920196,0.01529725670832046,0.015978411096079656,0.02364767811910308
S0382,Controle,468.06999341923114,316.1414065151051,0.01887129940488812,0.01521573119442766,0.027816594052443622,0.021382420011899817,0.004741203104228206,0.0032598950313130256,0.04454065962016185,0.04709429792683304,0.035885028878496344,0.05204489363520229,0.023292010026137722,0.003930754192863167,0.033868420192451724,0.02654083425060057,0.005095159026338982,0.027100005903990244,0.0367847895176304,0.016070545866683335,0.006523689870787739,0.01069772830336923,0.05083591824090539,0.022543720544585213,0.020295002602149843,0.0004280507484544658,0.003096312868650066,0.03754429959045302,0.006439689090958805,0.02711851182581107,0.013486862976192277,0.029004430228835306,0.043806287043951155,0.05112515771078387,0.04745925400025149,0.005367928142386605,0.021652664416171603,0.021996921945133006,0.009820074384586451,0.00313841875498807,0.011770926833761946,0.004914818619701338,0.039057160085291344,0.037011594732064834,0.01396782104650322,0.007994918497323358,0.00936729505935899
S0383,Seca,390.1507469546961,196.46369578511664,0.011534286193447514,0.005677846944999061,0.013933650432036999,0.061406586112772825,0.004710863070036952,0.002399882657743525,0.06572388184113657,0.04237332180501181,0.009448111268742931,0.03391078685356246,0.010699345472639338,0.022536154024054355,0.004425006282606415,0.012311365851886243,0.014806572728145381,0.006554109165457113,0.026252811181482885,0.037894460080289315,0.054020212224960146,0.01113097786639646,0.005063881855042613,0.0010551956176281753,0.0027806066420070787,0.005627538962126983,0.036551250851185754,0.01488989594914783,0.024307961396086555,0.01506402737115574,0.023928006590903966,0.019254600637123528,0.007913928232137022,0.03952383494986522,0.02108344782736804,0.014882744116132912,0.006286526056306149,0.013791162059684378,0.06418650694837755,0.054057869928371985,0.028096044772740778,0.019327952180845234,0.013248170034004062,0.008642350452619765,0.05724071097375892,0.03604452638909705,0.015401027148874348
S0384,Controle,239.6847820622702,460.9262250774975,0.06805835308311682,0.035002434465247076,0.046384705709458796,0.0032821594747227656,0.03767705702921509,0.015830438195086755,0.015444472941772744,0.048306601640482234,0.0008100074939254914,0.01924191561454946,0.008145693494896725,0.027187644358340746,0.06050401582358565,0.023342238227036956,0.031167812190897478,0.005764145290181117,0.024357268517531006,0.011777838938260158,0.010114142951446014,0.016020620888188602,0.017514733937444196,0.02392146557077217,0.01633734704262139,0.019744581086775792,0.00791254412140349,0.05592927357767244,0.029711844538763407,0.02814472702093959,0.02840528723846457,0.01015982239148038,0.009621289312079843,0.011156044303995478,0.005338065925160352,0.0016061514868927,0.024796598024949604,0.017153421143255423,0.014246465469117899,0.009643867999392906,0.016544354747948405,0.025347615005037606,0.03889200819564354,0.04744360996869245,0.01781003951030324,0.012057998755915117,0.002141277297336336
S0385,Controle,188.17973674041312,159.57824730403502,0.019057891696877622,0.01987366536561686,0.046997935875580925,0.004603350720458374,0.004588883822538562,0.010772498731603958,0.06738013665301285,0.028431423713318395,0.02311484613598493,0.07727181710151779,0.005917900207822087,0.03544708479566764,0.05023412076604166,0.00491590545969038,0.03614028320622129,0.032988249930373456,0.0022870304826942134,0.003476035872489111,0.006492603284702226,0.013632973536595623,0.009673689990089508,0.035478759527308966,0.010836497154218794,0.03499792910843009,0.014339953386728832,0.012193002177971606,0.05087233976801851,0.010641953514675933,0.013798301045559912,0.01694196514376221,0.005822154497244005,0.0009685899476581427,0.008572244158054607,0.020364032325969908,0.030514791327813907,0.00859832081275006,0.048558627543346104,0.0045536574640343145,0.01222668672910327,0.03161020765029734,0.039272794505223516,0.012629341393704375,0.006512435282191916,0.023632618820224282,0.04276446936681172
S0386,Seca,493.315772462161,363.09006419195055,0.002051599523674021,0.007738641033949579,0.013883618940564299,0.01725093304078548,0.014204981892433787,0.020117595246042275,0.022419171205815686,0.01909028057508386,0.07403011606520302,0.007952546927547294,0.03357980812100215,0.06531555746564682,0.015548381071714428,0.05850256690687609,0.014129265075817932,0.00424175474078707,0.008706330707964574,0.03411808289384461,0.0020404138703644945,0.030729618713435852,0.022620052498795354,0.03969980802201892,0.008055088558251856,0.040809465217110714,0.03584212243318829,0.04189723999513043,0.017817623714267292,0.016242954674682203,0.0470236150385685,0.01597579668290542,0.007137821032843193,0.03433721212226748,0.009515585596454544,0.031123089340395062,0.006994845989086287,0.009017721840952956,0.028219787695777147,0.008093105954126973,0.02597040735865531,0.0023232180600154815,0.007059959630470745,0.042093036263723155,0.01366472071213344,0.012920288675320555,0.009894168874305439
S0387,Seca,358.88011800182176,230.5497150774538,0.09229383186602036,0.07416776382140988,0.00474773423412055,0.03180228057102796,0.0305295957063346,0.03485287974658113,0.03310961712324975,0.01276298777042882,0.013897582986776763,0.007884573048997583,0.007170553344861014,0.023385902446228783,0.00932773761232382,0.04697085435675217,0.03567960359650255,0.016063348637035908,0.005282125688226927,0.032721859681058243,0.05548660870830836,0.002487840565780979,0.023559752711525727,0.0471188043590953,0.030391154955309207,0.00486851302942451,0.03290892588623152,0.007763154726469387,0.008380451449482554,0.022216964398205304,0.02385648653365654,0.007573314410414733,0.011067819165914376,0.02340792912136108,0.007614648769447435,0.013671124160342092,0.007158932390380571,0.014681209353058259,0.017947637485240295,0.01734476082757983,0.02075088041810847,0.04152849740132079,0.015968186717526516,0.007234397724111983,0.006847939765191537,0.012795332627570908,0.0027179001010047815
S0388,Seca,475.59733000192057,329.9756505646394,0.016096506513351483,0.01325433809233472,0.037815009404940265,0.009894376998001346,0.002033524957776382,0.03441457084561396,0.0013927764652943504,0.02858490722305936,0.0037164470468031246,0.011828358585993097,0.03367529570997616,0.053611660636634625,0.01788363824461837,0.008811779024330483,0.039779346285352776,0.023531818997946964,0.04274350721502485,0.035284540289821725,0.07642234726154748,0.022361839376941074,0.030527604763221097,0.010823542159516576,0.00944648088472619,0.030290239769478682,0.014913054556358898,0.029009986574817546,0.016208318901810445,0.016321289322414976,0.03487144334562387,0.035060237359271,0.015130693636415008,0.06764083224282398,0.006318839015025551,0.009004769966105329,0.010137674292666222,0.023584216297182915,0.024753628623942873,0.02957096141695364,0.003477794677066823,0.004673069412290887,0.007520207241178369,0.02507745042690149,0.012555878480123383,0.011656579451223802,0.008288618007497875
S0389,Seca,59.23928860852068,299.8476783579952,0.0009231519460237721,0.02998215346464964,0.020009381578763266,0.018645998596500332,0.011770468845787651,0.021195393835053027,0.0034055891766637367,0.07836495278030799,0.03678521315650279,0.02653781580543059,0.014131702941970636,0.0248485902734395,0.011839378250315027,0.014654199635036594,0.015227644843906249,0.03793026439020492,0.0053024177356117246,0.008062137242132608,0.01482148104400286,0.0104300780125497,0.013659493823187057,0.012199510666237895,0.013486663313843072,0.038012981383110704,0.011841023335140925,0.0031655675709326594,0.027022720337183226,0.012051898546635053,0.01023634002693222,0.024356903138006283,0.03214644839813894,0.015038454784933744,0.008334764672790398,0.013855088527229728,0.013205152228582047,0.021025902681696133,0.06549798368639485,0.0613800376854805,0.009494835856103058,0.05282217940052852,0.06191026751833926,0.008564217846363586,0.018590018963070783,0.019186815425714977,0.028046716628571923
S0390,Controle,425.2668395953913,236.3919863794991,0.008715777685835091,0.03131133658837636,0.03205692221955113,0.019838942339106717,0.03914652363548639,0.018361008032362087,0.0152109041551317,0.0058525065726026506,0.013484263356028021,0.00512638423213669,0.005587844348600809,0.06063468167599022,0.018190310829460384,0.010690010474514584,0.025253909622953,0.022406142714318237,0.0054970367340783505,0.0441119641689368,0.07824008434750207,0.013116396675568147,0.0024969474929210362,0.0826433331430021,0.07807359066339242,0.023053443323777695,0.007720630598846809,0.046703145128139674,0.013627716920849155,0.026926263923288264,0.003976828640139924,0.014344379615784582,0.005387814251458496,0.007670416276559857,0.007364711710955532,0.011414351103064515,0.05154604956894875,0.013975695988754698,0.0035526359039004395,0.013480761027116341,0.0065090893667006065,0.016742010977103264,0.015136806723204109,0.020653496663732094,0.015135531495589938,0.03395046786741023,0.0050809312168199686
S0391,Seca,318.5369419956038,475.0305473122186,0.0033213566804385225,0.018257050759682994,0.00013113840272456744,0.02560141368961168,0.01994281913497736,0.03889680701043147,0.018608878649192105,0.00885597853202561,0.028426811767412876,0.003932549066544456,0.025868718914438427,0.007424017505646069,0.06912013451479429,0.0255629768404301,0.03280529912602314,0.022235723352976945,0.013233298424341938,0.10654328091719392,0.02339752591755111,0.005526861338862513,0.05004914539421602,0.00828806956150814,0.01928377259362806,0.008313888268832476,0.022280415742842348,0.014551249451947102,0.007138099428816998,0.0032238653974833767,0.05021953665297799,0.013670742110602074,0.0068996133606921695,0.013121016154877336,0.008895910026141096,0.020353968374383885,0.01136448494041507,0.014788299216945237,0.018810802253049264,0.008244253544545218,0.10468648098372729,0.01893563059123584,0.028698615783815724,0.011422981733737536,0.023601621766681024,0.00622744577756036,0.009237450344038268
S0392,Seca,60.960839167556294,171.35682137747793,0.0042546287832797985,0.007435164848334256,0.0074256527527244405,0.04720311340614166,0.043199097949417474,0.05354996243713257,0.020422279670342647,0.0036042287358042983,0.015131115461593205,0.03563421841577791,0.0007655472973786732,0.008395006526053777,0.016619912266975727,0.054658042580241616,0.04371305820649315,0.019390022228699375,0.024183722308258316,0.008833547592984027,0.015584545925195587,0.008024335164618856,0.02894086801973591,0.0011415564287030819,0.03008646148332046,0.02350705873947796,0.04029231259136797,0.027555224187425842,0.014840905320413237,0.02422576722177318,0.007463910719059309,0.004358149713270246,0.018895371891202942,0.0034826092609383827,0.049179145079426535,0.0037038817856827923,0.02833671807332886,0.012380309314444848,0.02487506089748692,0.025503515520636868,0.01509822855471405,0.011095471310826532,0.03829220930470455,0.06201226365214588,0.024466601414253327,0.020844724380303003,0.02139447257790979
S0393,Seca,294.12899998461035,88.61775062463629,0.0011211296639731382,0.02670321796498465,0.009815297544020291,0.052614978865660626,0.015018289253175911,0.02501433464290166,0.02643262583326116,0.004557539501516128,0.05134131354337042,0.03727384896837092,0.02368168721473548,0.03817515653129232,0.008529766768908239,0.020470402361704658,0.013111652600977481,0.022086576438351678,0.008582480469215755,0.011624109390163733,0.02348717057247518,0.0035324827407009177,0.0097661758787989,0.013775518292299596,0.010053769906691096,0.014389044704554863,0.019629389968327863,0.03654339266970074,0.0062049690334428816,0.01920975002559286,0.020404730736931786,0.02268284451740041,0.012512552164123659,0.005631001544639474,0.013651976827707487,0.04114464272613097,0.021362508092918623,0.015524404763502545,0.07799130046099476,0.020079657618085705,0.008335653258355337,0.01990572406434511,0.026646430731213738,0.009587398866817242,0.008000622242628522,0.06738014855162823,0.05641233148340736
S0394,Controle,343.0481825527244,339.0470304399141,0.026709294297918938,0.0014836258551587224,0.07673505247702016,0.011203251653979614,0.03838586063233834,0.0018462127112025787,0.0053673231710941235,0.001523466679199227,0.008201009414810752,0.01617665100818544,0.013115679745969033,0.039378097018440396,0.020290993115790183,0.00515333555786301,0.04763494808629523,0.021149982412736645,0.027471910206836633,0.008731089051987865,0.017589177115811,0.04820325126571282,0.026831698076358854,0.01686566024111382,0.015019454411259644,0.04042364381788378,0.014645108933845703,0.009631985770782132,0.006214604703752682,0.017256386873543538,0.06216975696645238,0.023165187116035987,0.01647798158588963,0.016517915827534393,0.03201827471418281,0.01453146598766236,0.020846374251115386,0.0031116956822847598,0.006454974700476675,0.021370253172861665,0.013989769506329545,0.019895830836857326,0.019183850053848393,0.06068854487432806,0.04220113258915301,0.03819879937380522,0.005939438454291496
S0395,Controle,6.151342944301419,423.0037806539544,0.04871628730146362,0.0032775677098378455,0.03334174293913504,0.004971596731256808,0.024976614414909507,0.025745295799138555,0.0032685715157820578,0.018848825111142862,0.016275379390620747,0.023427705200498396,0.04010739885629322,0.006919908396208541,0.04693206385885406,0.043119467328482965,0.02296640317234082,0.005203509430428695,0.003264512310159735,0.04610009139935022,0.019799467700450143,0.018835979966959654,0.006701098981624646,0.00851972399435889,0.011911866311173898,0.012336202392315022,0.018543269079256696,0.014100817035060923,0.010913420655633048,0.013075430768778722,0.0044374840933350925,0.005669552131543168,0.029409029718163938,0.021050761767540997,0.15301067577178767,0.0195042898946575,0.013160021631518469,0.021510371937556637,0.02420332344909559,0.03387368448005336,0.022996069353763433,0.012833696630742896,0.005110037159505753,0.030823143557022804,0.0121774483854387,0.01235947094195117,0.025670721344807506
S0396,Seca,227.1589809208733,20.12686996996188,0.004118895459300282,0.02881547027433601,0.0006458369462203577,0.03331240773037729,0.02501195143303801,0.026195225001550023,0.010640583223459081,0.040441119408820135,0.025100985588737357,0.025314603330584377,0.01821207877310397,0.017964316124400238,0.04653138735789547,0.014922785860243124,0.015803029572954416,0.028621027226761728,0.003844023554765167,0.06422589534363127,0.011786766975639951,0.017323032663923637,0.01636896172044978,0.01912098331989928,0.010321960443189171,0.011306882981853922,0.010049145632091723,0.07900954737404768,0.004523359683252507,0.02220664701618942,0.02081130054940414,0.014058712921274964,0.07100287620155553,0.012877332030112152,0.013036502511475236,0.020456048697378836,0.03582640013649239,0.021600582943385276,0.00811007972662959,0.004131153676725984,0.02749578181913322,0.00696472294656347,0.008823658404705451,0.04104635216749169,0.029913472202410776,0.029650131606322256,0.002455981438223541
S0397,Seca,412.69975559816055,224.8163442113403,0.006148476322854149,0.0784285666727923,0.008698316568014433,0.04348948053932361,0.09924679206017037,0.049266613622562946,0.011170609847886741,0.041953177553397544,0.02172888748487723,0.03603848111207325,0.007686268755267716,0.009311448765791121,0.008370395733742519,0.00546898723577494,0.04342865134021584,0.043067290163416365,0.015893275948257138,0.009486040539823192,0.005743842487937946,0.02762375504567662,0.025309442310992695,0.037787288953315824,0.021128592407647865,0.02766568075962171,0.0296834942991591,0.020745618513199216,0.03387788502776463,0.02288787620990941,0.003401994941854656,0.009298966385547273,0.005811125467435267,0.005502096219353045,0.0032505365629609006,0.020112392362437954,0.0423063365380952,0.0030337795362573613,0.007080898138382215,0.00375389954899337,0.001672825668184705,0.04116860590853129,0.0021356935087935534,0.011407292814419623,0.0159989370723923,0.018105234155269778,0.014624148889625264
S0398,Seca,147.67951267204492,446.2438448436631,0.010307803255076381,0.007211566625887733,0.006705917943815611,0.036058211153281436,0.0036674380389228574,0.006633525716750847,0.002671914297955843,0.02406080995563815,0.028121271649781412,0.010761040056365958,0.03743933981377107,0.018357015120165035,0.0062008634535041076,0.013774700803790013,0.03552413525069156,0.02463499185840367,0.060958820542630986,0.019928868703593536,0.028194820990030137,0.0037572621855327983,0.024274364281292808,0.017426069025344076,0.0020993669165960548,0.002055749265346712,0.029884231937894506,0.027770197005883897,0.01505065266248596,0.021795656592309674,0.015614898827866312,0.04196971863234773,0.0028967935405334543,0.026235973862916886,0.017351375102042006,0.013130511246300314,0.03994840010994188,0.03030280477669542,0.005695354787851008,0.07373070644918087,0.009010385662089764,0.008190260014406462,0.07289050690309523,0.016769252066053158,0.0760231616555145,0.0094375673187669,0.015475723941655077
S0399,Controle,229.27404089927555,374.80930946143377,0.01751494499902437,0.0014328474767482543,0.041080371201846745,0.012305594436850385,0.015903143241725592,0.048018178196000925,0.003492376788230232,0.020365634536406045,0.04090733597617298,0.038684949971252186,0.09201618655992108,0.004329962691217101,0.011152854331506118,0.0018732969832617882,0.007108696517120952,0.046947295168373156,0.03778482979133514,0.011408006361638964,0.015022796035135995,0.00828538579388404,0.004064323264634873,0.006987588467692866,0.008241851786507421,0.034694475614377655,0.032933252630949095,0.007989127640464697,0.02248955067306951,0.014021815531882994,0.008972772771562776,0.03733174194356772,0.005999698626396895,0.03735764608150747,0.017543837627678183,0.03863258895258048,0.019431867088959165,0.01724332613403363,0.014424415344634678,0.009063674292165947,0.028030683885658995,0.010398134335872814,0.07686106981321361,0.018957714730381228,0.029665810667763224,0.015281488216673515,0.007746856820118517
S0400,Controle,221.1570635339466,495.9038582488141,0.009293134765153345,0.0300979819283921,0.0260523624668266,0.02884934311455077,0.008984579271751565,0.0074627966032088195,0.012626264425905422,0.0036620793804634883,0.0062868152973939734,0.005225304507177732,0.007364082757851286,0.026010208285838617,0.016801137187625343,0.019759385984275197,0.04492558507326559,0.028223502095208495,0.007952258952253209,0.008106959447930367,0.0947990116794479,0.03777550818822263,0.01920428946191847,0.024506686141591853,0.03221604062370191,0.01800784090021224,0.0439177063142268,0.012145911764642145,0.012029941264155186,0.014862227817256166,0.023509098673233496,0.010982073368369927,0.028890173407854346,0.01016056497347287,0.02934879305270647,0.022910867230475328,0.0032779171334227633,0.030071169774527017,0.07154790700344765,0.04321986098078106,0.02195244922661915,0.014520079402971424,0.04101308171472156,0.0029658028542975867,0.010396654996183793,0.012437726530247547,0.015646833976220943
S0401,Controle,150.96369572124578,265.7069057986219,0.026126372269529102,0.03467732231098728,0.013497543473362671,0.008592328232772352,0.032580558306277894,0.034319991114102624,0.025556179340989086,0.012822647156494347,0.022597451592315933,0.01874409371366745,0.014485505653986588,0.00734437251019767,0.0134380229044341,0.02467192529220291,0.05988024881889089,0.008049043075014525,0.08951660420263155,0.0025569621318849195,0.010193798340762632,0.021622993141464097,0.04022805033791214,0.013513825441423884,0.03567437682592255,0.012824687710526556,0.012051037144604117,0.01074716185846798,0.023147154070111142,0.01807122247060209,0.02282783237569766,0.027915885563849406,0.028308687800837656,0.0060627851529011815,0.04643240447312843,0.03024990184996487,0.016824407140587166,0.0179808220183569,0.012754060146128867,0.009409703141426506,0.011621233769997163,0.028712973433843568,0.017099832628992718,0.019031303829442108,0.02493696846053265,0.019436630756874924,0.01286308801589918
S0402,Seca,459.2209477577771,329.99785940057563,0.006116268118091012,0.028727117514297285,0.007160569992563707,0.012985913703671272,0.022318467303768977,0.002466431469654757,0.05852295755723746,0.02441104922981734,0.023131870696592154,0.006006500562427343,0.03151812254399276,0.02853723568931903,0.0793489681070204,0.038721801382169435,0.004758365487558752,0.009483785585289726,0.02792686752264254,0.009043026302220853,0.005255773293141729,0.07594218980957246,0.012173959316980636,0.016059875478999355,0.050606648172359235,0.0099517210099848,0.006266010753254412,0.006606924307451274,0.02708453698269495,0.0038742157977029634,0.022457806544706183,0.04739813478306416,0.005185356490818452,0.03157014728997435,0.030992065657114654,0.005407037478390544,0.004390322820410398,0.01558479771197536,0.011192152566335833,0.01890213017755776,0.02593473038475617,0.056461387813436764,0.03600867280457912,0.024698670293974115,0.011051415631734835,0.014156254873811504,0.00360174298688314
S0403,Seca,390.64701771575795,151.24014056896408,0.017559112122180597,0.014273839423045708,0.009105882478200614,0.008857133377999146,0.040412841508990674,0.00365387330904651,0.004520695661648894,0.008270624025820753,0.036841675721949074,0.019081678125207568,0.006888780714482327,0.015096230020524721,0.01170786972908352,0.03392755825213435,0.05449343863203183,0.011524306059853693,0.022687346710293717,0.002920677904529984,0.013947828594395919,0.017900157872704516,0.00522369109834149,0.00696641820970142,0.01729015985881655,0.022449834854826396,0.023850297963757393,0.011782014704079963,0.010199861020707194,0.011216903249241449,0.0047587140641759855,0.07889408533735665,0.0890306530735109,0.03553479120485177,0.0110492815983069,0.039255029428208736,0.0662227864326102,0.014471172853274681,0.022136237988117754,0.010017178990953952,0.012350262252332038,0.018734092718990136,0.017142427633990865,0.004069507358658738,0.06366069612274233,0.02361749625264471,0.02640485548567757
S0404,Controle,55.29420549805525,473.76779983299616,0.03303245341213831,0.023673114506431767,0.03569846591643654,0.02616458247346652,0.0022844508805775943,0.02872482081210472,0.055257223582260956,0.05213757111654894,0.016769991685941905,0.034517405065481385,0.011170559291939757,0.03795936070232913,0.0622386644879764,0.016465311510316084,0.025227674210572114,0.03633378406460335,0.0036686413318130647,0.01769282298922156,0.032488145526202425,0.0018160138813029278,0.01135577236691711,0.008029371933502175,0.00998541385030608,0.010239254047582578,0.0033957414962326395,0.004255342955358225,0.024571368134616488,0.023596306769441865,0.011084092337217197,0.008344000126649704,0.006238049026606237,0.011179094560023594,0.011008998250619198,0.01463320457506241,0.01224722959191237,0.017116178529943564,0.019880308200995164,0.02976820221641907,0.004401916145411542,0.014654313112001964,0.1228210311574547,0.010943831085978031,0.023800898446123715,0.012410815911862801,0.020718207724096008
S0405,Seca,498.5173289187865,183.16774427826815,0.009770760779302681,0.026499501111853507,0.0026021587540728227,0.058455532265666896,0.017190602028830087,0.006626253760243091,0.04031736599716957,0.004907346530800944,0.03173424098353493,0.034162674791049556,0.004022728315357102,0.011476114088292227,0.03191508791505553,0.0067680384267409825,0.012940469193695962,0.05309492210448372,0.06252223420116979,0.016671746043165337,0.019119750092808054,0.04918124440660194,0.04205220789283657,0.036101789407189624,0.004158016516822362,0.018708007884547295,0.002278770928006356,0.003427541040016538,0.002584775987601184,0.011003087465071493,0.01244592636558086,0.020104483884807678,0.01949349528019215,0.05384306405642524,0.005370028708171685,0.002387396847974994,0.00765004099766737,0.03875310644023885,0.00858280094162075,0.04251033280687722,0.007654322310263987,0.04132226214986293,0.06794700397024338,0.014184476800088363,0.027296831690011115,0.001146717890840072,0.009014739947147072
S0406,Seca,439.6000121538726,369.2553563433143,0.016662777997859084,0.03573321087359587,0.003891560193382129,0.012481058928679083,0.036718005196948185,0.02750388152306765,0.011187402513791534,0.022389782977466632,0.02233253025504494,0.009855779576005311,0.024294526724364055,0.019523441062900777,0.00904145105551818,0.011935678263650919,0.01015036534838344,0.032774202381994216,0.005355631070638325,0.03530057410272656,0.09785328937763296,0.006603410857047481,0.051166729294498024,0.06476023176672634,0.01887004631908008,0.013783512364361348,0.026671330564060947,0.002514886280483767,0.0033783577480607885,0.013978243338907872,0.0367760125017439,0.007856384974738522,0.015241755929094623,0.021511460409337255,0.02030131628048404,0.014839394543617379,0.03462152643588939,0.007796780268336285,0.05043356025574859,0.0174850355209699,0.01650262028628733,0.043050038651483345,0.012946896357154515,0.011352313988341509,0.021195802057303294,0.008995281450125153,0.01238192213246863
S0407,Seca,141.95421893201947,201.57010205954094,0.009877144658991775,0.0035662628699851986,0.001988659651955547,0.00788583130405473,0.13433201217721447,0.018780887619241297,0.008387164199921802,0.03315431098635496,0.009412735713785031,0.00978576659616031,0.0032267231934619044,0.03740460488026376,0.010282029735077908,0.013987417770643095,0.013070386453378737,0.015720338888099657,0.021978390576012478,0.008441407886723047,0.009691686153360626,0.025022723091299885,0.0160122102983072,0.0194363600254677,0.054091476149012656,0.019999720446943335,0.021470377350108854,0.014457716893193655,0.054722515551375,0.02544901235808995,0.02632834445451333,0.008816430065785565,0.01914362246365716,0.014451456559408217,0.04974566647180283,0.008877846485730322,0.035124741932853434,0.02281144347710847,0.018898726863475088,0.0038835310293647628,0.01808071601634629,0.06672034546739536,0.013361784236430448,0.007840533017776475,0.012512185705856358,0.04050295399560609,0.011263798278405148
S0408,Controle,418.4482898304691,280.9094650314997,0.009738868725638034,0.013059995639770504,0.05514293644926237,0.019892741538767415,0.010865797262483856,0.0033997696769200616,0.011324040234001263,0.03828798782068718,0.006267037102566258,0.0261856515007916,0.015473069806851194,0.04665895905003775,0.01724041062464601,0.025783725265566503,0.05124472310195353,0.012253789543852731,0.012935727356095326,0.02035504522183583,0.015550700726726215,0.059751876275436,0.016645519736919766,0.008028569009670476,0.06572491653988435,0.04039397798105388,0.035789637378289295,0.03948610742109801,0.00844926648062654,0.011278421171244108,0.054762450727017006,0.017774315888107958,0.020498861364354897,0.004526646841613853,0.0323495766969656,0.0064896041326213735,0.010354464401541563,0.012989177133172143,0.014905407313866385,0.007007225546825541,0.005132874891570932,0.004164536999898874,0.020572518020207254,0.023842921375388168,0.019266478839004036,0.038399406472693465,0.009754264712474849
S0409,Controle,53.209765935691436,359.8912675107731,0.024276234107529996,0.031170707559756206,0.033394771541157345,0.015584517576932497,0.014556404566318714,0.058766504648664536,0.014150296462924525,0.006099806247531008,0.025374773097722726,0.02587413820507895,0.015568623731180222,0.030426568287238873,0.0054021122187531976,0.02377985605167344,0.032817467666887194,0.00542543251808842,0.0045036523279892585,0.034606803904734466,0.004681425118797551,0.03197619663052296,0.019864939777952638,0.025272714426135528,0.00560057748977107,0.03738178231129255,0.01669674454663884,0.04279615334107656,0.034455338851406156,0.01733074298691103,0.004902303069541874,0.02406936790926249,0.025999422224918717,0.05371356009460219,0.01577891006987378,0.08242104128159243,0.0062182687334664775,0.029708348443672872,0.011369070083322878,0.0067649177947505116,0.007250641078526436,0.005829241529608648,0.005067440294962685,0.00572694238715073,0.0007991094429786504,0.004567378232644824,0.0719787511284574
S0410,Seca,499.5523652371193,254.46707587567712,0.0009588578656597224,0.029257037863625015,0.013638411184299221,0.0506946912623399,0.02374772029058596,0.06193781934795459,0.00700620657195003,0.0094835467640907,0.006154749479442455,0.013932108398094336,0.012076280333740927,0.011841670975713384,0.013504988242143145,0.024565734574702486,0.017305635493019205,0.011997257481902023,0.010316148856432882,0.02362858279813663,0.004293400352400291,0.048085120244753685,0.007620652350837429,0.014438158168386136,0.032624724411636274,0.01727054938144637,0.011579262634062023,0.13487906647889084,0.030646583547265974,0.007167345584734266,0.05021819389829079,0.011788101292132496,0.005954328576324854,0.034755570608025026,0.023724911046217722,0.0031077806108072577,0.03308365077532522,0.02455877551112171,0.011352332495059342,0.03925496888488771,0.0020280939278041377,0.029010436853974055,0.005429948987778512,0.0317935628539717,0.006415685089586489,0.009072766888384527,0.027798580762062458
S0411,Seca,332.84236805326844,453.5431634547543,0.007598344984824261,0.04340793086161921,0.007616537550944401,0.005221178721383208,0.011110364358354307,0.035856324065758574,0.023245111178859804,0.008915772601098165,0.019413572329916737,0.014142762247088148,0.09239671344949585,0.015032208331308777,0.026868974211997618,0.005905145697975333,0.020913096628515697,0.03382193815003962,0.03694411725606688,0.006858676515341105,0.022954435386974344,0.012050840621814078,0.030305084322788584,0.01630974426252592,0.006599199889881211,0.008282894114089303,0.03698449976660243,0.021514000129419,0.009908312231141593,0.02576625091420789,0.07804289150519168,0.01926223755056463,0.014228536597907421,0.010707310469945708,0.04957244064612733,0.024849447343084682,0.0072731990962932825,0.016034334322116543,0.006922880664838113,0.027581800225140986,0.0011863589221582725,0.03484172240263543,0.0034143406457489804,0.013232799356994921,0.029745819878023595,0.002639453193437162,0.054520396399759176
S0412,Seca,325.0625077793985,209.65049396390512,0.004537450249021132,0.014203059574436131,0.010769799236511744,0.04671127850172638,0.0042496156735258,0.02387673412867922,0.02959368545300311,0.020735248607860433,0.016508021588106683,0.016677730182341637,0.004683667808268582,0.02149261243480585,0.0470513110465166,0.020064047886792644,0.005285464507462094,0.0018727980602150206,0.05211428406526029,0.009662019963853493,0.008626991979929041,0.019965440361130633,0.0223123801105278,0.033779643927932465,0.036492954890672114,0.009548525258714996,0.010998175810198001,0.01096581505448833,0.01991937408904355,0.02033351745585834,0.009051802874805162,0.008743765365001096,0.03532768841911458,0.013731880251977408,0.03237034609657889,0.015427161024024116,0.030117314404920367,0.0369404921992101,0.007631252913347247,0.029332195691552706,0.026057423485856976,0.08309497518203873,0.0020300196446103834,0.027382787802507427,0.04790333984367958,0.009609734158104047,0.04221617273578889
S0413,Controle,45.220363492066376,323.5358990716626,0.014120094639835375,0.01874185961304016,0.005282838243403563,0.013514329474865852,0.025731984749705845,0.0036287054012639573,0.013444541884623412,0.002524354834306953,0.033317508846709094,0.005519357092534695,0.012067715253357512,0.005538290123758976,0.028543167716847617,0.042517410978700536,0.0103621945384751,0.032344030800429496,0.012509219107022743,0.006759531803446254,0.037416551842729975,0.06293368149336458,0.0080858870805399,0.029374296799071484,0.01425168306767428,0.003452120038575222,0.03868015699101416,0.015194284855076094,0.01924021917953311,0.020456576997263713,0.018400776695879407,0.04010490325430822,0.03238905285471187,0.03364719860645304,0.015212224374899873,0.012368367040258628,0.015208387656995717,0.0540003897167404,0.04805845995065896,0.015224190817139566,0.0016855958779840566,0.014217280375541479,0.09027791197452364,0.009498413322542507,0.027738039071736224,0.024943357335979795,0.011472857626477012
S0414,Seca,448.51669944831264,171.18121665002707,0.0012024836077848813,0.07547892844588835,0.010538490550914662,0.03864297092583963,0.06665066306139127,0.0022985613072638036,0.06766514291441658,0.0007551727797292536,0.006957521768195265,0.01378797968853755,0.012838344914865678,0.03807292234551259,0.02801369849680882,0.02352896683348589,0.0035739686583474524,0.009072642737501729,0.006186955202527062,0.016310230448141793,0.02814655799998027,0.014946623456867928,0.03969215903145054,0.042122257316732234,0.008333229843637737,0.027455075708044577,0.01575347061189738,0.01586530272051579,0.01793722604445235,0.009232798271679105,0.010379395439760738,0.009209636647513926,0.0059141943193608895,0.011539382180836824,0.015469856840768825,0.0011879241020312662,0.07496451869268615,0.021144895982162272,0.01108495816514539,0.02634924729715683,0.10110865770189452,0.003455479685075303,0.008831885266581817,0.010312128197819124,0.028272154130369546,0.008264236532958864,0.011451103125467344
S0415,Controle,14.499751602234712,204.07833411550652,0.016110255923355427,0.0021848612649564923,0.05590320414456344,0.00434041993662397,0.01970791423997142,0.02772463854114504,0.0023613240990959282,0.010281518779615055,0.05757681656385201,0.011171798727473758,0.023890645152614083,0.018808611065637474,0.0041684625002288735,0.008505098052998329,0.004915282870357985,0.026782650112262794,0.00854656890447748,0.01352812241629311,0.0024662780182478656,0.0007502044668080308,0.009223700175611782,0.019371736478373355,0.009432072413808893,0.01818036622961513,0.005437179795493852,0.01452441693619506,0.038005782330291414,0.08085075773264079,0.014216540432673322,0.008608009745895734,0.018119165068153618,0.022298155809163202,0.024062405272377428,0.05887268833652516,0.058680304563492894,0.01371456649763638,0.04408293734556463,0.022792085032089165,0.0037394917916673286,0.018117156175028692,0.0590724053236875,0.06335586530525335,0.0060632428583028905,0.038386572354413964,0.011067720215465926
S0416,Seca,120.41402902057352,220.0250541167762,0.0011329260276278,0.018241632881494683,0.0021437086392511137,0.06719998142581483,0.014258425445634014,0.008368999937634736,0.033342910464845305,0.008046791784664373,0.005121655718398852,0.011436544295351047,0.020393713085737813,0.005329076252347791,0.005967734897401664,0.006104461315262187,0.02130095550636068,0.022557977272743595,0.008698438568542228,0.05539891186995314,0.012160283706406252,0.03148813719329683,0.038178674462951936,0.02878458176211123,0.021023866404841246,0.01763989447811057,0.0031244920469712186,0.005812219395706151,0.012944968443779329,0.07830506921246011,0.012865494495320182,0.034719606041424926,0.03833213181132093,0.015463624949382571,0.00964822279608014,0.013727461009794979,0.031979367950839596,0.01632585067880157,0.011358093627799448,0.019635743401816445,0.0008370050393000794,0.013086251576217218,0.007598612605640111,0.014853230259473979,0.022874981925513255,0.1020303544867674,0.07015693484880657
S0417,Controle,71.5109375833175,62.903509156142626,0.027905388719146676,0.028042165243750364,0.007734778889637771,0.007767060547104546,0.032757328933136466,0.0040822152801073125,0.02138400320337043,0.0019328532681354305,0.005501974887282444,0.002512001528250003,0.006206318520545593,0.021276886165163,0.010128650128537281,0.011841821874274853,0.007788495919628617,0.02269091272025161,0.06529074894375841,0.00614190297551895,0.10300665069537497,0.015080329993825796,0.0029998865329954245,0.004855226863184166,0.020212808412135044,0.00923472868636755,0.003876861048474134,0.03354413146330698,0.022685914316681887,0.04105151596645996,0.058379124411960144,0.003655403280307975,0.021709940021364827,0.029469510380383965,0.030690190461791705,0.01716859518567127,0.03659825823388359,0.06933056603285578,0.016782272823932486,0.03433308892415733,0.03515489940894312,0.00024886092229979486,0.02458805502798516,0.011500448260174304,0.03937662650496642,0.004557499958663747,0.01892309843425278
S0418,Seca,388.38397034610927,45.86183952950334,0.015599623031795825,0.03127184032854758,0.00177425614673037,0.020139812380576782,0.015210535015036254,0.03475304197206765,0.002170829088790123,0.010094637035164165,0.0009870595371861454,0.01872937489996985,0.0291119064196829,0.02997591608556808,0.03652391906088923,0.02295276014161963,0.028514628660619202,0.0027644726493580712,0.022549543136367162,0.008644053497977035,0.01952615589345103,0.013536316867566397,0.050976445904525464,0.03730148265735544,0.00808397977618043,0.012170195078082088,0.01840344703488269,0.01984121676753686,0.042605059738661716,0.030090564328072247,0.034405188217756774,0.006362006891142661,0.02425897269860247,0.01489913741919406,0.018473721870408983,0.09234043947307127,0.025488504778285983,0.0055836339630732715,0.0192361351999467,0.015599400802962692,0.03461369331189673,0.022459744374768296,0.023993048559920474,0.026148855471801652,0.01700727201607256,0.028608489034864976,0.006218682781969864
S0419,Controle,99.10211360644894,333.744961573379,0.004040558751015631,0.00111483659015406,0.019073734079733586,0.010513971462907203,0.0062475641840559456,0.009387144924840888,0.0034119455378962475,0.010054580746512226,0.034530703466880516,0.00287805265568757,0.030639397379406085,0.0151645137192507,0.008623046536584623,0.018615452047518966,0.03369446784770477,0.038809487849915066,0.01513719292571931,0.036593546604879,0.012791984835357267,0.004737621650623817,0.02456959860647498,0.03601966018011212,0.008836524281819186,0.03199857173824344,0.02415165495957823,0.0050491662800634714,0.05933651432708175,0.01546262323169682,0.029140503838547833,0.03706584943854002,0.1295997688740668,0.012635031977413695,0.04085983646072357,0.005354895532416208,0.07525752486798384,0.017286611989932577,0.03299198118773543,0.007079397907766337,0.0026972799515876597,0.000323392763418023,0.0269769397519308,0.0103034409720633,0.009319627081644424,0.030832770009741942,0.010791029992773985
S0420,Seca,455.31911356544265,327.75886917152616,0.0033966267195941896,0.0062615380120102605,0.0003375211953932853,0.007453957341558449,0.043891249015883246,0.0895184070233934,0.012501960734749339,0.0059487352051835205,0.014366004165187705,0.014567027389264743,0.02403357014740846,0.014705703940602137,0.15121175284711458,0.005218912179028277,0.008394415060171669,0.007888866290710353,0.019857218371538636,0.023192752009626106,0.02116992558587854,0.03909720906940042,0.01894554314639194,0.03774836714266129,0.00834029597090444,0.04134606677700793,0.019807401270466603,0.007005778794340473,0.011217707321493731,0.006814948259578665,0.031407650454683696,0.016683725803356975,0.006941531213983466,0.01164115614845532,0.009464657736206035,0.008978611577704491,0.019633853711819162,0.007606310681280423,0.01620114195479348,0.005297276716610096,0.06657319676213454,0.012515256710096944,0.010075334796139144,0.02442087389456952,0.03303963648428108,0.03823099620128317,0.017049328166060137
S0421,Controle,328.1345196637451,331.4548571050476,0.01759289243671917,0.009096505687123977,0.012112907097333517,0.0034566558159989623,0.012317269620505392,0.01334219573404123,0.0179344739432328,0.03781394537510404,0.010765455641263152,0.0175412525243289,0.010224662542803334,0.031170687226550458,0.01597600846614708,0.019362678259223578,0.01900581410689165,0.022636567649974414,0.011235380887747164,0.016498649321099963,0.03746858428571553,0.0198665315613571,0.04867284375325296,0.14950532084661672,0.010904045296876457,0.006829798217737191,0.01261789804017051,0.029139325707876758,0.015977230946434273,0.014167843767107766,0.020137932707291657,0.015167598135996106,0.05606901163066705,0.03453993056372993,0.008941276198041812,0.016284097918138198,0.002862624425419828,0.012478707899371527,0.021533888213482188,0.018683786632318757,0.05211549697626923,0.03595364007730767,0.004820664980071514,0.008942188642854025,0.017755075590091356,0.016173207691000092,0.014307446958714795
S0422,Controle,18.081355247348107,9.883222671345838,0.08002552483421017,0.0015532596000274851,0.02065722808400569,0.003173437577270987,0.009655462801909872,0.0017110824761641028,0.03321515922275908,0.022424000154288866,0.0010807805370267767,0.00855739051204514,0.0064673514000624845,0.0071884665518009965,0.01352763310421272,0.010302453081825712,0.0541785015789865,0.020883362775744797,0.024421798177912575,0.010047952268935444,0.008154348021343677,0.0392253134085119,0.040740386406958366,0.05600725886862286,0.02858812673069691,0.03910562715907687,0.029504011164808903,0.006507323828859795,0.05401638623970552,0.020498109059407865,0.018355878993932068,0.008940748698642325,0.006567790331009536,0.022545024738515603,0.02015847991412177,0.0052112257708677905,0.018282537213750744,0.017381483363646144,0.008093342765851311,0.006687772060154357,0.00931304728406035,0.05713251070317718,0.006158230528177595,0.03994460029689523,0.057424701980285604,0.02184394317937584,0.024540946550354527
S0423,Controle,2.7149170643502307,163.27342133588996,0.024833675423883726,0.03491795806481636,0.01590219499252859,0.011711387280477038,0.03238217613634334,0.03052657079177771,0.0017329135908396539,0.046649546093375925,0.018603953907120177,0.034538938474771526,0.03751167420044201,0.009250812614668072,0.007987138302391141,0.002278692993846907,0.006891340567066478,0.007784277846701614,0.00863193837882072,0.053748392324006015,0.006801480617017134,0.035198953297566976,0.013961983977892257,0.009632332796868988,0.04768585539957104,0.019351546720975856,0.018129313627706405,0.016680851190477144,0.004671607001881143,0.013156827420071272,0.04257165523292213,0.007413317303746281,0.011374284089120978,0.01392169306400036,0.015269207018775302,0.010293863133145927,0.035001995853359266,0.012158549119046815,0.007801217684708488,0.015706581730923534,0.01304404194977406,0.01867813157653132,0.09534113519024758,0.015857380294027758,0.034436049297791885,0.010541597222962936,0.06943496620501012
S0424,Controle,25.828958507199463,98.90492362959846,0.007933428941715859,0.0036661832194364516,0.026828297125197596,0.0036497755985870793,0.012647688397191319,0.060080295417867864,0.008921070519026016,0.0338947434040203,0.015374394538576147,0.04810234817062244,0.012646613998302128,0.02200461515290404,0.05657933028121211,0.07082777924953053,0.009097148398389857,0.011712401182385243,0.042184596663284155,0.023294073981662115,0.0060497124227459585,0.020418029741445697,0.004089651849934763,0.030265835097817984,0.03817362578789168,0.003392665474803451,0.047678055532493956,0.01596204776900972,0.015368375879468339,0.05327669847899295,0.00706743139512855,0.014567384185266447,0.006080192417770542,0.008600172780684473,0.030835542534279954,0.0060997296485329556,0.06353956675198698,0.02919988600983029,0.010991320479759013,0.003205916189596379,0.014084969185612875,0.01501860100308726,0.030120253015670093,0.010369375498675776,0.006697395636647088,0.029688566356478385,0.009714214636477201
S0425,Seca,302.9625888238638,389.0757112720062,0.0012236879889614026,0.016477615541370838,0.014617680811510197,0.020795728475595725,0.03305497723776568,0.00832455965141865,0.028430082502795707,0.05671689198967095,0.017460688268027123,0.0020070264756507903,0.005972247716431702,0.02817246314382687,0.0038981950459308643,0.03762563344394285,0.02502614735070376,0.022375241112318513,0.013491866034167087,0.028397835433363085,0.011859362544622307,0.02969694547902845,0.0065753696279803545,0.02591750893994278,0.03732230950071005,0.03782667472101921,0.022333729365398347,0.026930511937656484,0.014509115850607381,0.00995981334208309,0.03392877337663141,0.04844037625656967,0.01393395793653352,0.035970533985717375,0.02292040079488317,0.039173719908627246,0.007917650012189947,0.014763044403756599,0.007946949337071085,0.03557186691474208,0.026665809637795898,0.01605444628748656,0.021399019568881152,0.026836563106701638,0.003195858526470798,0.02364542015809407,0.03463570025534754
S0426,Seca,400.74090542970765,430.31520069806504,0.015123187958211833,0.02556745657030426,0.0005201374097488662,0.008681178923116024,0.027217315222911324,0.027522910828226936,0.016652510209084335,0.036857734824564364,0.017291760317041924,0.042215655119237736,0.007823350342571776,0.024703972694523395,0.025881152870378905,0.011868131591609495,0.09876545839182849,0.013247203046577847,0.008570689941313454,0.04084025658884263,0.0453058927935886,0.012347247006713998,0.027612765722615205,0.029082671601830517,0.037597006081965735,0.010375921428193022,0.005046554750496293,0.014023455743270595,0.02219354489283914,0.010948876833573295,0.02810462567913969,0.004288592650958192,0.025844514972481924,0.0036039810142552294,0.005685771236844811,0.009816170826478612,0.008924227020592874,0.006353197047706935,0.008376074404656741,0.010091435287842402,0.03162460486995663,0.09076441810601865,0.03651932900425434,0.034812754777923595,0.010627154741985858,0.013707700646255441,0.006971448007468127
S0427,Controle,119.27641031369424,123.34018861307366,0.016953180253482147,0.007269899932323477,0.025056667017821218,0.00019405273288617122,0.027027925428731107,0.02524805337664088,0.031522484789845956,0.019746396843661276,0.014839275433523305,0.02211149880731173,0.07467873390948036,0.003923814005850494,0.02175540044540435,0.018129471926978714,0.00921443978243895,0.019651620897017615,0.017196764566037012,0.047631819760369724,0.014073714531018633,0.020328898221699896,0.0018037473666834094,0.005866455898309313,0.01174576016994188,0.018952698784747698,0.025250056658879708,0.056757591177731076,0.014728430467577635,0.022634957647127772,0.03336705953802405,0.007010932449046972,0.052248246073292426,0.007715521333676061,0.00972777067869896,0.023397118743634895,0.06373679949015769,0.021838405006408153,0.011841221889327114,0.021847505793011413,0.015454714878738547,0.0059139864318017415,0.002616132713313429,0.04393008658694813,0.005653124808166494,0.03547294626782823,0.04393461648440422
S0428,Seca,424.70442146153647,333.9245794239932,0.02137115918285331,0.0406624329984949,0.005466502353143784,0.017668346177950673,0.026715769480848108,0.02266211946971453,0.004969756052694567,0.027892963453519447,0.004463469137423022,0.03484922986267306,0.02608305041942407,0.012628570181900242,0.029277434980341188,0.03640001816410484,0.051577117320861315,0.00473721978206574,0.006560848394294561,0.06681305472731948,0.023798764769910084,0.025980034149632278,0.007260526582772972,0.03410545747832846,0.013656116477247387,0.03833368097978985,0.018781760507795685,0.028144240869594994,0.01755795846640949,0.008255301730321143,0.017924090929413546,0.05147013456176227,0.03223961926651223,0.02326393533539114,0.01954365502987693,0.01887316881182985,0.023390674378893837,0.014191760986466162,0.012254579094433365,0.021023065312694655,0.011142609584871555,0.030451846428841214,0.011024073914789186,0.012285485242398147,0.011127044879448147,0.019730821333855085,0.01339053075709356
S0429,Controle,28.61597007663019,64.68140172913722,0.014482169003866376,0.023918481397848166,0.025987914656258673,0.010001529049836247,0.02608194829142668,0.030547246063558728,0.013344309718671784,0.004334474466014384,0.006719709079801146,0.037659184839517364,0.015551235866790062,0.040136756592994045,0.020212400393319313,0.02298367341490623,0.005064451854283134,0.0018430236658341585,0.012617291575524934,0.010363302562498102,0.012170458304443086,0.03082480388877733,0.05243318461493371,0.005370079874109738,0.0501744206378502,0.023319227703387548,0.03362047553288148,0.043213956958417385,0.029706063164267337,0.030842549304107344,0.021253564913780998,0.005571071618557325,0.027912882028482817,0.0057863391604503185,0.007185817542898769,0.004057156651492981,0.031208310736345703,0.025018841190851158,0.022220845660607003,0.007056459469527821,0.019505814817721016,0.011321214790534688,0.05627656176427794,0.05308035233630871,0.044975428091261455,0.005995239770697564,0.018049776980079042
S0430,Seca,400.4819268208381,137.57626280085665,0.0048241042462380404,0.09122175628297215,0.0046011663310009795,0.018671909766086504,0.014717671741394833,0.0833447863969918,0.00848320756133309,0.07716648113247715,0.07304692813864637,0.03717763921049306,0.003573783886561391,0.010117890840820718,0.0228926719891952,0.01293725561817483,0.0030750514243394447,0.030034248599054097,0.017227527979015902,0.013507690014130744,0.02049683085299678,0.0991634565155042,0.031356463012097505,0.004313073857104716,0.008461408971935177,0.030383127933229826,0.03963518570880709,0.01678123853468014,0.004857452455001248,0.003223628166159167,0.02125666352658431,0.0056541716933358665,0.005824998602939926,0.0010141350448511551,0.004713471107482238,0.010666607682152962,0.012540374933545703,0.042513168492379634,0.004311665695816027,0.008826269101949747,0.009640422104100895,0.006009586563785668,0.006385555316740349,0.014333751543865595,0.02228643281388789,0.011618604730137488,0.02711048388000265
S0431,Controle,463.8977150861402,69.32724811670977,0.03419632107964331,0.005931506095363335,0.016681535250049173,0.005472164132705901,0.017264793523053275,0.04643237833756775,0.03919052070719958,0.029051916426160777,0.006196684242204629,0.04580246690565146,0.04071549482994357,0.042470222310392984,0.01672692154835382,0.008832944640912608,0.030592495378759736,0.013342696638210659,0.04518605488823542,0.01797686701084724,0.03092626161629781,0.031512544476008535,0.0033510697533958747,0.023024272629343093,0.007289907362947122,0.02495048156238672,0.008084852641351323,0.0017791376479146977,0.020137403757155233,0.011201670670530902,0.013171190071977819,0.047888197595296694,0.009384316753245093,0.003848974173945021,0.018075072776841696,0.010351819257771771,0.04181489268344561,0.062329179264439045,0.036937918615351,0.0061343636627227876,0.012957914705034644,0.01752074731753774,0.0055556822472786664,0.05523494807764204,0.018898532096177832,0.0036182812905146923,0.011956383348191196
S0432,Seca,386.05419955219025,141.7603832996146,0.007610897597541831,0.007092441911590551,0.0033250775623582503,0.05080964445354468,0.009562786119898333,0.014838917066120574,0.04367073885634164,0.003689968225162622,0.060765478664120826,0.022928712250781483,0.007207129811579515,0.0189057298032355,0.016837317393587726,0.004703765759369726,0.013445169084393064,0.023809534197185758,0.04592400863983378,0.07050858821287458,0.02402711371831443,0.034636286705199956,0.012035519356847582,0.023252943443495298,0.0266179232668934,0.0010143845385736214,0.008411779721580588,0.008046221678238423,0.04265335363147501,0.009877634492499598,0.0019571951584096384,0.06106169099957357,0.07132617003157751,0.02420684530574219,0.02309670119382991,0.013596602074155362,0.016391723036280205,0.024722852264910368,0.0065013118856629085,0.011269575530434265,0.021530876206309665,0.009424193297546507,0.020845181159993235,0.023397356251304346,0.028334545858901872,0.007397305687146171,0.01873080789558404
S0433,Controle,349.0603919893186,337.36827367463894,0.01700476846714596,0.005380382420686623,0.01310112161642513,0.007393393881143133,0.00964901580895157,0.025495822038547798,0.030902331023987758,0.013423272671135494,0.13813371506723832,0.02133584963620596,0.004127976819348782,0.008263267093089204,0.02069976630077565,0.0015731344834032058,0.009396954130231965,0.020110880297271413,0.02947801176049859,0.05266080943348402,0.021657657042576627,0.021986075501559874,0.005643499666740047,0.04383498012332398,0.021682126496187854,0.013976512676189462,0.037672133181393244,0.004502274014270245,0.023818169105722275,0.016644917804241783,0.009395774651820154,0.00917445669440324,0.029835133459384794,0.046218214484243576,0.011478971020459397,0.007218976124882917,0.010709240149876259,0.02798095929756024,0.05106114289500799,0.03355321480494314,0.06573986132748853,0.008467589274129165,0.005002739143730259,0.012047442468044142,0.013195334587677672,0.007017855483535522,0.012354275571036976
S0434,Seca,418.9901093276915,455.16345509262624,0.010849548082445905,0.07128743628485214,0.0006191873393533259,0.026371041394713413,0.009956092502198189,0.05032848237652475,0.0013628792306747258,0.03967217545306047,0.00475810919337008,0.028008739212772513,0.018731600954044608,0.01959762659150819,0.013660758020796278,0.015723836941788118,0.01291276248358386,0.009547699690295031,0.02750006082073327,0.011115995778078112,0.02140120621995675,0.029087209668642342,0.011217066883832118,0.022069480784927493,0.055720642516688734,0.03345005216421088,0.022342881252211122,0.014358244751196734,0.04608044456603113,0.0057845556059218945,0.04767752731678783,0.05189077193851534,0.004048649606308496,0.008491636272179647,0.011075654611569952,0.02587701930119096,0.05813496736279154,0.010817717688953893,0.0017675390558445597,0.020678194858059804,0.02366427088973265,0.012162411497808454,0.00661743374011352,0.010461737217655738,0.004770765897348323,0.005136274760020653,0.06321161122070654
S0435,Controle,20.07564977353321,101.26120396209298,0.09492779118727747,0.003989711243135703,0.017325236119544216,0.006343448524653315,0.0068011268973611405,0.02619239456154116,0.0235887441858061,0.04575695562200427,0.0066512009829097635,0.020035649742164964,0.03823534511385321,0.008562151201073074,0.02677141348855167,0.03157825835542447,0.006344233882036376,0.008706423205273917,0.03462416536641796,0.042352588806041244,0.028429805996229938,0.021033233941958943,0.02135088106655654,0.043544086718773946,0.018482116698825133,0.043690718952843925,0.001362223237746385,0.016477059079594025,0.026256304775971087,0.01742836878643683,0.03196192406621873,0.008583158191702144,0.006059356212089931,0.018716248360366675,0.0033270054180179836,0.02109696179145217,0.03038182123228145,0.008592315256557233,0.05180401245100904,0.013457886893060841,0.026523825914239404,0.011014411919354202,0.009724642896563619,0.008819521966343483,0.033284951237442864,0.027008280407507825,0.0028020380457856775
S0436,Controle,100.8910553595277,271.0395174753596,0.003962383779040625,0.002077548853067894,0.021762680738965458,0.017118628193521793,0.02085573499211072,0.00959465882183167,0.0377074294825342,0.005086913891670216,0.0385867442821357,0.017386871208862995,0.018234113273457007,0.02642651821093913,0.006232486857925455,0.05358382391992286,0.020119217734539157,0.0718112904744461,0.06545086803203809,0.021226887590816063,0.05074381793479965,0.044760053122691296,0.022529886340902236,0.010981554513421896,0.015856483356675385,0.03776911469822638,0.025003111068330756,0.0398540370853629,0.009426547573259702,0.006885804392315429,0.011705141231340027,0.02008867551355243,0.03394122600747306,0.011939289668550719,0.017182387061973323,0.0008360148688647855,0.02014307789269945,0.01866414425639668,0.03219216128021418,0.0021744184621764174,0.023443775078431258,0.0026059054542982244,0.010572373872940107,0.019239845706512545,0.03132253736084477,0.01664976918920323,0.006264046670718205
S0437,Controle,62.46183965282154,350.69555062171617,0.037145763315199136,0.016842743113493357,0.008392403689547537,0.01385549046759666,0.011202437539381356,0.029033365737803143,0.05658345146626507,0.0018234466249238417,0.02839379082902054,0.011246788375051497,0.036476316156833756,0.010360892907461285,0.002339501261599487,0.016194585186100407,0.05361303793467733,0.017043016531561955,0.047296280510493866,0.019059027962069278,0.004102261414685808,0.044241780557510955,0.017580116074682472,0.00973862447522669,0.035493566322812135,0.0026595189204724643,0.01695068730445399,0.00805810890817218,0.0037539427571271107,0.014667105049979345,0.008059531456353871,0.04227821283336222,0.021875257044925312,0.003101514859314459,0.012852334215276682,0.01204600419864648,0.013894056960259612,0.042794550622222816,0.06577694784283772,0.03207230755441893,0.007070822964079258,0.01958398747679022,0.02542972008997391,0.0562929713059638,0.005285916925517661,0.014341371162302061,0.04309644109355232
S0438,Seca,252.26549509649325,476.46123424278284,0.005225132875653412,0.026713984550640568,0.001045413274224206,0.018262161454054612,0.026665743982962595,0.01690955588801682,0.016226908614581724,0.0021212304781126796,0.03756569466458298,0.008449731673812537,0.0027456764877897884,0.0254280557788971,0.0017981536329895584,0.021760013395719657,0.003349887843442266,0.017516174602058277,0.025542797091889072,0.030708237783061663,0.032302001937202215,0.015168915035042958,0.0656717393667996,0.006196590428104026,0.011962364474687362,0.011660984077817748,0.008132578055860712,0.03951718108143152,0.019195481274374322,0.021612985406213706,0.002981466894035242,0.13244716129488462,0.007327705314971235,0.05759250499332186,0.011424024610235143,0.022388223399077617,0.03389793219605442,0.0008579738525121791,0.044850377273020235,0.01649967873304456,0.007273785900228842,0.015116576793487766,0.055274443385013174,0.03622284840759862,0.0031825092746767367,0.026836046459211636,0.00637136600860211
S0439,Seca,372.59406416442226,305.03024144358693,0.00990257363574437,0.012788667498991303,0.004467697612757155,0.006012307416242162,0.003973982318527889,0.01241368227720184,0.015768711574723985,0.015085414189557403,0.012850273575103103,0.044886073616412746,0.014358251710848032,0.08452819916786497,0.01853479611398147,0.03720174562061628,0.01668149694575409,0.07881931665516564,0.019052439246591526,0.01996301966831591,0.010765554140387336,0.0010192928275436926,0.01330170619862092,0.011556730896565927,0.018978412651825288,0.010467985312194387,0.0006617575410627345,0.036008505729722334,0.010314219929193055,0.022152304418496676,0.009370343129468278,0.012027181729723524,0.01885668054164434,0.011911465378178004,0.01671181965857709,0.04558053267380135,0.019992998348297382,0.03417782906587519,0.01818426558658641,0.022548088645830775,0.004517644687840144,0.029347651987640482,0.0279304056604162,0.035199516888311536,0.0659444722451024,0.01749191049811752,0.04769207478457716
S0440,Controle,315.0059222881994,127.55346551369034,0.03418372826850159,0.0317707147886264,0.016184406080979995,0.00017506259161119688,0.04531548438813107,0.005818150504428889,0.028915449802415557,0.0066216376612574426,0.05728680301347301,0.008688619657780606,0.025365644565946192,0.008403988014630414,0.023929734078448815,0.011062710450677806,0.03686494461203087,0.0160484069367412,0.0043698160807913765,0.013967637437524681,0.025279292288190213,0.0038633414554796355,0.056714014207612365,0.023884862026983922,0.01965933851497059,0.014829686018037691,0.019437788501106463,0.009029408826497179,0.011909135906864005,0.026794289123143238,0.007856101088803127,0.024111654810727995,0.030434427856704794,0.009673692340294622,0.008268971572272294,0.03537538752512115,0.03584394381299615,0.036503203687554886,0.02561871501626263,0.008984818181965276,0.037634994410827724,0.01304765758162607,0.004817685178511985,0.0028988507236439192,0.04557120211083417,0.0689800833451373,0.01800451495383352
S0441,Seca,425.5655498809675,312.7390784569681,0.015566374135037194,0.018414101089974544,0.011552231647655783,0.014834988242342535,0.05700300373874121,0.007716769679155058,0.05797609712361622,0.0033573174237417442,0.022239450657667113,0.011573062879618136,0.011461759199108655,0.029631885266287558,0.014710223924603864,0.03241460456812443,0.017750714862103726,0.017249985876646397,0.016571654469918377,0.06252710336245836,0.0342659189221855,0.027432223714824202,0.03074747044688708,0.012757718828307408,0.010711037341395231,0.01038304733485666,0.0199121092660219,0.021459544809733173,0.03675189736853562,0.06820283096104562,0.016713028351874926,0.006756525573775019,0.006860007434286864,0.04837527584158538,0.01902744331420456,0.028563642278914024,0.00579890391919035,0.01119762504034936,0.035361429406197374,0.032093270701094315,0.009710343909571392,0.013559844884564482,0.02449118763827261,0.005376637406642083,0.010166339093815084,0.010853982363224345,0.019919385701844664
S0442,Seca,77.60649622054544,160.24558083900808,0.0008428870257577364,0.01438042655965929,0.0067209064299595285,0.0099041578164965,0.009206734342802125,0.017543307439661072,0.012447413535649328,0.0358733427628476,0.02384904712953561,0.05753979876361216,0.024979556665220105,0.0032489971429882905,0.03013326917933797,0.0033685086180817586,0.004713559570622219,0.03983826214391723,0.11328668793992226,0.03504123090301165,0.018751322139335197,0.010931453206175761,0.019172340595882964,0.009760183244247716,0.021768829805919477,0.0050212898321759045,0.021615513637128728,0.016011313175562307,0.005067350193719203,0.039080919438068844,0.03548187762810586,0.037677435230100205,0.010650799151243274,0.009517220803116289,0.020517322793565686,0.05397567356811941,0.03874606248287206,0.0119482386527163,0.01828854704679779,0.009678810933343256,0.012734815117232573,0.030065095121836694,0.023917639152742597,0.02142866398690788,0.01594959389879353,0.030518769203887203,0.008804825991320998
S0443,Seca,367.31054596758077,488.0641953458539,0.019776398332995365,0.0446508056223735,0.06339525724713904,0.051266804176289454,0.03017658514609918,0.01389207532581708,0.02848590434035704,0.024751112540494117,0.008339484965707968,0.008210773131753545,0.00756634582412687,0.005554961222573999,0.012604392079509811,0.017587531779184463,0.009632521280327985,0.02379410333899054,0.05950277767606087,0.033054276193657084,0.027580337373720263,0.026008593970220803,0.013343894951736357,0.012715376717055117,0.0032011603192015395,0.03149713452655398,0.0031170386713076093,0.008860953133771679,0.030534280945127258,0.00960089987755953,0.042134015781469095,0.0113612206859556,0.004191509113163325,0.003722562062783817,0.015611715868096076,0.012533032501916704,0.014148916203898503,0.03895186937182858,0.020124665484502476,0.021206926732045814,0.0711683703050616,0.02336271476172688,0.026368504929743047,0.02843682157691699,0.014685040536169914,0.01827889117732772,0.005011442197681792
S0444,Controle,96.52074543445205,199.83806758181842,0.022866039955595857,0.0005695659643834059,0.014413119219004955,0.013051287132725825,0.0062287117625507114,0.00946258074953074,0.019933953806207612,0.014721390897238661,0.002317975871361276,0.026639010905540522,0.015864499003603136,0.043836004416351965,0.023219229257822216,0.016295590434008734,0.010079382078309034,0.019220288276362546,0.011252337681369521,0.01409052517699193,0.006147582633904659,0.09387507749744856,0.012116906663998128,0.0022325252710567603,0.002367127734153392,0.06497677955043034,0.03575594913733682,0.006445946820902775,0.034667477468303405,0.014101150575472449,0.014899859075972386,0.019382219369455434,0.006546301149961137,0.02187667729146857,0.029668959621990072,0.05734317556387503,0.02414733122019236,0.015341203390356098,0.016726869490015225,0.027289327206232842,0.04049537754774192,0.031774255159329946,0.017048912678588612,0.04710053493601725,0.028787366743628497,0.009833562495908334,0.03499005111730034
S0445,Controle,135.37937565890013,342.7138603805071,0.059050882407735296,0.003973805329092491,0.02839586721189295,0.0009540222962948715,0.020618582518816694,0.013610845064704245,0.02403673678615577,0.023095887191773645,0.03687372496579114,0.008412703627759801,0.011036150367754748,0.009784077892078132,0.009750587571802896,0.037568637235734274,0.03915453569609822,0.006259846153451796,0.039772598960176334,0.007414620255780377,0.0521871934303612,0.02901322799072406,0.00456868065274404,0.05555995905414927,0.003599137061288053,0.06293009533038878,0.021182158224904407,0.010734673599184204,0.010529426981025887,0.011238452309990772,0.0021164542501859347,0.011756556387277815,0.02067894368256956,0.013541321781602778,0.0427431404368963,0.03659691156070771,0.011141811286712997,0.02528359961876028,0.013286119560174498,0.025761962418096664,0.04519491291662042,0.010894130243290362,0.010107778767697485,0.029026398999860547,0.0029213705111302032,0.036676321132016174,0.020965150278745927
S0446,Controle,354.95234864065196,11.61379117337924,0.01631614758101373,0.008967025118316034,0.005906103694038304,0.027852086877428208,0.019562413608966232,0.006661443561767481,0.011427546602307052,0.009780604922174908,0.05141406185610604,0.003765426739544012,0.017312819801814705,0.021047583022605638,0.020256437158995857,0.025848733666023162,0.008330953177065064,0.017794106498094615,0.004190405311434369,0.04782105141655105,0.03716200013349392,0.002908639085033406,0.03728082206585484,0.027134089012761903,0.002534541207282542,0.02583610074048364,0.025541347528681344,0.0596915667644795,0.008457561316344791,0.05642734704182777,0.07238373720076828,0.00496155440070775,0.022582202336523343,0.015219184462542118,0.005042595806424235,0.010781166178119795,0.022124450928699,0.011229385663895836,0.04401491747106729,0.006256652517217742,0.03232908196337359,0.015840737321785692,0.023030796537900255,0.017271422961626266,0.012581822296930813,0.05625152208677021,0.020869804355157548
S0447,Seca,490.10239244934087,200.0307230673777,0.02211494996470748,0.008021104311912566,0.014289495483455117,0.009975021125076368,0.009223533532205863,0.01903776659532557,0.018146113757176955,0.012713399737416474,0.016207467741285585,0.03412885163251583,0.03276018720363161,0.008413743194178067,0.10013844194629908,0.086958362060713,0.020825896961827423,0.0488930792334378,0.014948540470408084,0.00998750135043547,0.015130943844814015,0.01407258295223979,0.007366240610095634,0.023464285442323585,0.013257593995895081,0.056223380409789955,0.008953359400365122,0.030288921454085085,0.01724413343077307,0.007746389694022644,0.012508484469422373,0.014139939457275845,0.03191690754419114,0.015107247984370194,0.012081023222522297,0.011280260407232888,0.03896042624304657,0.004899613396201152,0.007222372036148493,0.02324401866443805,0.029655398869566463,0.03530495472073336,0.026510742505026344,0.02380227379210717,0.009387307863185326,0.009898520173569013,0.013549221114550742
S0448,Controle,305.7718029885348,437.5538066612558,0.02084552515156809,0.002654543979753114,0.03410453984376282,0.00889769772651641,0.023952035052345916,0.007491198968125471,0.012692964643358888,0.014047733149410895,0.005220140936564518,0.06266726433684958,0.04872533281640376,0.0954695930166313,0.019206772065023605,0.02552723509617109,0.02271582414887877,0.0019660000056824223,0.03224322651347557,0.020473777949649594,0.00810118163028627,0.01576638105983318,0.011729371548149377,0.019989743160141845,0.04687610933612894,0.017627068171218743,0.04792770134343301,0.003894376973468944,0.03498922852984849,0.043355645172198934,0.011572012319657227,0.0055204388567708235,0.05270581049361405,0.028085204171383524,0.02744432124833472,0.00788214089172636,0.015540598203148548,0.02387209040749131,0.02629873869194875,0.012614964106869206,0.0020459067568505337,0.013113489842925175,0.008971875235732724,0.0066350095700918035,0.005539495694881321,0.038863484229551735,0.004136206954142672
S0449,Controle,27.250157495647798,305.11372221662293,0.020140039699541666,0.022937120667020583,0.0017249169473430147,0.013941523418184318,0.00578540119228395,0.05761795037153417,0.022983792023286407,0.0214554050595435,0.027413466211168535,0.02304252703981986,0.023940803541479764,0.065936327708707,0.041463496420521835,0.03151015043900752,0.05111430908066774,0.02523052398534101,0.005624234314846566,0.04223089121306785,0.011608477054135265,0.04853029492623538,0.009820967703274341,0.01630079333690372,0.0121284314594348,0.011778412386250157,0.015905886265066126,0.009531445975793616,0.018923795560881418,0.0008485568671205929,0.022660330250316406,0.00022280626984743393,0.026222829415889597,0.010567606778419052,0.018008559488473956,0.04456006134535052,0.01939908393523404,0.016031946254696606,0.0027756508141845953,0.013878726664549115,0.027496094441208953,0.008391658941349717,0.02524807754844862,0.014171297728347767,0.013634157250395938,0.060483203626844145,0.016777968377982976
S0450,Seca,308.1544849637664,221.97144319798818,0.007177956710393917,0.04785687248196048,0.0024133323448296,0.015215432413164141,0.006290620825603968,0.018306160724961985,0.021267998114535766,0.001635257314466369,0.025827392548007148,0.05093153622122695,0.022763433185505343,0.019131012487533954,0.008779235014229477,0.030104089084032042,0.010927470074719666,0.004905690018078801,0.01687705497260027,0.006867452689146745,0.030186676848958323,0.018405535097772343,0.014687232557143366,0.024157338004179723,0.012186988861779817,0.016260133018365232,0.04624032272213697,0.0223107830362795,0.023806305431329847,0.00662725679532363,0.030096122865674695,0.012830808326809688,0.027631094242808067,0.005853509328578486,0.03639971223693123,0.005232298687046562,0.05960930879403898,0.010523980360674022,0.026282196060625065,0.012462752866036136,0.023201183660145928,0.013508062404593646,0.017101594197930302,0.029640226246794858,0.0017506006515184927,0.036422862720557225,0.11930711675097132
S0451,Seca,21.175275790083546,467.968749717863,0.004448074476995062,0.009606604528731626,0.019530591326320287,0.036704977737119164,0.050858507588510814,0.020449639463029672,0.005569811894523284,0.010898328915079268,0.007414359242785078,0.022055805806529608,0.004339836131627994,0.030689876750173473,0.010483190409831557,0.005218284625275164,0.01357994620176258,0.012882251528709865,0.006079241457538459,0.011696557254479233,0.016264663815488217,0.051593269377460796,0.03784715611233181,0.04036688750507824,0.015210604547135635,0.003046465968519009,0.045022162978159426,0.04886980410119839,0.023912721599298376,0.013607565769751069,0.006021473633771597,0.0173495255017742,0.004635859835373654,0.014341525571698821,0.0866378563117764,0.002741580550126992,0.013626658794528445,0.028612605300129625,0.013245966926607039,0.013927959886496302,0.004724844677623655,0.029112675248779078,0.017920535108186662,0.00567800173759659,0.043958214846969136,0.1013053988730341,0.017912130082084518
S0452,Seca,442.0728556834086,426.99218807361456,0.0036754323894590086,0.038351647834760895,0.01490548380732156,0.026985473381054125,0.012113525039123227,0.030884050336470813,0.02234815801714749,0.007726433408242628,0.013153761621102397,0.0027677659674773935,0.015243661074860335,0.02632976160667703,0.03118105927663952,0.030632390144782508,0.019414490610315433,0.0011743927535810225,0.024599325531842853,0.00837385832179213,0.02373180423562714,0.02251686268056686,0.020878494613070966,0.016099095562520052,0.0050552040682043655,0.036567884399473165,0.01920736841335566,0.02940663739967634,0.008072228664967027,0.019963084526928326,0.02549565203615276,0.0128460133087693,0.0175593747655655,0.0057857907062007245,0.07432996533574004,0.008456749278748506,0.029319604188618002,0.02320175082307875,0.028341781463869977,0.02513832019664379,0.005622411891218096,0.07168817027545311,0.05130105988039694,0.03468372190853946,0.01775624210664219,0.013125635537913042,0.023988420609409342
S0453,Seca,354.7891425503104,161.10783691146912,0.004221998613704607,0.03541884410917252,0.0029581485516447644,0.017805945707436235,0.0033983226502361675,0.019194597155430954,0.0076315352623940345,0.05005336008081712,0.033866427300659245,0.023996321369493374,0.005125629825480315,0.003974025176518928,0.03475835674291353,0.023052596245655848,0.02922618546628201,0.049201461378547015,0.015756878006880387,0.012433457106343068,0.01961876104758405,0.009825280782767551,0.005831160394330879,0.0038343062089398806,0.0488647059343499,0.008263813265052036,0.007466186019140554,0.0317432859346271,0.00458789361658676,0.014619698745676814,0.03796901750170124,0.05039934775793964,0.009635211963283258,0.04216259779456294,0.019487114045368972,0.02239240332094128,0.031847255824477776,0.05892813999492579,0.012704383203842682,0.028425801223773983,0.07731583832345822,0.0045968443270140045,0.017295356760660543,0.008999190179261419,0.02457216553340004,0.011634296324823531,0.014905853221898914
S0454,Seca,86.56392321125162,272.2742010206698,0.011485118163967632,0.02019675995824988,0.026885157212117566,0.028357288878001343,0.038371747016541204,0.02199769538148999,0.011142693602726149,0.009850462118816518,0.12010841729098676,0.003792358518378953,0.03386736741263958,0.004296151282314674,0.09274795601589232,0.023452004658485952,0.005350194080043434,0.011134647161512653,0.012813606646506262,0.0032545843624599054,0.04234028102153263,0.008246648842208215,0.0047367861729421855,0.04068443016377422,0.003465989302419972,0.01589830916746999,0.007318834520910442,0.015043515297546927,0.03618950689794762,0.002457287678268114,0.03591317421124925,0.023099026550849628,0.004141015668266252,0.008722691878343309,0.015125129103291494,0.0023441594364868768,0.010060765138108965,0.01667414911905157,0.05024083185361982,0.013403257104425744,0.012614700554109858,0.03779404191338636,0.007902140918015745,0.029672352810499066,0.02659563311192224,0.02233234590616438,0.027878785896058383
S0455,Seca,45.86050291209903,244.91212804623135,0.0062048624983087,0.007296570000118927,0.004799214720727439,0.039150160823388375,0.012247099475256342,0.06631781679211211,0.039658811938921484,0.00968410684890992,0.009659301902754174,0.05817973136326808,0.06239980271829077,0.006282784129024043,0.006865128340257655,0.02216432208914755,0.0017558296023995035,0.010649073950142246,0.029341555487849835,0.002906307915747424,0.010379739518645308,0.009393935415368235,0.0033441992356188703,0.03784438292341511,0.012727271206098408,0.008158013080425427,0.02217553390632016,0.03047288120364027,0.01735056666307812,0.05083033536791154,0.009135565388189352,0.04697718724834567,0.01628373158641533,0.0013064023054064737,0.05136809302124378,0.03334807142420363,0.02914112612559177,0.02459221234067778,0.019740165672215076,0.01524494867795842,0.011599452424630967,0.0117974696014864,0.01163856940847105,0.051038579495246754,0.014934570720337196,0.04110337861500616,0.012511136827428234
S0456,Controle,91.76661444015949,316.1012500574312,0.020279958971558508,0.008288100296238178,0.022964068628129743,0.051259225856504546,0.02714541539280012,0.017640011564282836,0.009627259893312892,0.0494290483891287,0.009056772840251654,0.005942738609388553,0.0077413854670155356,0.027503410536865124,0.0027932663271057257,0.01141710519344826,0.016979757764473285,0.021719293529410245,0.019058658299349808,0.02990081277765984,0.01695630916714268,0.0664606565003253,0.04960236577795941,0.008842971842868712,0.14328474059325283,0.03930159103652148,0.012027727666835906,0.0044233061743562145,0.013658927694063036,0.010610124148496106,0.0035837090945983535,0.004570299743265625,0.02731855579475145,0.009162061674542468,0.07871621310464653,0.011176814172321149,0.01697837472247619,0.0018740498475741572,0.019071810119220583,0.013368974137434169,0.016324918132833044,0.0011425117557032022,0.036668250806865,0.00630268536686901,0.009044556599933282,0.013407885385216891,0.007373318603003642
S0457,Seca,490.01358977709623,167.0556334793778,0.019561908383075078,0.005401673890758611,0.004964983846783393,0.023019431690267,0.03444950109291851,0.03632387741915658,0.020404425914638882,0.017122703427136406,0.009022651248213016,0.014506621770594693,0.010728738713554118,0.03266929634882661,0.01803540664586491,0.016072426763720282,0.03017976224146722,0.004205121451913987,0.056771451779111054,0.009136653713655128,0.017405010417219556,0.005623015072598084,0.036481380469643096,0.023197715692135346,0.007126225659876224,0.008923404397217565,0.019186851121066797,0.026224978725110707,0.01368306732176402,0.00945566240228225,0.0075548493262604585,0.00739209670352237,0.007738600762522582,0.0588552032605294,0.013568431440430658,0.014290363761728406,0.015410703730693016,0.021964531565492357,0.025255202904448135,0.05127939265427091,0.04141025055379538,0.07399533547208169,0.022604306053675815,0.01059739274473421,0.041838258471574186,0.04525048436998849,0.011110648603682933
S0458,Controle,229.28032122924492,122.10250038294413,0.017600244200766384,0.001010900783391639,0.037200213853678804,0.003202448446035968,0.0219402407551104,0.005311633008445714,0.03129161412409871,0.03709077991130957,0.01854448827086876,0.02452103952919138,0.047787841182893,0.0132083720267775,0.04381193749201255,0.006729672580739449,0.009413951640563675,0.012272328245399717,0.010726744539567179,0.004415385044528654,0.026073701265065915,0.036290286352320365,0.008668162536396845,0.01345040131902143,0.026016857387914163,0.01221567778954098,0.02879659734168493,0.02061536756851801,0.0009201139670419616,0.013566694634049999,0.04072723642521592,0.003071912764578061,0.028549709341101185,0.0032601020060677747,0.017623525026641804,0.07594694166298172,0.02715235122240852,0.019679701729177917,0.03960689390659819,0.03998122250753224,0.009117431684080612,0.010890604945261187,0.011529937028986331,0.050221180974106196,0.013328842585071178,0.04852091829168939,0.02809779210156812
S0459,Seca,392.040474170704,456.335917627768,0.008560983490364351,0.03086378361006139,0.012647092824654852,0.0040630333147603295,0.02057798775459766,0.028648008254912538,0.02342776997413046,0.009296963555199692,0.03880766554440256,0.023923928801048325,0.027294032712670016,0.028308867885981342,0.006963560875627777,0.02041894179024308,0.01599596437354219,0.030785519352246295,0.01258685001442548,0.014081562219340387,0.0246046080313944,0.0037216728014778044,0.008248833540752365,0.012204058726190351,0.008246142975055645,0.011011233138166036,0.005230924275925887,0.023782918850025172,0.015028319815009912,0.06487204500594965,0.04765865978195253,0.013536199381237535,0.026743931007217444,0.056651736683709444,0.03428935902820455,0.05620305472330057,0.0070288932684309455,0.01905991549229479,0.0063364073332208325,0.020438631134925937,0.018736977096529953,0.04612527849374393,0.01402570465505893,0.04741628215519635,0.04176982855812297,0.0022851925481381166,0.007490675150559154
S0460,Controle,318.20417105388844,461.93724974925317,0.029088305406013367,0.003718823090480103,0.055042372454379054,0.026817464448324398,0.006125950486537931,0.06104624453201963,0.03175314579801044,0.019566651214779976,0.03301763966218948,0.021721889896034387,0.03104576472167893,0.029393745201974218,0.03250727003806552,0.020682235002699577,0.053620030693535256,0.014408298183021528,0.006026980907522296,0.02897314962779611,0.016420541051321517,0.0014490154167768913,0.001319091009930035,0.014085987908565311,0.030070006300175776,0.02203108568710122,0.003088261573427926,0.037097592563364326,0.009346956436065902,0.007514459854250452,0.008369051539951112,0.01461116473037253,0.012833394399166644,0.04302110151391713,0.04644528382877749,0.015727370878371668,0.009743185966458758,0.017637769096552493,0.034923935633954024,0.003083338045005674,0.011789878082966014,0.012660303476576802,0.01689829645499804,0.02721180344634447,0.02741356950936634,0.005965679561727009,0.044685914669452154
S0461,Seca,286.20657497931865,421.6614428809895,0.00042961976175175836,0.024772619502956127,0.01500276722818167,0.004414524360123372,0.006185224557561308,0.002675676970852381,0.015919452105215462,0.028953931058494812,0.03763190749384122,0.005967281088030896,0.01987546958613904,0.005070719178783609,0.003074271524063202,0.050920083514422475,0.024174582614754966,0.009531736769275372,0.0023871339699085624,0.006437646613334039,0.02678733034690895,0.00676716355501097,0.03164107127261212,0.008083416594236234,0.01557051888916255,0.003999674300137043,0.04830024239785201,0.008492299419045777,0.010080267757353364,0.03706797415062091,0.0018801319473849727,0.06029481603781984,0.06721020326386655,0.03426313959654736,0.04136470701570132,0.042398933671450784,0.01313348901708716,0.010351300683913753,0.012930688472920976,0.017507661825902167,0.007748317819549672,0.03293052088072939,0.02556377918024304,0.08613124754174387,0.015811452837355872,0.021689955311054828,0.048575048316098185
S0462,Controle,72.56512733252485,489.10221538228063,0.0162067150697937,0.0012777427326974803,0.061279511585228395,0.0007983553124209646,0.002910017832205282,0.03913972873287485,0.012705964438934254,0.03127234432354157,0.02736111892737052,0.01420530346165338,0.04243006001252926,0.010667615452373776,0.0026977620896826717,0.01126795202732659,0.012816994934102918,0.05855407864204998,0.010970481704659401,0.004968918260973764,0.011805584673240978,0.020963118792489636,0.011728154251655342,0.026083454664460343,0.014995860429810333,0.02512579052053584,0.0058311747383105045,0.008285926824495736,0.0749281532368268,0.012854087036226324,0.050433338896240465,0.00813822930316877,0.043852455964740605,0.06243397589642329,0.023513004296432778,0.00052653398979237,0.007368018328267028,0.01584621789990295,0.03758209352829726,0.021903471727685794,0.005740568976871314,0.02264877825858664,0.016159389896157714,0.0096905366197716,0.06253358869696703,0.015135858129047686,0.022361968883176014
S0463,Seca,473.0122267790475,372.4957628898443,0.009188592590245017,0.018875297105410943,0.04261519200045226,0.03748192866438703,0.01886449807427,0.006016295270000163,0.04151512846876523,0.006919422458249529,0.0027538059067056197,0.01594094167716174,0.008498207413531328,0.0022784996611986425,0.014205273478750332,0.01882612083695656,0.05534707603829666,0.006962771729840466,0.08282265844095765,0.00904117145876115,0.016996994292119184,0.013767634849897958,0.0166613260391993,0.007901665651801336,0.012329942364711943,0.008313288367256012,0.028520230732635383,0.021087030369268494,0.01695826604623874,0.05620534024745003,0.012767828217389107,0.012509004038995648,0.03867138791316383,0.010801166578531168,0.002986880669249984,0.0097908302028538,0.022906631319919615,0.02352637752692596,0.008850591550258986,0.024776896957228237,0.01657448106249749,0.029185236398290824,0.005945982535693581,0.017781053292951675,0.06601811450605413,0.009624445848063955,0.09038849114741344
S0464,Seca,150.67131625735897,382.3336142809998,0.024600702007543343,0.023493499967222706,0.001334980868345766,0.02022125815971722,0.025812989089244908,0.00572074185112714,0.004646498803929363,0.05165490149685699,0.011709496024645142,0.03381359360560303,0.011962208702645756,0.0069684480288763236,0.01884633404010656,0.008943299464866997,0.003693672162813484,0.004460360406785989,0.054513969066960585,0.0017637951517619113,0.028387822648626233,0.0252923052981332,0.0031381086672388437,0.033825135180482455,0.02133574624245393,0.00579843330120131,0.018835954522895004,0.024905918204813193,0.027541484879777558,0.012202246114465375,0.01433271320867597,0.015521971648098699,0.015140276158638225,0.010229862563412235,0.010509821455060698,0.029433442987103167,0.01571071005429223,0.004657605122459543,0.053453050007017604,0.08899792920697748,0.00984704280761555,0.020081037031695028,0.012910422054500768,0.050473171282431235,0.011186660422344334,0.0774885125516495,0.04460186747888764
S0465,Seca,289.00860790377106,381.29504598132036,0.008323486640659239,0.019550835042034406,0.0053855155076447,0.059571212116119814,0.021841283448936644,0.04213412962816056,0.04592694801654041,0.006928150763597138,0.01513564720045919,0.004185226953237025,0.05845746490404368,0.04731319577824189,0.017474947000037544,0.009106516747430057,0.00537631816409432,0.008319171855447565,0.02652190990445645,0.021661942989593102,0.021078458843316314,0.013774565257869359,0.003406422273262955,0.018997073710217884,0.03982006762679344,0.06773341159122549,0.006117645933691867,0.006307522281284992,0.011519346313780042,0.028286860620352815,0.016485920804068292,0.008392504906524231,0.037316581383530584,0.0009841845626703555,0.006687086854830485,0.012675861870074478,0.05702308630149687,0.07095350393546568,0.007871736119687186,0.014754425045064986,0.016235233259894264,0.014193805810748744,0.022991467858027703,0.006440486923453685,0.011903727690699974,0.025950269946806055,0.028884839614427643
S0466,Controle,349.88797229453303,240.30381547115326,0.04883380087570758,0.00815787744860012,0.014488425354966153,0.029583270797819236,0.01908989625130137,0.009313716849622159,0.014386492615585332,0.026145068411402936,0.019000557166383346,0.036931527723591234,0.024159170823460516,0.0264594027170842,0.041433831341123946,0.021791033135609664,0.011546290009567708,0.03305574704505195,0.01493633102242885,0.0122760274449891,0.02176598658093114,0.05206102981828961,0.010791006491188177,0.004813447287731445,0.04201630586196991,0.04166646298721105,0.014321988736992856,0.017563125363378434,0.012340963832181941,0.027083556017754196,0.0170821782969241,0.05168427575644341,0.017910275417581983,0.0109119050502028,0.002262636956328064,0.0514891812394427,0.018328655861116754,0.004649014887719494,0.02191215916586815,0.013018081592037592,0.005271861183598977,0.009864859387667117,0.0041916220638800045,0.025968532133623348,0.014815633781270252,0.02738393820132486,0.04724284901304625
S0467,Seca,324.61657762265446,228.22609725713582,0.019954366729099934,0.01535724140572546,0.001847028314528084,0.036344758494720075,0.005735332003861756,0.007424905219473702,0.024608865859681025,0.014917827455198186,0.005554439815615781,0.019073640322084376,0.012898005629627477,0.045670562550334325,0.022880508323268337,0.015846184688960666,0.021308250237515015,0.04378323374566222,0.009542944513689897,0.038022973798056414,0.047479828063317325,0.04229500386027667,0.026587411753840853,0.060258912549471466,0.05377037053488155,0.01450158993302139,0.00856191101760881,0.017883364462283047,0.01733469474236854,0.03851255617193964,0.038593129065663395,0.007784607677465418,0.007392724488243211,0.016974997760783612,0.026727260305219724,0.007028156368545589,0.040210984922516846,0.01779526342445784,0.0304891150380313,0.006106830221151114,0.011165575528647036,0.014144983376578166,0.03463242906392249,0.008811871037589509,0.005557235694297793,0.02977344566047884,0.00885467817029625
S0468,Seca,470.29720484775925,120.11313807450158,0.000493504913483523,0.016826459284878605,0.006207234127300034,0.03490028283186001,0.004686578698682652,0.0011584678204170406,0.04433936620804862,0.023856745440741744,0.008134250084943357,0.06639269942614938,0.06413567120245517,0.018394420114370848,0.020370576803785498,0.0022547462950206934,0.007140447480575893,0.004262910569260304,0.01321603858774917,0.08768976740157824,0.028236015790606576,0.06185359912643076,0.010483705660163645,0.0237953257733989,0.017942895290978894,0.0035008964263036372,0.0023858039464479566,0.06008287111100078,0.014296209997944046,0.009984240370734114,0.0010498425230139853,0.010112644854421829,0.02404688250770808,0.027079653315685313,0.017872056920866682,0.020207033160550586,0.006511529500460842,0.06326712827142217,0.07604357344396297,0.02699333354751551,0.01477877862521952,0.005365374749675708,0.003709757244040392,0.01936241229635554,0.003354349020271282,0.011237761488170087,0.011986157745349568
S0469,Controle,74.219494960029,322.40959717964523,0.032097249204265925,0.010838319562110824,0.012575991157668234,0.001504246757073609,0.019752624214404914,0.031087885360563235,0.01149657131682459,0.044057676228751924,0.018779429387495952,0.01287467148929325,0.08405693018042733,0.05813841315563177,0.01213227152548772,0.020019238602352073,0.019895093120386873,0.042474519371657485,0.0041528262935903925,0.00936696241853753,0.029791743247562022,0.021555234003213877,0.03468968584942381,0.009819919962566145,0.0136130804400574,0.009934216456395722,0.007782719991961904,0.0020019234014093824,0.06667500199584131,0.043940799630622876,0.003233023557007409,0.01815136735690907,0.00673050212405073,0.000251147454993573,0.0471167198073177,0.003551671927608233,0.002222817786166403,0.03206990804999304,0.05417274392595825,0.03354095844290198,0.00498543539014619,0.008450274068422718,0.048491047499588755,0.0047190442199855085,0.03014775321684797,0.013033372204317118,0.0040269686422072645
S0470,Controle,254.17636922347103,144.66006805116726,0.0337297789417518,0.015042046410112654,0.026169662543394395,0.004856068573958525,0.008177716782311406,0.006436914216098092,0.006828359358065383,0.028204760486629572,0.03582735304053841,0.002582886235632442,0.005258783477821969,0.006952068790994338,0.012168191457326881,0.06244964574863525,0.0030995522662834725,0.018076984917215624,0.009054934295320543,0.019456582938821,0.01366982437504393,0.017744664031341572,0.0023225003252457846,0.03623406431483263,0.06897548733410841,0.018511662020584595,0.023375815893572155,0.05471158160948733,0.016272080429961155,0.014460814142635003,0.07736274869008641,0.001935980766920311,0.030832963613071095,0.013461752420130889,0.04980851536133985,0.014821789634051112,0.0299957204287134,0.02936161835415697,0.02843174913867274,0.011963644415932688,0.024369811545778632,0.0543992952329346,0.01662472453601045,0.011588676416676965,0.0024733887127238365,0.01840080968771181,0.013516026087364144
S0471,Controle,202.01719537038298,128.9042048511772,0.06843564004932831,0.005193578351168153,0.020988674045235564,0.009166288712121082,0.01968206477260614,0.016846430918931475,0.0011562760330358834,0.0055030739492352276,0.023351269442676556,0.016670099209022283,0.0028615158458741505,0.008909886152308913,0.028052230965543885,0.029613231672026438,0.037723300704736895,0.020262353222930997,0.012995148692531183,0.025083955242272266,0.016872544874360372,0.016399622839070635,0.020654651929197094,0.02930704091120219,0.016828726857996815,0.03629350606791931,0.019324407326977017,0.017017125652870616,0.028685204878371832,0.007130028924686005,0.020547230464261313,0.024371555589369338,0.04152034066179243,0.003979016191212565,0.016079397952824686,0.09558688791725423,0.019469081815473188,0.03321749118584791,0.007775469803182895,0.016121739362280178,0.011848252094793902,0.0025796212943576756,0.014598046096059875,0.009994913600399292,0.014983281519563544,0.016468870724677825,0.08985092548241182
S0472,Controle,237.08436474130906,292.9806870480274,0.028359184867879438,0.012264562812575873,0.07679770311514471,0.0164638513870207,0.012944556274821063,0.0325482529766096,0.013432718212597974,0.03456852790498921,0.013692486800449804,0.016462973721237496,0.011091208183117676,0.020553230770113975,0.007576578513308573,0.030184571052927548,0.006346628479411235,0.010599597390063826,0.020100989609620694,0.0006109950954458133,0.038278504188963565,0.07358617657862067,0.032847023513522415,0.01438727958941047,0.010324941582977863,0.01542811225431254,0.032353819053160905,0.048710516979507484,0.015573879707455232,0.01286901194317477,0.010916315406719699,0.007100594123158882,0.00656387405371148,0.02390956986260816,0.035455110943595144,0.027149541474398582,0.034041616772480264,0.014568384293835732,0.07823448632281754,0.017824956218910257,0.02032520586773218,0.007446862133052529,0.016350886148978977,0.00917508259548137,0.004077282620932848,0.013585734543245635,0.014316614059899539
S0473,Controle,59.60876309887231,204.99119411252158,0.0179499736813489,0.0071496515802085625,0.03041637700595182,0.02887109758672495,0.018739799807967493,0.03424197595083415,0.04952172600534153,0.016062953748518485,0.003835907559488639,0.023792281950674066,0.0181098881713291,0.015384853383482918,0.003295549073651114,0.015057271134895715,0.002168045269619506,0.008597569451181154,0.0064856186358845085,0.012925494931832414,0.019162403936689595,0.0027306745392312644,0.019792630938920638,0.005801005413762796,0.006526745356531714,0.04314707385510305,0.09288845987898921,0.009834494594645261,0.012716116038314842,0.017779863132723426,0.10865088705882354,0.028447110138706447,0.009291569451149222,0.05876650223631476,0.02325326860987654,0.033987944608632734,0.0026348836412924234,0.026357134927488025,0.015732232392607102,0.01709748200620501,0.046281062835655584,0.009684844422059294,0.00531987676224891,0.03140329337673389,0.008588574183829729,0.023415968079397994,0.00810186265513189
S0474,Seca,67.04730493638267,109.4283043973161,0.021051429874629497,0.014960179597954957,0.006922251208253195,0.04506555160440771,0.03300066077578961,0.006847994372007456,0.009075194374679374,0.04987844645667498,0.009922467729321571,0.012945680180219226,0.009955711443190872,0.02332453541504185,0.00730465114721821,0.008203910985983198,0.033678207633497985,0.0687393654194095,0.0016882435611672644,0.006113342888383142,0.023387608135653753,0.005834214770132902,0.009170794640257694,0.016634634678437205,0.027810997383395215,0.02921908814803595,0.027504708164551382,0.03881007534985011,0.014321550809892064,0.031813812911918794,0.025704044188782166,0.040163334390731255,0.008852454176563006,0.006304351272516701,0.10272775501426465,0.031079830100002724,0.011888129414903711,0.008113971373588135,0.034884837211927616,0.021600555542106915,0.003456692807663408,0.03179196481578062,0.033612650629578945,0.015216659407591003,0.0019246451354209767,0.02568096784927215,0.0038118470093516715
S0475,Controle,139.03777289062867,408.0280083764156,0.025893081709806535,0.01303251003844737,0.04029123436910786,0.006208595977713279,0.011858591103140206,0.019732015125900816,0.005869935937212883,0.02642502239599606,0.03011994606438501,0.02240959081319255,0.05248885330518741,0.007031265780536709,0.0901770349011181,0.0212550245412394,0.017786957073548423,0.021191016822234794,0.0031590346183229655,0.024040972561626912,0.031983101619629715,0.0052348711990351,0.017664842648440877,0.02367092577797631,0.011397909438232705,0.014011017247111682,0.03573934325384004,0.010413172056714904,0.06016270061921248,0.027097813320247906,0.009618169464618504,0.004600346821642549,0.058169724557781875,0.04374143128056096,0.009379042064524015,0.00619015010942545,0.005494207572896276,0.0024298602228879137,0.0031843082873421547,0.03413057348377772,0.03407014404449232,0.009424104594204032,0.016792287501692225,0.015257942055712572,0.019384180627868605,0.03731183820865868,0.014475308782755155
S0476,Seca,152.35230188041567,430.284959647188,0.008357687301405334,0.07518940041949625,0.017963959827971943,0.023030198098860324,0.031749182110597074,0.02883432168118981,0.02800147342605847,0.007814527606967742,0.01811467108644072,0.017044324905754596,0.018255624233769648,0.01204846531973406,0.006370204246087852,0.025158454411752035,0.07314539011781547,0.02805589321693854,0.010336002471323323,0.05536396419513003,0.025309863858804592,0.03714763927158473,0.025235404828513563,0.031721809496053396,0.008934505154416095,0.014247279690748314,0.01881665916298545,0.024858737294899937,0.011441859040158826,0.0033316632503227507,0.02188427039711675,0.022686911855330404,0.03146881542754628,0.01072954358207344,0.023317518821760155,0.008900003516962927,0.012705143453676408,0.006448149773298316,0.008391326325947537,0.005626738375289522,0.02891548986817545,0.00974053150856996,0.027322286964711118,0.005280054103551993,0.025834940545068002,0.036972378122437394,0.027896731632703547
S0477,Controle,213.951606840675,83.84975983889048,0.01174397059984322,0.001012908235160022,0.0069511885286904435,0.0022219135493312583,0.01661731842212775,0.04883181296149144,0.022215275478348877,0.01190439644920659,0.004947240537670461,0.01642444514793422,0.023682061577808746,0.005599819396631534,0.001558620035024677,0.024631548437062112,0.007696885580702422,0.013022930699691519,0.00865753140709667,0.04346857000914051,0.07619499127167248,0.0011765287869822303,0.026315349859628544,0.07667187617787234,0.031183586329911226,0.03120199265969144,0.023312414612932177,0.026243766024835875,0.03049741684119976,0.006450137993329477,0.03083902210678358,0.022954471552921414,0.007628377714546016,0.010312103864059357,0.033329920090535946,0.03135149031908806,0.0066913578491114775,0.027153864387737016,0.020035706057643585,0.0209223896551411,0.017235213912208107,0.00727537713824382,0.018655383012379043,0.004587066035557157,0.017965812561260213,0.060904005647334135,0.0617219404844321
S0478,Seca,305.49377351831413,3.7535163999999344,0.0010398520574909623,0.02597255281438863,0.0042842394081218605,0.028011779557709716,0.07061258888928323,0.02193854705485037,0.012709135205100582,0.06436984727203166,0.0026380395996558775,0.00719127601860294,0.003961249303009721,0.016626751060556187,0.023457791725953928,0.025030263534984817,0.0028534434457494046,0.013885746635835085,0.007850970870906384,0.002123451249304246,0.018404520744732495,0.005004722475003224,0.04765761325714229,0.06097589085534556,0.027917594052593385,0.008084545456051645,0.002777627954250456,0.006950574534648309,0.04518657596181744,0.0152762234524574,0.0026534893537014715,0.06821296931231165,0.007888070947961389,0.00552869082455281,0.05413900327341434,0.03288986338787705,0.017557432379493993,0.022218064677089457,0.006535870914248979,0.029522263176669887,0.041155289810131154,0.023808106747362754,0.007144408826962985,0.03170621535374745,0.04035051478772621,0.006025663577124712,0.029870668202046043
S0479,Seca,317.3145587091315,168.06498426468687,0.00254195992447052,0.028086511932425815,0.007347505645074599,0.07079606555715377,0.08342362519644068,0.06425424871386225,0.01454347035701774,0.01023146101453797,0.052457657158134045,0.008413657600490034,0.043194598075994475,0.01324815033835932,0.017551997171609296,0.013890101160082753,0.021532780537069147,0.050505055161768,0.00989655044915819,0.009781792121512022,0.007584799792893278,0.010963702257866763,0.06262952979235668,0.029968904804798926,0.015768423729825343,0.009316318664595345,0.03542861770128573,0.010415372527312968,0.01633807803241411,0.006121399163132621,0.03166792458772103,0.014421451282970952,0.010908587056455497,0.008741741464891211,0.010369734835525158,0.004291628348099638,0.018428571967943803,0.0006210441456116037,0.00586486322561973,0.016234990380426636,0.028007418058906143,0.015411717180518536,0.019746240948203642,0.04999035732200413,0.015025644575426865,0.004314664910672308,0.01972108512736075
S0480,Seca,205.9054482927851,398.75541784037625,0.05531131951558584,0.013578030386822454,0.021559570502593856,0.018838352677045308,0.008418861946953925,0.0077780489132229895,0.007893304373258334,0.01208193251210612,0.01571108063207263,0.0298447829262245,0.04304094703307732,0.022960616220195743,0.01781889781905194,0.015647267983897914,0.00791179040190599,0.01971455814291988,0.031185390640492243,0.028156425728078898,0.014687300769201704,0.010753511326959205,0.0038363369559475313,0.08282328021601437,0.030894478364119758,0.004330722950526916,0.027742286918944994,0.01509204878477476,0.014979789939332121,0.029042701636925697,0.021571958539566814,0.018878004172261455,0.03877693518393747,0.017030039466093022,0.03325761348385599,0.010681423007756837,0.025743090125867243,0.034381326733824775,0.008970065356172218,0.029126690210496888,0.008818615131335186,0.026596948523697938,0.008325696240085926,0.03420379564000976,0.033471887490946886,0.026105442831435635,0.012426831644402959
S0481,Controle,204.39155471434856,419.58693311716223,0.07815803422727775,0.02003677382522778,0.06779833932539589,0.009420879020770262,0.003901009409645911,0.008327945207153168,0.05777559507782567,0.01900089616999279,0.024236917382629126,0.0013772854824193699,0.04438075434594304,0.02028651878440406,0.009700767765334895,0.06159645324253371,0.026768580519244935,0.012867473587209181,0.016503141386949968,0.011883611683868561,0.003880611627999341,0.013170251101257049,0.003547536294923994,0.015164543076803295,0.0011708108368008643,0.0557879230013279,0.041023088822815384,0.00945726817461162,0.011567033216137858,0.022004347914426473,0.03529878250440708,0.00812233151066058,0.020653930910162308,0.005216184367228209,0.014407094433778593,0.04596809670672097,0.0038575735410881053,0.022674451017140128,0.011214468258101766,0.02619798068094899,0.022204859693369883,0.019701162255755394,0.044277843296567115,0.03137301086262448,0.001319078126771474,0.007107754020593363,0.0096110073031518
S0482,Controle,108.81426334848099,69.16453505802461,0.013550754640206449,0.032471843364056806,0.005366617096226061,0.04503935591930157,0.023570721603007206,0.02954298053345399,0.020970755638164005,0.01265300474169039,0.025854435356952594,0.018314556949537625,0.004462336540004745,0.052090520487238,0.016148174971394858,0.00650996401114912,0.022852484539861273,0.02715225763940175,0.013514622173892016,0.015068429029759413,0.01739280286111448,0.005114883398935098,0.02664905473108969,0.012382882855268746,0.12672291361411914,0.015332774534141062,0.008859408143430978,0.010832532730917393,0.023636892226972975,0.011570438297890213,0.06242083726456365,0.004680402717675899,0.037319708727958784,0.019575333640209074,0.005244127904110865,0.006890933597060019,0.03714496665243197,0.02100330484291268,0.003876759578451134,0.04132229047202264,0.027875775264972712,0.005147098485503738,0.006719097717449633,0.003035477254387448,0.05337696914848449,0.013968766085566664,0.006769752017061026
S0483,Controle,294.15312420450414,387.1679505915256,0.018281465348444013,0.006341559526964236,0.019751637359466178,0.0282655508242357,0.002616783560118425,0.014990406862520924,0.020688537332724084,0.019647912769105075,0.033754187483903235,0.02965891805343292,0.012536136084677435,0.012066416951850054,0.011044507826464793,0.02397366301845411,0.007645569370772792,0.05372884964192634,0.01596762548965051,0.017535026246687055,0.028274030699112586,0.05480050232589034,0.0026029647761679976,0.05669850507256597,0.004567203327322363,0.0492893398790109,0.006448204944440465,0.012134102206071005,0.010670814802207966,0.0612964315270138,0.015194281510336452,0.0031851065791050435,0.019819786041354356,0.006646111669784818,0.02355031946954939,0.03850561814982248,0.01457581226552894,0.013246610416430408,0.020150953592290195,0.014538709869305323,0.013344717569206608,0.015441657968045901,0.018563916809433856,0.025984917452709654,0.05701842393282546,0.01423356420076429,0.0507226391923058
S0484,Controle,158.52045565861894,57.852083654714725,0.017533247982486427,0.02836056999277476,0.031065104830624603,0.015600115252059971,0.028743055342948423,0.00555427248896237,0.0058849066245330785,0.042323302537959545,0.021042096693431822,0.02496838816305114,0.0026185728692034796,0.046811920147210306,0.017355760779223694,0.020766608445468005,0.004135017502957798,0.008482065846412132,0.0367927788020376,0.030324388920473674,0.002017132755937019,0.04216790367841222,0.011678863181930088,0.0015506705800651362,0.05728379304282236,0.029528148540064903,0.017461615654603902,0.05648453927391416,0.013353438059333964,0.004106345538493036,0.020630047628773733,0.003444235132459761,0.055469495858983996,0.037383433746187064,0.006072083647730922,0.007040653448922889,0.07510715139620834,0.014129776505628832,0.006701535711761134,0.01285777644498757,0.007453774450128176,0.007321321354870204,0.012025411781326729,0.06617674357121918,0.009542972594357893,0.006920928467548918,0.02772803473150912
S0485,Controle,18.02991713868185,195.0312950782646,0.014798146278631906,0.009307900607060967,0.04888979242348563,0.00922835009240851,0.01821039541198444,0.004891902358718842,0.047364236840651545,0.023337635917581888,0.015753487146068137,0.06116390682617905,0.002790586490422527,0.0336187516655619,0.01833007405433406,0.013862904075283298,0.013277106561406325,0.006255357300705603,0.017230238114701073,0.015943970463625144,0.028231313727656568,0.02397161702960854,0.021706071854215553,0.022397375912354942,0.0502336174745041,0.009356519938772257,0.009562324001069582,0.05235344289417038,0.023447561408173494,0.013767893134131664,0.036844858319554336,0.007880443749567865,0.021792329905801534,0.027722305504940037,0.01253121394799803,0.04020821414158546,0.0619254831759665,0.0135452440405893,0.05014544241002657,0.007677870119726087,0.00325535770324186,0.013827663519792113,0.011507889123015128,0.008791546634159054,0.007812840574744755,0.033256273147087775,0.011992543978735797
S0486,Seca,209.20002207843018,499.3047575059579,0.004064519715407882,0.0362263553162472,0.017297295545342567,0.026127928541491922,0.020100187525791142,0.09154758536596758,0.038720356251961005,0.01103323253735181,0.04266139147150523,0.010835405309167519,0.006811676233904169,0.012177713916532747,0.002416570764018802,0.011538697015195266,0.006110187398290923,0.011823214867756957,0.03368162953251239,0.022366428578752623,0.012596415530081043,0.006438665461442669,0.03045925797659092,0.010912016896723161,0.031162639622193723,0.026363741850331114,0.04243627471589804,0.013555409226030607,0.021872412309319553,0.0025284575977373843,0.02036109791596938,0.05865602659169755,0.004764354187830587,0.029159778799011403,0.025287395364753832,0.006131021105800932,0.012473709951686585,0.03174496113391388,0.010727454334657506,0.03153782854758662,0.02378909728820162,0.033043606372333674,0.05984449962026383,0.008028810911923452,0.02600098168790999,0.0034275741493307813,0.011156134963582582
S0487,Controle,237.06633754508516,96.29541161545491,0.005538241652742977,0.007850765783714233,0.03469181973670814,0.00019014967982248804,0.014582883502740139,0.021906773489956663,0.01924212557902626,0.0695853217061659,0.02634950623093245,0.0060832977513307785,0.0017397482287902634,0.003359648657390736,0.01572949526345575,0.019535247013126533,0.006974025363199267,0.07105711320601124,0.010321646992567563,0.012582479408899455,0.04742819122480191,0.02851848853207754,0.02804334084247006,0.008676184907528644,0.047607836096435686,0.03647015996473926,0.0071576336534166195,0.0651319813824017,0.03207662306546455,0.0034724594642786977,0.010049240473729853,0.003261322227201832,0.0110458958340717,0.030828091758307266,0.008570630184276656,0.04481431824528386,0.029606294202517917,0.015463024766165376,0.019482460855129027,0.017343096055042785,0.04682814272203955,0.016026382274266997,0.014149278899901504,0.01022465875661068,0.016654277995181464,0.03900028594810172,0.014749410421976
S0488,Seca,112.7964341021055,76.98179128881321,0.00014049301250177717,0.00868195856587482,0.003123847727851221,0.012907468787697818,0.004239999917191292,0.007683591731327744,0.0689354813352618,0.04628583064995996,0.024763333552438663,0.040432095976468754,0.021949567291003457,0.01243967554679871,0.012331703264997556,0.016254727869711345,0.013807525769617215,0.04999759140069094,0.07224858263137375,0.004837605442520063,0.010993350351818228,0.0171634661703938,0.021483159308819916,0.0278966947468059,0.034333865590593676,0.019100208791878206,0.022274989776670202,0.01331314000200979,0.05442192930150068,0.004288856564019357,0.020016509160534733,0.02158995653170012,0.009911510554801009,0.00996236135711478,0.033004712036007806,0.027096438952837146,0.011604789898355564,0.030302920133798716,0.00441750743241595,0.018541909663940412,0.006400660535265038,0.011563503312664347,0.023926574592489726,0.019748997786762857,0.04940459729563905,0.018859922033534957,0.03731638764434133
S0489,Controle,286.22896656105786,211.40016627339676,0.03175542433470263,0.00967301119400785,0.047072100053654226,0.01753377416736812,0.013292696592597892,0.044963918901709754,0.030692832104109932,0.011015299670849462,0.014582784863301208,0.042088180919131156,0.018901122975654053,0.005605268469267243,0.008953217927644697,0.02535355427760017,0.060220088901976145,0.01904607376469276,0.014201092219905892,0.05338161510368974,0.04260267203124503,0.0300944856656573,0.017677922673850342,0.00935785016158819,0.006403285402581189,0.02347218284456103,0.006023690694845003,0.011380486909776999,0.009033057930278404,0.06307349886563285,0.01882032485530055,0.056937589138258395,0.04272729382175612,0.009581446272667798,0.012875921547111745,0.013681299510976446,0.012244954581946445,0.0012588408882459679,0.0033432545621831116,0.015138634054057163,0.006759287285596915,0.0068562160404361605,0.011073728519054573,0.00776455679711996,0.03031522662436378,0.05525271681761704,0.007917519061428662
S0490,Seca,282.88595021596046,309.8342629849307,0.024066314592891002,0.05738345803311873,0.008897972469644215,0.005468886061144048,0.003932634705454262,0.023953191481474147,0.0038121821840514485,0.03224412903168346,0.006326782708243999,0.030697400381996583,0.0294729050293605,0.06602866288693116,0.030613745601170358,0.016213591423731882,0.014577583974938205,0.041756940701962605,0.006871695979919093,0.011541722638458794,0.017477654517146415,0.0035748024502417304,0.026735576537149506,0.02235443338050674,0.005485299078006812,0.04034989738145148,0.04048801115592269,0.03660774440878556,0.020395346761030664,0.04943465726892361,0.010380129307294083,0.023224563432980162,0.03447804752871357,0.010802559779635847,0.011259978513917938,0.015024620076677483,0.006000803273438377,0.027001745410610185,0.019564568475730612,0.014753673787239926,0.007111290019586594,0.03724782737806536,0.013013043167231618,0.004228168654629767,0.041723255952329556,0.023799742777255824,0.023622759639323292
S0491,Controle,351.00109055518567,466.45039120662665,0.0217910378986036,0.018892708606843906,0.005871884945370286,0.015930849069883464,0.027910451639921022,0.05145892268401342,0.03291976836318254,0.00694267631869815,0.02750281199368352,0.008834386175441024,0.019999773369809865,0.032255032882486045,0.00698467737018844,0.038823716281175445,0.01617811860125731,0.008797927256257297,0.02261948976286755,0.02124453712382013,0.032855457492801096,0.031102233389409293,0.0050095703650282,0.04045504098209384,0.015636615359067164,0.011514708819640129,0.023203713250077293,0.038229783828044206,0.01743312052311021,0.007156357243437013,0.020934702791274046,0.017600311377607376,0.029406433115740066,0.021547496994555097,0.010097690890367581,0.014175451467025757,0.012972829264944957,0.018907484372149053,0.008798016080320612,0.012637412589927188,0.016744572691753026,0.022291672732570746,0.0537831530230961,0.0765706021013584,0.035822050415153385,0.0012843088121511003,0.0188704396837942
S0492,Seca,323.974241100605,490.41057276651713,0.016217155894870924,0.011944675659344643,0.0008372842437282127,0.017816166564306794,0.044151132660253826,0.07831851234814878,0.011930742471239951,0.0045825782043463735,0.038898724457318665,0.0432751543885706,0.005106981967505462,0.0026653158629290955,0.022206120110838872,0.014866503199388427,0.02900490162328492,0.004263818758434595,0.0169114067468185,0.022655952419830136,0.0028007620729483223,0.022202455124470576,0.0006382840304794807,0.022501364579565638,0.07984302085163417,0.009539508179861564,0.025776809453338767,0.03153118776035572,0.010041451171725693,0.00439595229042026,0.04556579281441588,0.03722349414925484,0.017910227507874635,0.027613031891977176,0.015831200728211734,0.006040988762291676,0.04791331889703277,0.006454426309488644,0.03628816592954916,0.031249663975288437,0.023144635230892132,0.009021931654047122,0.015100864737664732,0.041289640124547194,0.03253203654650863,0.0018319210412877083,0.01006473660370846
S0493,Seca,326.21652826051576,34.82031829569732,0.013327021094329922,0.027894073520823938,0.00011573630481814354,0.01867365100986569,0.054282312082116944,0.048896278066345465,0.015865567832230396,0.04437208760498026,0.005623230589646194,0.042586671621792735,0.006261775500942253,0.07702876724508971,0.005022769110287575,0.018622791299274445,0.05081468089926594,0.013298099186490305,0.020458793302886535,0.02763130138602151,0.029416730737085145,0.004122620985172995,0.03437185348137691,0.021637004768901038,0.01634477618346258,0.009145066371535636,0.0037410353035783536,0.014323725158268389,0.00814421817684662,0.0027313534082908843,0.0227285115888433,0.013524747032788074,0.01574074063423195,0.01868260777118633,0.04823879030638043,0.013837289439146104,0.020557370210991806,0.020660147416183487,0.005070170125983262,0.008560331532882751,0.01449095082718965,0.0073726931637778876,0.012078569110826661,0.017003479767844307,0.10239542152655672,0.01636636952775636,0.007937817785704309
S0494,Controle,158.10707591202154,68.99875867395266,0.02660426304577988,0.01539309496502901,0.059004623502759965,0.0047099558175150045,0.01044525805658192,0.013503985922629837,0.004537286637207899,0.01736824101072855,0.00616614309773465,0.02346617280851903,0.007422983091095981,0.0024394645467148085,0.04293017664246802,0.0058420174900224746,0.021873619750432012,0.025661515719924668,0.0253804025117343,0.03274141699018475,0.04006642109482158,0.017515019742670435,0.01514113154249206,0.02580080382144806,0.005893370426498432,0.012958425770422206,0.012980386856580458,0.04749334212967856,0.04212985242798319,0.012910738132000148,0.03377865979653975,0.010129906869257719,0.006300535044691582,0.06495787529380126,0.006122000360829544,0.05864763719302569,0.0038587177790867684,0.01137555763166398,0.0041085442068705645,0.033911742895915524,0.006196229081770903,0.028531155566725787,0.029609113359899707,0.0038831883234365936,0.016729686466076275,0.09810252236959392,0.005376814209156697
S0495,Seca,393.71611099297695,395.3689869479969,0.01242158117423359,0.011772319328073648,0.0030154023340201214,0.009956127034068491,0.011600311879585802,0.041361997312469166,0.003107620783547282,0.013975226981398197,0.017581611654659355,0.03542366239565639,0.021694085903757463,0.014661826097588667,0.027915803924205538,0.019609877093647834,0.006443238864921877,0.006424771202744199,0.013039528367359884,0.06945669751533516,0.025016969682896736,0.04396824798904057,0.04127384857350733,0.014074368300691998,0.049709483627951044,0.007873513452246704,0.014843477052003088,0.021576382883847778,0.07651104577992873,0.008281160237334037,0.046880933457045575,0.022876458178517304,0.010511536439052675,0.0056963767153189425,0.0028300604652288655,0.0020942052605724235,0.03400475052036084,0.060499481962184,0.04002433248429292,0.05221226122618219,0.008237133613133468,0.010277683870418712,0.003558816235875662,0.028365747035705585,0.0028515207737699415,0.013657306970714966,0.012831207364905277
S0496,Seca,274.57219179983974,135.31607613543022,0.008392270505652482,0.04515448181028596,0.0059125117239885875,0.052439590943990325,0.017405594115661092,0.012873030931680844,0.007358246939667583,0.02532069775681446,0.006207786176133912,0.012782644343671502,0.020462735906569603,0.02163968404059795,0.005453689224519833,0.023703951492381897,0.03831878556200922,0.016079099164644953,0.05021558385705225,0.043897393401825295,0.01674360889696493,0.005481275060146789,0.01221586650445712,0.06007110586954655,0.08691954765100542,0.02663384280050195,0.015787379431895177,0.03132666489274662,0.041308126805181894,0.019000392670610718,0.007733460568014342,0.02938128682664579,0.004432671002480906,0.02936626592882764,0.013662427817555528,0.006939209899644574,0.02068855637919207,0.011448164201402706,0.015863328310302873,0.008378856501980076,0.015385917577141346,0.02593588855485855,0.011724443390731773,0.015596037485703294,0.022966107327881357,0.026940886101714828,0.004450903645717349
S0497,Controle,215.70909758994506,442.4245297531803,0.010982574487372245,0.0018016279321340877,0.029707618356570802,0.01737447274793447,0.007512804490553512,0.008460550596159125,0.041373070389967674,0.020778447614728204,0.09784963199244573,0.023208534087422367,0.0097604641936802,0.03956818299091334,0.06756581912837918,0.012991206041207062,0.022117034657315956,0.010129442669843397,0.02121792378012157,0.018269188588201535,0.019691871813352746,0.032635051361177704,0.023164188868297353,0.004536967975243885,0.02559837584859197,0.027131071798009967,0.0016645419022121072,0.0574030476408665,0.010271812841219865,0.01415967778158413,0.011815227371795661,0.00591392425673917,0.018928614667619137,0.0032357768881177617,0.0208567413886893,0.03920199223525887,0.00933507220761384,0.04198253215452334,0.004840395971100565,0.01763952770881384,0.005472908379660244,0.02105808777975531,0.018198669923396478,0.010292326608691053,0.025665594558295448,0.04124632779576409,0.027391077528659147
S0498,Seca,313.00624047052855,331.72662861454336,0.022078734578024287,0.015352860232052224,0.006851883208061729,0.030331646678978662,0.015104569375424728,0.017261783173196085,0.014086416415629464,0.01116095900924254,0.005246911276697768,0.026951447979687522,0.018255255288852124,0.008705417723926289,0.00655303375890383,0.026427991148232483,0.014482278341192695,0.02512955928389967,0.04483150651324786,0.048583069345535,0.017977110931407553,0.03316140663687665,0.038112248860185445,0.04043265669260563,0.02705059502501723,0.008215452777936214,0.017203004789135282,0.0034087673086616596,0.00428511679944524,0.022765957678359504,0.02386069062704444,0.15415030099872484,0.01719963632536595,0.014835044960075648,0.0213218333903616,0.01669623871083258,0.00961267398924046,0.01739545085228147,0.02438561795793816,0.03234324980361082,0.012589714127184091,0.01645763389185825,0.011668928085568707,0.011688106206109355,0.023141319192704866,0.013163907461504977,0.009482012589178147
S0499,Seca,180.32866722512713,55.92240119033859,0.02836077130876129,0.10095328001533144,0.003728883008419283,0.023350084410974917,0.008964664106258605,0.008038844190067715,0.03563770523279903,0.026675624888276066,0.0038596199187239423,0.0074153343036204135,0.021156810379412187,0.016227840499535007,0.028673141435159644,0.019170457228459007,0.021429995055767936,0.003712672681542563,0.011375299991860098,0.021698949519614305,0.011135647378249106,0.022484251661028538,0.02462189872860939,0.03979746659373254,0.03558755082510475,0.006899721615243096,0.03362170982303829,0.030053855517966466,0.0306438750173197,0.010559139616248202,0.02701972424353638,0.0005601225447031617,0.03755165167542056,0.02280647981011639,0.008416419684211678,0.010915254810990885,0.00674764914866614,0.0225031790550925,0.024054011997304,0.02921127573608517,0.02089869852558972,0.0037544559064371387,0.036157131083129096,0.031220912200541462,0.04420234566234851,0.019737205631481746,0.01840838733322183
S0500,Seca,256.3696223033791,416.26464246200356,0.0003041870960568557,0.05104853433920359,0.004059977564391128,0.007818347717285772,0.013390533296614828,0.027210433262608736,0.0037016399423830527,0.019556939587843502,0.0030385044592650965,0.000856139712489733,0.008842461000903377,0.008815556279377268,0.015032611714772536,0.04534691395979096,0.013779880078845248,0.060026107610441026,0.009465581883550577,0.003359487181451958,0.019834057478519802,0.01851006942127247,0.004311028119241238,0.015197778100016546,0.051809236314291955,0.002085339816886978,0.014095900923568664,0.0658443568770693,0.013090129378043118,0.032061242240626106,0.005869769861600109,0.006471380138328871,0.023352687931625316,0.006868816367258229,0.010885083170215477,0.04142470988374962,0.011880256100649984,0.016154908901953095,0.006191743759762441,0.06545763503955634,0.024549289735563556,0.05623536662960959,0.024609235723306543,0.022499855169152046,0.03261296997714265,0.011061166625354744,0.10138214962836004
S0501,Controle,368.3528442411101,88.17819000403793,0.04854428526205408,0.009856184312436763,0.012170794433663815,0.00809859986155497,0.0051789929563319,0.007322961227126034,0.02405921324135537,0.024454943920694885,0.05363076892796693,0.007405620823014456,0.0456970901855233,0.03797807336244577,0.047340543770163314,0.013310889632379499,0.002474174296113772,0.02110354620639048,0.040360971273797515,0.04469418231392135,0.014807149666778974,0.02120803578054162,0.026634023847013803,0.012034239196119942,0.012713411108297167,0.02882751360719746,0.026697689149133595,0.017469097262192597,0.009556925961216343,0.029833196796133776,0.011738413520924258,0.004320429133132553,0.012756689469318025,0.009928185584830728,0.02024996573354789,0.018541708920414304,0.017527987503177855,0.029104037842714536,0.0270119409133044,0.02233738664822814,0.03706197679193497,0.012088835737730194,0.02322827604216469,0.006207984624632995,0.015924565964708162,0.055065716771613586,0.023442780416063073
S0502,Controle,443.2014433618539,211.7476973398269,0.03430243434730889,0.047490453198266454,0.017241531061929466,0.004715517941495304,0.005079319248948429,0.0288261971250298,0.06126765404885528,0.010106759060053889,0.0036305025319194172,0.007064992494148491,0.028965866192542718,0.037257469377767194,0.005922966049012466,0.0028039736653100744,0.031016509743087433,0.08231168929783896,0.019442866763502084,0.02822614464786811,0.010128742287727031,0.00489026230599089,0.005333789946279428,0.019723215899349878,0.014710488203599516,0.018582818139275908,0.026697216672649283,0.00893005262991493,0.0007216161555354078,0.04104852928423417,0.0409580369846594,0.06842808591873054,0.014033830102625459,0.020384186801299473,0.03772117624542281,0.018788178347748517,0.0010064853631190495,0.014040914069704286,0.03180663342736508,0.025115115759184344,0.008746177123712654,0.028166621790915534,0.0034529139316467473,0.021730183055143053,0.023657615271738278,0.014722715822804296,0.020801551664739716
S0503,Seca,460.5285986475958,276.092464279665,0.033011524606917086,0.02270850451921456,0.006370858131417496,0.007338340588345299,0.01401171271026157,0.006547058609262186,0.0332103275196054,0.02730503246019792,0.03633880799381435,0.0017619031069054508,0.020847249108620892,0.02236880710940806,0.01461079561121562,0.03293261588161958,0.029520839680899146,0.022961760567065097,0.053333312549702805,0.008660586878599049,0.020647272498134115,0.027080405139396684,0.008788504999581928,0.004669459389913268,0.006814223029475964,0.03611160276012689,0.015397154582104562,0.030227551762200138,0.03898843156110028,0.01033659824028443,0.006758329780650359,0.005240803385376933,0.051586281803725625,0.009966024936746157,0.028714153280963203,0.04311932477460826,0.03991097022332452,0.010026226769590384,0.00921883201018189,0.019267990126793973,0.0075170618803585415,0.04564203644359833,0.05951831240205417,0.00031861002788235516,0.010902244422201779,0.026563878690118375,0.03282767744643529
S0504,Controle,251.8164625915496,250.38307454013915,0.012303880059595868,0.017823284693505668,0.05324785002740465,0.005418306917703309,0.010019921702774298,0.006170011554964715,0.002690009805696561,0.025150692401407267,0.02869144777847207,0.002316609174663953,0.051064434189141424,0.02802476345226058,0.028287394841323595,0.02465996666577292,0.02479789253768329,0.019315767962723693,0.08818125792247702,0.0026594642430594092,0.01402870655802686,0.05290024127115486,0.017810175137261977,0.01493630202737775,0.013136350443869158,0.015472941220526577,0.030644958144217395,0.0184618346470147,0.03441313594214042,0.027262282234654784,0.018943087983186717,0.02242114490911739,0.03306069992532246,0.009448657145915976,0.016559003275081308,0.007545409864483211,0.04070132562147783,0.007748051804835947,0.029858833710503813,0.03439023459168035,0.023706870321512846,0.01326306911321447,0.020351897750584817,0.014170146206769745,0.006475289138482096,0.016913760028887566,0.0145526350520685
S0505,Controle,260.1375573702845,343.0814578075752,0.037199799532885616,0.013905537159694442,0.007299119161786995,0.010595752493146713,0.02025992203196737,0.09487018403766957,0.011365778532916914,0.0077997972651292985,0.01741922138766999,0.00807581238309693,0.046154279464447424,0.018639043499514292,0.007008496588994208,0.07323632117135778,0.02725747766725561,0.01690366514076906,0.004358844404255562,0.010547696165752803,0.023242030849850343,0.01464819663270157,0.01164419911530305,0.018454252874769494,0.01128145674002622,0.026844840069165293,0.04694463899068588,0.003901431735784967,0.021653832895820783,0.0088996999505003,0.00949918203201192,0.02650799767699091,0.03682074758558963,0.004517501087140665,0.048755366741132136,0.01483526120565881,0.05679743823874632,0.02080711154008177,0.025562236565895714,0.013889758196347983,0.008189705373521825,0.029317456473273742,0.010057193238804489,0.023429166413439687,0.016675310006071017,0.013883868308518866,0.02004337137385623
S0506,Seca,399.93520538191825,326.3433674346276,0.010745112270387297,0.04917029592069227,0.004331109917545913,0.0131916589262294,0.030493995140102693,0.05337241018196888,0.012671529139550667,0.03425977823991887,0.018989706413920202,0.02999330159362251,0.0013136133475339894,0.035079483454108946,0.011589248964858245,0.029691514993978492,0.02384600704446377,0.011393678280394478,0.027830562795062967,0.02928776503043018,0.008856686183183098,0.03906610397612222,0.01631329276507218,0.011935005814831742,0.05600237967452159,0.022874679344932165,0.005374338723391836,0.012074711864062415,0.010873450654839863,0.009051319330497309,0.051253075687808194,0.03520547025572458,0.019617150275336406,0.026260274110791407,0.04578319175360442,0.006179499071258735,0.03772356118107819,0.002336638991469101,0.027783398648858648,0.02265070157358669,0.023044054704619406,0.011974115297923858,0.034287493199200915,0.007122636574943121,0.017380198859474033,0.008009065762827786,0.0037167340652702286
S0507,Controle,157.22534587210063,496.02100276402746,0.014851490456160308,0.014340829319337955,0.051338120523527445,0.003689209272431643,0.04547826232354492,0.0010692917046103984,0.026348274466305804,0.009308445323740042,0.012404394411959667,0.018212086136491498,0.012023288574663593,0.008039560746987796,0.016049415061033148,0.022289184814977887,0.014004953584512633,0.014333840015069873,0.02306523825284187,0.02106050216654841,0.007607492537070024,0.04695953925430427,0.03690983301754664,0.03065843597972001,0.052336945860963685,0.003327606374167984,0.01347989332860791,0.04427684885158914,0.01880630593721194,0.04655143896080759,0.022369213149099107,0.0064274604845472,0.021477087161120234,0.033204197665421896,0.011242355285991743,0.027759992956003555,0.021598714874078582,0.0037205830427117204,0.013456795693740113,0.043741234317542566,0.0054325654161748275,0.01562760423119872,0.022556421346675563,0.009623751017802376,0.0886345073331722,0.008247500896237157,0.016059287871748495
S0508,Seca,418.6911811725343,499.71095461209393,0.06163907919525895,0.015823477114055177,0.005302525500786832,0.04042180992528325,0.02642755731912618,0.030082485392178414,0.05483057536966897,0.008000572272572504,0.03184793461093388,0.021517751898803898,0.023645824681088334,0.026540138790862776,0.013022945337782558,0.024623916333470285,0.03960486799995768,0.010898357452418583,0.017002851329507164,0.015853605598277126,0.004824635696830282,0.01745568142825815,0.055553623874403046,0.008592140232244312,0.022614284993450313,0.01710194453956912,0.021211775738104344,0.013083872502436365,0.004637841312259821,0.013843386698102087,0.0036141966480761805,0.0508015976836074,0.011304790320480861,0.044575277415656527,0.011940392208285962,0.03185447326173207,0.02452045792090271,0.0649422634915656,0.010043714714789553,0.009061368863258918,0.010155175059635297,0.0092822001237965,0.04487587485937955,0.0024347123148840536,0.0053123294239417924,0.008661213219861649,0.010614499332454994
S0509,Seca,247.07082325871173,258.22970131782046,0.0035347846176463625,0.04996237988060548,0.00034112371296695336,0.03457686730549474,0.008115649974162285,0.008434147920890594,0.008254830811920482,0.006947338796694332,0.014233974201466488,0.024891967707969948,0.034291281729040626,0.01745853584630673,0.015180853430335515,0.041215719654087185,0.03686974829157033,0.026890535033445132,0.015724028071774053,0.0328237020710083,0.04727740521305104,0.004442633636238641,0.02659816310302734,0.0030996823930558013,0.017175581923300133,0.005993473791032943,0.033246048176572326,0.02046454382261661,0.046200181802511155,0.0144549996429683,0.028219326680506866,0.02084046889651976,0.008322549854153451,0.01658775618683749,0.005361312117905453,0.014383964791641066,0.030523566582119986,0.05023107521719049,0.003811362194251624,0.016661738854505167,0.021538173603965018,0.022193422545439663,0.06088941912742962,0.04149363200073433,0.020285342308639022,0.016588795818905745,0.023367910657495387
S0510,Controle,57.9283621676342,47.599543480432,0.03284100387438575,0.002517636661408389,0.036232626723632005,0.02934829153152948,0.005948276841375598,0.010801817255298189,0.01913454349456836,0.007569475425037005,0.024861896148602576,0.009212855045964578,0.007887978607362879,0.02141822185788938,0.037570686386126664,0.008340139620831032,0.018421507501779937,0.008426139702738967,0.01462194164497204,0.02712277186755556,0.04352967275037934,0.020074785233496283,0.014867621005191732,0.03548847991148716,0.042183306610287644,0.014952016374141218,0.024015955234807575,0.01703040372202679,0.010327918946507725,0.03475465708712125,0.05477970385590491,0.044269134655903965,0.005201513348353809,0.03410121852101339,0.006997123384433318,0.017262326026909865,0.004148128141437416,0.037035943768368815,0.008366602674988902,0.017297797542138855,0.015984399346835685,0.015971792592896834,0.03729074703297429,0.015761756918060713,0.022919679451566238,0.030679262018933347,0.05243024365277441
S0511,Seca,36.02957353647185,363.9216494843592,0.004936509161260836,0.03503367390193925,0.014469665245606316,0.01577293101302777,0.009139110352886764,0.012498859482559447,0.008572216158271357,0.0346819056956155,0.0028105172084167437,0.009135680700716924,0.04282612730665357,0.05548103870776845,0.03537701900031031,0.05702296901979049,0.014080205456970748,0.03187213368652579,0.019320143466790913,0.016982719301608815,0.05388127295708089,0.007419713345722123,0.029954406566692,0.0249513761370175,0.037584218765157676,0.006734100051637825,0.01881207971764329,0.019742017767852935,0.02259109097089942,0.013233445352237121,0.03698570412290987,0.008235710798183105,0.01424693318083987,0.005774641266756752,0.0064364301935874125,0.006191985875096533,0.022324105737273336,0.019030753664460897,0.03687087590018828,0.02453748103568377,0.00448083459132172,0.022995276151817914,0.06431218112974452,0.009691116312432912,0.018266183745985237,0.03450951698585996,0.0101931228091971
S0512,Controle,420.99660551973153,488.33203910829457,0.03260913626763832,0.007537236731014114,0.052008122515947004,0.0015202663570743542,0.017339847366054123,0.023544080638124323,0.006543868507005436,0.006080672923016405,0.026649863806174092,0.012920721369978913,0.012385961764329883,0.021316548898572756,0.07708278751914771,0.022616465949472715,0.005747411614024538,0.11113744965010573,0.07145924033704981,0.005966126319111403,0.023518868227454148,0.00872210514796321,0.0228744857526953,0.01845824556710098,0.01240958149276119,0.0163978556510614,0.021489085980907808,0.02874796183390739,0.035155362947448185,0.0036092471007076648,0.04883457312678497,0.02585469528968645,0.012112846867186468,0.01311780058455502,0.005650491571624765,0.006829321926785378,0.01581655514754607,0.00511772792710893,0.005551621944777208,0.02423962483011696,0.055815132104653296,0.01220042085977473,0.0349808271073058,0.0072039347411731475,0.00963380790556354,0.006747247506250031,0.004444762323258264
S0513,Controle,27.78395845343895,159.16319381451015,0.017876019339543456,0.003869387590580675,0.03910548860461298,0.008214018474298349,0.031171553524073387,0.008148227022838779,0.013103302417497093,0.03543894908852265,0.0732462030417414,0.019441115037100953,0.008938268580198003,0.036658524538394625,0.008240210809490143,0.02281018890176857,0.026897871535195395,0.02520159305684044,0.0033959239212946932,0.021448787300106284,0.005478740777719687,0.02747832787923796,0.018518348632460845,0.03280303793836413,0.05659408759472713,0.01719126608652509,0.014592615753462016,0.06147966464617506,0.06481377555956194,0.01632282827841868,0.016743661615953927,0.016685129680428644,0.04098664073617449,0.004654255785277824,0.005009314441666564,0.0031818381463262014,0.01213931653574608,0.004850918385055113,0.008773781944677936,0.009843833711527855,0.024533416405319773,0.02361369549778943,0.025173934252445924,0.01718889780646845,0.006771732538268469,0.02087170897419993,0.04049959761192273
S0514,Seca,140.30571806682795,230.6044429187869,0.03213597147200185,0.03679531473845354,0.002389509122818567,0.03394644004008028,0.00870766686944318,0.010948814780557096,0.015564130089344506,0.012431498615784834,0.05071574885328049,0.02790280868515415,0.01009428178741693,0.01768737053284236,0.07473436388202213,0.005489329712460321,0.018780852713132592,0.007101397123729198,0.05713062604397284,0.029091695278155125,0.003882416644836311,0.005909568688019417,0.004674808899415361,0.01242728052896594,0.014969694303871633,0.018169003123780676,0.023454567833199286,0.019511451136768124,0.0662616948375712,0.018924087484891133,0.002020563932553342,0.02045868620824048,0.013515352900823984,0.001347509200601328,0.022642346134521787,0.02816133283462716,0.019706280425237626,0.017177594720242103,0.025444853033779604,0.03619038472144988,0.0006385419083334063,0.05008756984388266,0.023228345371971944,0.04741102602430001,0.027283922289309436,0.007806948701204669,0.017046347926951467
S0515,Seca,167.0650202507729,212.38846240772796,0.0061738713896227005,0.022480891151052403,0.003779053878773269,0.01278738385544216,0.008071120167644146,0.01769928669026178,0.003421376560718991,0.06093881250892917,0.006136229693181885,0.002303320259010313,0.05361291764777678,0.005599930524324257,0.013956506447746198,0.10715691104004878,0.024374102389920525,0.00882644959131702,0.052521391825408624,0.03612359332442273,0.022634611861688678,0.07707614007322695,0.017405354024656525,0.004975932470772806,0.006518063730816792,0.02269554821252212,0.02520437020761873,0.04756954947203093,0.018092001098640422,0.010240798336114392,0.006301430587478685,0.018404714890541088,0.04008209898366933,0.01780759390997356,0.0028947206402684567,0.020390133214902365,0.02894686729782505,0.007097368976528625,0.02101391703283977,0.03771190794109993,0.007400155079246968,0.007206925420028733,0.013197925121667689,0.01866071146207034,0.014523014980988912,0.025040787335337978,0.014944208691842402
S0516,Controle,86.4972225957969,25.70957727846468,0.09219586490037773,0.00045494527698278523,0.00878320753182037,0.00858975668826081,0.025861096952715924,0.025260805182350708,0.0297125719922496,0.030547762925702743,0.04234889265357447,0.012013663914147732,0.0392047765854378,0.005331211383798442,0.009908339937756422,0.01789232265888527,0.01808884212573484,0.02524988350193976,0.0408174411425255,0.056304920517418845,0.00945289607056376,0.02410061632513593,0.010204311213428163,0.032667444215313826,0.006123443587796817,0.030316621756026313,0.01323631030362869,0.013444441023693781,0.09273819047649916,0.010200142544345083,0.028522610010482466,0.006773652490806262,0.025329050248796614,0.0058844179612117095,0.011475488453421879,0.004187708142389494,0.020994517888218267,0.018027986930247784,0.013254982401070562,0.005840863631361781,0.022246943379865526,0.021523656135996373,0.009004283341253262,0.010905910481814557,0.03522819224297469,0.018193592688707717,0.011555420183269771
S0517,Controle,156.94668490099463,336.1322156117224,0.04321024269723642,0.0032148067538682284,0.00830540207632706,0.009915332704729782,0.07241640822478587,0.027376362405473115,0.004511218018613572,0.016006300742808524,0.06407854196148428,0.009351834216286202,0.018909086272713815,0.013662643890638385,0.006835931126105647,0.02217073041333694,0.027199796355390868,0.013061257915294828,0.06669162641332008,0.010151075884296337,0.025177396585174483,0.005928026844588466,0.008501071757210574,0.017098704378912977,0.008051182450896336,0.008657251107706036,0.038018687681189246,0.004013468995751003,0.014375262446607908,0.030828401146665015,0.012806595279392773,0.03209065626043246,0.017291440989634584,0.072599130293202,0.025252946938305716,0.0076454144781258815,0.046966629569459836,0.030978532502903264,0.009491875249381006,0.03351723179869297,0.047991051673271716,0.009636073908773234,0.0069271928906781246,0.011034789999815874,0.012496576852883062,0.0008520245556545268,0.024703785291980675
S0518,Controle,371.3462833625428,176.6688475342339,0.06820028867388139,0.020886167156135546,0.025339394956535238,0.011874867649345994,0.036108772791352856,0.03279351329469159,0.026938726099061883,0.005851843968387121,0.020575136327367915,0.0417217420485532,0.019047506022953565,0.040964369367793796,0.023286697081122423,0.007465740807933351,0.005966954906905281,0.01474041371708787,0.05156253767880137,0.01470380159429342,0.002650643016360366,0.022487123797468242,0.0057519011850273895,0.03825936457875166,0.015165424191948372,0.015043239368831465,0.019250478444381828,0.0028549816421857563,0.013176719647998492,0.011958861543967627,0.03242891024288316,0.023740799967221463,0.0008456097516650419,0.017638485598029746,0.01131915058421404,0.018024052463083164,0.04469058530517406,0.025627489000432095,0.009439245320058557,0.008891878301742435,0.03682004379070952,0.05155637478048605,0.013753425898950736,0.02077031778901061,0.014503012187794742,0.014414615736704738,0.04090879172271488
S0519,Controle,7.341421780035384,393.7319373157511,0.04054326064593452,0.020698252825651874,0.020127789932513886,0.038529743259989355,0.016871061299308772,0.020975043861644317,0.002794928151674843,0.0027714537206393296,0.06028979671006569,0.02376818175601307,0.023971449692969337,0.027978295905648317,0.028433066862646288,0.015062636634474297,0.03420650332187195,0.0221941079627624,0.0527645007910397,0.02406614233127282,0.0012381471434486974,0.00932335642407285,0.0167428131310089,0.005614526615850751,0.022249405931303937,0.014156017480132585,0.014496545121521221,0.0013134781065295739,0.033447912408005584,0.005121696820032152,0.017360653771152458,0.040676771509195596,0.05032770935573791,0.006693700310588307,0.006635594158268079,0.02040953261733454,0.007109413480551411,0.021362880656915717,0.04666672618442184,0.011574696216225432,0.02498746847091674,0.01940216660737388,0.038671379479633006,0.018206233060535915,0.0035826031369885648,0.020955318932998103,0.045627037203135455
S0520,Seca,413.58671226034323,416.060037640993,0.04858435448481354,0.04279903859773026,0.001505439129763555,0.038538878619209585,0.00927673655833597,0.04007740369111651,0.029643451832955355,0.023512397076705008,0.03295800223927534,0.0102195379235121,0.02680172273499483,0.011935235638774492,0.03861336669370076,0.02462823243272516,0.010125828805175308,0.017676692188718243,0.023185220505323893,0.012065822188997877,0.00967982690275081,0.036494716355362784,0.0005132913436169758,0.01064958909011846,0.007149387412758384,0.010117067977075362,0.0384647060335321,0.052566018670876485,0.011557443433185769,0.02761119177834624,0.05336321075539885,0.014701079193307008,0.03740231719982283,0.014511870765135075,0.002161041014411807,0.019253091426897413,0.024065567654142393,0.031343405262216906,0.00963028712493395,0.004751828790726002,0.009521581064876113,0.04733256595400338,0.003010845598745118,0.016960351099616147,0.010439604030981736,0.02890766638303067,0.025693086342303613
S0521,Seca,428.2740117872791,410.6153932989227,0.001471483211115702,0.04458350508384345,0.006250178207409663,0.02564169043076363,0.00594070433350826,0.010999586211682698,0.0041912189762048436,0.009757909168775393,0.03880697739823282,0.025677471028295224,0.0006725257382333291,0.03589596466412973,0.008714405887957258,0.01861411604730209,0.010626835502526678,0.016354002304234175,0.02105087432332245,0.017100754716654495,0.030729516224598446,0.015450609300515016,0.03608292519309618,0.005813590722797982,0.0022297751808492824,0.006873939060032883,0.027270456728434363,0.056044804771029605,0.011191896098775276,0.02852491455660609,0.0356405267351736,0.02639599946577753,0.0582611011921926,0.02028449199235101,0.04469482451352387,0.0004043670383561129,0.05642384925339205,0.011684554915428774,0.01877160624591524,0.030638291743929635,0.03490995411382567,0.016626117307295303,0.04233823616574087,0.01900954970430966,0.02106526293891761,0.03363945697350316,0.006649178629440205
S0522,Controle,186.13078659577408,208.33299901994008,0.01312474408937331,0.00023082609888554973,0.07354346471086941,0.0017627928951748654,0.05404020045889131,0.01039307286901312,0.024672796483618864,0.009359198553452814,0.01925891715856519,0.0043551310688891304,0.046339719330414635,0.016472089429006406,0.014196588844733335,0.022650332013356762,0.03546086115786601,0.008963288069851671,0.004803013133521578,0.028049733797079136,0.02235384217941695,0.03915237584387275,0.007940507788654586,0.007222312979301212,0.029093015269105772,0.0022850183590424626,0.03039373709824682,0.0015550047842494857,0.07064955863562489,0.02631350625309588,0.007261615258134217,0.014407264874856772,0.03037876808369883,0.028243889594122436,0.024327766292644742,0.0032485106003790724,0.01771090186720185,0.00810381268774478,0.04942824667436492,0.06731221278250284,0.03180594766835339,0.009897441396788904,0.005886652541856129,0.011872486472138986,0.03580930533308768,0.02515508584561546,0.004514442673335125
S0523,Controle,76.8064495303174,160.77284112044975,0.01846081890976251,0.018241297956727773,0.041234336561223,0.011961680876601079,0.02673701580406957,0.011852456624377826,0.002768248980273909,0.04138168797872945,0.019720972346615424,0.01109832396209449,0.007224650101912506,0.0481143804159693,0.0008268761706861676,0.0382078835168157,0.009102455834439022,0.04931397111315693,0.015290048045891623,0.004656947484372996,0.005334803076252162,0.020855243170142302,0.012966449939215523,0.005037176641632405,0.0035115608530902533,0.0430313576269525,0.013415368758776648,0.017249624397209357,0.0021578234659609882,0.046761126711304835,0.020130002226499816,0.023227270941152744,0.0050168618806669405,0.11193595171529158,0.04897420385198325,0.002886765050529875,0.01832552616000276,0.02131234618047847,0.0049123741122515,0.03208676781503004,0.03233798395570669,0.005840409969808768,0.018982644831786948,0.014952505793722919,0.05491394046609416,0.015547498452887625,0.022102359271849604
S0524,Controle,300.42020397254043,374.4103898335274,0.03132084029846427,0.010963252573609873,0.011841802727724454,0.006907053196423833,0.011869137425801172,0.008008206929686146,0.012361406129285643,0.002260461141965559,0.01971796646976498,0.009107242637939411,0.03273943782823921,0.047528933803795394,0.01538978621582563,0.027425246404748704,0.014798215091387233,0.017166628974118563,0.0031744218471949975,0.017088203882444506,0.020309895531822,0.0056121926545203045,0.024059085276556834,0.039061018764084826,0.05616296536519764,0.003402238483642089,0.005963537178567856,0.004354011212639202,0.026366993032720065,0.05512859305033924,0.03335424894174108,0.01514679338715301,0.025162000336756703,0.021081305401542096,0.03504598142145814,0.047015526046840075,0.01607275507567939,0.025839185543793268,0.011123678974331494,0.00781935353759836,0.013650215793261122,0.035772485575820905,0.05155309921316371,0.009723936086078577,0.07012058534622313,0.008864276239003445,0.03256579895104595
S0525,Controle,59.83627793244717,400.6947169213615,0.023262716407950135,0.03596884521821144,0.016933511734056585,0.0015135704511884762,0.013567057331821255,0.02329811850283366,0.04152404577419625,0.02809574524545517,0.04037965912385984,0.006680467419308241,0.014672062240209068,0.014438436356292654,0.0009050320717446677,0.02269669938638353,0.03390029400520088,0.007303627444972765,0.011629850802577583,0.009862426290398303,0.010635852939383949,0.01790237676811121,0.01890155387294788,0.016719243563268836,0.015209196865214224,0.020157956365810265,0.0594753515756988,0.008654494466037402,0.04214467036885603,0.04274666613515283,0.015220786935191279,0.011368624295769687,0.024966646180900342,0.0051344025180990755,0.0537778235624183,0.047430092145101604,0.0720294000270027,0.00020849375772568216,0.016896629978225004,0.02846100447397661,0.03510448429202959,0.001918846079488247,0.007059184103702135,0.03774679833536804,0.00970798192462414,0.021841650523029346,0.011947622140206428
S0526,Seca,182.45968053912625,245.62872319568308,0.003950035122234195,0.0020650921821068766,0.011553000362627084,0.024680997136561463,0.06978079728051086,0.030241599480445486,0.015549421466924078,0.004502790864699806,0.029685251087702615,0.010662664989061807,0.014224049146523877,0.016334184358027134,0.054600098758424746,0.020977478417857392,0.045990680563805286,0.011281983016581553,0.03258605047621641,0.0025792882841773916,0.020244511795345366,0.039065270941164534,0.029731114029553116,0.03230737021488472,0.006857307985091615,0.015955470076196705,0.0395576591593408,0.026824067835054224,0.04950996944688958,0.007093648834259615,0.010603019430453718,0.0038201135169253875,0.009605426156730658,0.006111813796843677,0.04151505148084624,0.04530558263399675,0.009780648081784808,0.01145721513881265,0.015248914552415949,0.01977128951635543,0.009299508727320925,0.021015887478547685,0.027531248938458833,0.018879867829712176,0.019039774154271268,0.03457173772783877,0.02805104752641687
S0527,Seca,479.2145904504862,446.5155097681515,0.011308885833914189,0.03336551545056372,0.002350068791142315,0.01544326889561873,0.00374022270793266,0.028826940513972523,0.0011104483634380858,0.017235859802477813,0.015062536019234875,0.026351170205082788,0.027040569429136727,0.011126801740513106,0.002576146229008368,0.011967699871884362,0.027268572224652367,0.029146531375991595,0.022671558610985226,0.003982440049038424,0.01991534742326064,0.017768607474107474,0.0408679698835628,0.02740309256051231,0.009310440359042297,0.014113303866672667,0.0068753520262401484,0.022209758166107672,0.02259261312499236,0.021911132484663618,0.014273036630894853,0.03661276164788345,0.04779255577986921,0.030549589693706955,0.08518731135769596,0.017936671097339908,0.016274202330411804,0.017310268050543056,0.010228654197226997,0.006932290431920889,0.05775993980430153,0.0210028995325448,0.003176199327913364,0.007886170821299889,0.018848347245975085,0.10729767131578818,0.007388577250934212
S0528,Seca,497.73223629181854,71.95434803927914,0.02454049957944774,0.010932488876762032,0.01933027613609152,0.07477467157905415,0.01969865491227468,0.010445365928187757,0.002256729759865339,0.029217014763229063,0.014980536199372611,0.0033562988431243305,0.02934496441375586,0.004756846511436952,0.02552195367949973,0.0071524879091072165,0.02635957805736849,0.00577362144390162,0.01813603706979479,0.03390349862726913,0.017756692281102306,0.08182675666929443,0.005811049998054923,0.004977463718085182,0.04610328499360422,0.018477932823870023,0.02875034518148219,0.01045495013246598,0.011718260677724877,0.008538259403611003,0.03034402643560283,0.03547982977878369,0.006316598220481587,0.016299579937886367,0.003023049114689847,0.011424826171520458,0.031232528448808906,0.08741498190060157,0.012786535129142022,0.03914021780834544,0.014362682847628254,0.012539878164322553,0.03551708283008442,0.01135133529366652,0.01082227491088369,0.0033084873480330504,0.04373956549068065
S0529,Seca,386.0524456772928,439.53438982948006,0.03450488812085913,0.02103090706884794,0.005562043130721922,0.08353366130318125,0.04127877116254699,0.01709373050159245,0.0026751467600651764,0.02039662480191382,0.006307438583257199,0.02139081855058543,0.008499743280415525,0.008696457920757525,0.014586160983735363,0.03185699100654098,0.002181411830081119,0.009518889212693057,0.03504494739527857,0.03455971595729343,0.024520052857992462,0.03794770520692903,0.03467604427912189,0.021408027534589518,0.0246483194073123,0.010741516296841815,0.013257996412937909,0.03212442726047444,0.019372185639963267,0.03264184758191254,0.017480120353687997,0.00960564416302621,0.016070070520069896,0.01565509717896065,0.025617596783451334,0.015318692258101016,0.04379011090989704,0.0019153411738463697,0.04055325157586696,0.023744101757976158,0.010109086746284515,0.02665842279846315,0.023118384101563916,0.021241014769521834,0.018654426871583127,0.010252727957367647,0.030159440031890177
S0530,Controle,155.4807549603831,48.04761648594064,0.011943414308307233,0.016649191769403947,0.011634036000611357,0.0032012976295031346,0.014046438816470972,0.04284796646314838,0.009604455463333857,0.016728549575977417,0.04135853508098776,0.012622963030585615,0.023780090106468844,0.04295446689118284,0.010535330541119348,0.04886587333065026,0.06315346784805993,0.02292222925592416,0.012238788218746566,0.009536034899598755,0.012117217395218953,0.005454151499230749,0.013483885654759057,0.023489559563406207,0.040264516021594456,0.009596256107600646,0.0015946337387379656,0.020878030318519567,0.015197720620743826,0.004047568213651773,0.01783150000019694,0.018256230166718807,0.029308389377175295,0.05389186895872922,0.019297954603208087,0.030517422503574174,0.05108849883483259,0.008960405153386084,0.011500900379748633,0.012270363652316029,0.016969889889368137,0.017294447426113475,0.034175681369321725,0.029146288784109225,0.02603025154862501,0.03859808045527443,0.02411515853375847
S0531,Controle,343.8325245830463,76.76276102730695,0.050881827031012496,0.0016863694587361938,0.0484951900833163,0.007214277882700665,0.0173490391305661,0.002107489177327752,0.015728073206922585,0.03055216002303787,0.010084776529413881,0.03442160749990439,0.015163202929181876,0.022668172848748145,0.006825747041221589,0.01280706698156507,0.031608836887116874,0.013454100582541406,0.028398937636237253,0.011961651402394819,0.03294498689159849,0.004101419290460205,0.015594328224933549,0.024626275147967315,0.0171495777209639,0.038985762903613844,0.01709729024400244,0.024095057697065592,0.004397361989946345,0.02405563230696465,0.02939610760150346,0.04813436810655186,0.016519860201559537,0.00674473641807901,0.05513431576663999,0.016006893708667477,0.0066624254860327735,0.02758619845334279,0.0027024165205296177,0.10364071049878523,0.004347927160076019,0.017044736235711587,0.01610214234424688,0.03847818345081001,0.018188762805618684,0.015546261298766715,0.013307735193616568
S0532,Seca,352.70318274200633,266.9200066369802,0.003044688149167345,0.05727513782346885,0.0005362894141250493,0.018650875048374472,0.018650944064884,0.014838643814463221,0.028308152600556073,0.008223947693283724,0.03689707113155768,0.021126647050441073,0.0009352606111770499,0.03490398039543845,0.018803676217341095,0.0054310811509662655,0.0025515643586827923,0.03319235487595604,0.01861371025338598,0.09272907748863164,0.017322490546983416,0.0032168459867592445,0.030969675191932253,0.036167016659629805,0.03383661204707599,0.013661238583102578,0.02245642478440866,0.009563038520859187,0.07090456917093702,0.019560888817565254,0.03870994282095489,0.02316289161494362,0.023261403218688134,0.03389966616121855,0.007333443316708554,0.007202752965138973,0.011247674624671092,0.010998461556156346,0.01605315635610861,0.03135895927522699,0.017061294324021353,0.0012927615405068738,0.009024867526100084,0.02332458463695425,0.031697826664089324,0.013154272353302783,0.028844138594055286
S0533,Controle,193.9208475818249,33.75924009370751,0.04825422658259486,0.0763798530148707,0.01278801142495574,0.003427703179967198,0.022008248829724082,0.012065886130593553,0.012825727840633502,0.009685686267841793,0.04300762832243501,0.0334610239451313,0.0037233658675710126,0.003288602136567462,0.021682872195587503,0.028224224036045485,0.017098538108684377,0.050551207357501356,0.009235671300718177,0.010173893935906808,0.025782175640345777,0.013878057257292742,0.03432570592788411,0.011306385751441748,0.01629739963340012,0.009514168221563375,0.010026814476301233,0.007089369760043222,0.019688051121504492,0.023872742733935824,0.04100963049086502,0.02210024295924192,0.009538468920311148,0.03712870341956498,0.016964902948292827,0.014465386639247974,0.030537368050809532,0.014237663194427357,0.0488372491994632,0.033187467075653405,0.015290637108265349,0.018093757470866483,0.045540133630188356,0.01649906706513648,0.024558189203236096,0.008501623446049033,0.013846268177338247
S0534,Controle,320.4443172930797,26.403550700055177,0.009144040298200568,0.025913922345765197,0.044711103662350045,0.0028282528881715904,0.008964955137941204,0.023245675361662586,0.02208771457365938,0.004895687802226155,0.004151753277440086,0.03164428880104519,0.008556169682731315,0.027464484812158622,0.034906901398393815,0.007519497588994164,0.016911975946228803,0.006418169389604784,0.024677618023745473,0.008733209950996858,0.007818506809843723,0.004147875466299506,0.051280182839487105,0.010592734719730946,0.0910539618474459,0.0035714643485968665,0.006551963697110898,0.003848161377207912,0.003589681292112926,0.0358435997169757,0.02241556782630951,0.046426094388092434,0.03556305985425433,0.06760600455443534,0.005451002046946014,0.024457788159523174,0.028347808137406345,0.05301318852365551,0.014508234334545065,0.006055040698568955,0.005880812590288933,0.028925039345289616,0.007569940702747198,0.00949473082114954,0.05221249711000137,0.0174659300968583,0.043533707753801255
S0535,Controle,5.363822487838121,0.25937208285276014,0.007291703199743951,0.0011094505087599212,0.052249627224009526,0.024352413139659183,0.0036680870277601683,0.016589280789745267,0.0012439682845415258,0.013318627485067637,0.002866660577604692,0.045390725583603804,0.0322539131872523,0.055016497313097004,0.01008943324591596,0.0027709443634257387,0.021227287353797378,0.00814591961024853,0.004992649839854378,0.010676068083472203,0.013194005419432131,0.0056665807572307495,0.006504851513840272,0.010468123254176844,0.035857626231033495,0.03582133952739002,0.0029026050410474553,0.020397893548772944,0.023875428087330935,0.0382842294459559,0.01911349414732518,0.021512462678612,0.01440982320201849,0.028879768343107255,0.04120497204554247,0.056316368814630896,0.017131807219322844,0.027496298541760528,0.016668854268458537,0.00974379256211644,0.03486175729248672,0.012598165529222797,0.03928164650650822,0.0268828504420036,0.01244309247205724,0.012350749576680496,0.1028781567143764
S0536,Controle,104.52882930112072,218.15832984713157,0.014957442985192877,0.010498573492610744,0.01939507226486963,0.00023977548604246454,0.04028080979886683,0.017277255750020294,0.008268727148708029,0.007829465418438618,0.01270669359587778,0.03196720328405692,0.030519894369044683,0.014867160807596215,0.06523975578682704,0.01654168233514329,0.010820038942599492,0.0670890306953052,0.042986446757869314,0.010422684505674877,0.02142617433401539,0.018957668742870932,0.022219985449044712,0.005322012624618576,0.009883120857726977,0.06138766825826778,0.00852805997792494,0.020263723535536907,0.01635090895328958,0.01094708673890686,0.026582673130800816,0.02480522377918903,0.0353379974091679,0.022118500793975416,0.004462547404636071,0.0022334525253914408,0.012084770646765408,0.005559713987970515,0.0077240366085720765,0.02818823058964943,0.040792280665019484,0.05631873051610219,0.006926894972688601,0.039665631621402256,0.0400214053849174,0.016733928104348483,0.013249858962456436
S0537,Controle,262.54415148363057,387.3119406461149,0.011232429010295707,0.019609899936945653,0.04235261031144857,0.004118583612676763,0.06697356243358016,0.07590977309136032,0.032157328549539614,0.02609581737221728,0.01649261958392484,0.02906960766240024,0.015069877936044238,0.005751163034322126,0.003063139123973308,0.013109338339643728,0.008164287709358958,0.03575635565009381,0.012205849016927143,0.03396902178391699,0.004418062654532165,0.03261943565621052,0.0706535286018132,0.02716820052407386,0.002433307734318554,0.0023996556383651894,0.016169697988445947,0.07361747093486805,0.01946045181200386,0.031182285255841095,0.0303297904113573,0.008001582814379102,0.03291884583065848,0.01102405080351485,0.012663828660476556,0.020338414886854925,0.004215721735496439,0.03751397662330181,0.00972377397143714,0.00675008710147442,0.007626583352115672,0.008418632328108874,0.0050964926250913955,0.03591273327990241,0.017185533576083562,0.01601145155152793,0.0050451394890769835
S0538,Controle,81.87565212914794,17.419175139957833,0.015433969363023062,0.008631056906784831,0.027727553743888418,0.011489945810433048,0.01318419878161584,0.06365557114056442,0.02572417764430167,0.02744949259739997,0.03331919495168838,0.03374645495856342,0.015226116880736407,0.011138667296783623,0.024266338874795918,0.019271380340160557,0.002843711510406489,0.016742207839405276,0.026628170616422624,0.022296492492779107,0.01521485251517471,0.022518355236189825,0.018818283992806845,0.04078347049330049,0.017392983457897276,0.028132990464467232,0.043740813878936725,0.010944776025750313,0.04832351123639666,0.002527492321401143,0.016141941088227505,0.016922932240443805,0.01422514839714773,0.016834016045976084,0.010625772838278768,0.021142888632237896,0.030034004852073245,0.013469975927719608,0.00536138048753084,0.0525729886966657,0.023841663338988003,0.0059325213002122,0.026278603023168604,0.025566103621779898,0.005636230222212984,0.04131085121296296,0.02693074670229994
S0539,Controle,82.95343393826681,326.1288032329277,0.03582061586714747,0.013236947132807007,0.082425150618493,0.0028888426731541327,0.020111290164674455,0.009256589847360148,0.0028367723497485908,0.005745977639986302,0.02283002844620104,0.036344282702989186,0.005277357131531902,0.011765885122045416,0.019190235876748313,0.005997045292097802,0.05342769047143528,0.01751588085119632,0.02021588483454171,0.026774640232342786,0.036057737904978834,0.011150958834103695,0.028536785534285656,0.013523590159457163,0.038381889202930425,0.01027462367655598,0.014204802154869947,0.01925923425095982,0.00926319432053439,0.02238476654172273,0.02122440863066338,0.0029993665333451183,0.025813992026372072,0.021740221808781986,0.018777256899552196,0.0035445190212584693,0.03494918706199951,0.004243541935894344,0.026739403621555434,0.021570520365291283,0.07204969572477994,0.003069985665342512,0.06982889323953494,0.029929637247370557,0.030068559849801717,0.011648927632611673,0.007103182900945332
S0540,Seca,418.152145275119,411.56365870809327,0.02336392328192819,0.030943644288306565,0.003509149636357989,0.037868709192963056,0.025915412902971793,0.011002479088645278,0.05907385975486232,0.020515814025161398,0.008844613635245795,0.02725692570663789,0.024633262098751982,0.020709408698156843,0.05333712605628404,0.0012053673931331224,0.06555591351770539,0.007340186733373051,0.0019545362256633307,0.010808140731024676,0.0054420211023425355,0.000667576546226406,0.014424173874689172,0.07166460069463071,0.0238475674821961,0.015317494593535885,0.019834785381386586,0.01675367830753581,0.02968223787737555,0.014897836691445518,0.03141017682943633,0.018476721505033527,0.006588595238971817,0.01610342958729047,0.02906852501558227,0.02125810386502948,0.032684660553152924,0.03252219614539277,0.01294402171605583,0.015895119449499936,0.05630691306384519,0.0064377689945760395,0.0039637317769807634,0.017330524103328134,0.0021436705334907415,0.019522261325687018,0.030973134778109805
S0541,Seca,494.56650134180273,84.00042428893556,0.00805740924337821,0.011681408511561794,0.012241608530462375,0.045066121948532975,0.024661159249735793,0.01560680425538531,0.010469541762038322,0.005167294828623146,0.042784733648375615,0.029378337875065556,0.006972469358660407,0.029581503926806772,0.0133727440580322,0.008142083732080882,0.11412274529012649,0.001972095044384398,0.036814006604498205,0.01847608696563138,0.003792318597791897,0.01189196678848938,0.015315649417099854,0.006127081283788785,0.012392160708730867,0.06347503920441651,0.02506141563217236,0.0482969991298347,0.009431662167352532,0.022646686267211686,0.036758064282686964,0.016332692656776854,0.004841528805139383,0.01692848202258964,0.033430489745071804,0.008907359746731302,0.020559879117887998,0.009497365540647043,0.0018625528029010215,0.010549706214732087,0.012728402109082696,0.010168565830563494,0.01704954117200176,0.012746357177754011,0.010433191640242756,0.0855051648223296,0.03870152228259317
S0542,Controle,277.9847140142242,73.43186741070213,0.04656605229976149,0.009945274438739316,0.01078658807221605,0.00754623062663917,0.012340765889147527,0.012236268788232089,0.016577401543778746,0.028052917466443724,0.013596706736636233,0.0007025947363881873,0.013717606777659616,0.021716740167556398,0.013325255015313429,0.005756328654507004,0.033405537327226134,0.0156477701494441,0.018959244303909002,0.007134440709464446,0.01061683275665888,0.018283470105774552,0.007011876767371129,0.015564608086805692,0.04107741850404676,0.06228317930014585,0.031242691550077775,0.005998719532034163,0.08323014238276014,0.019568368394712952,0.0048660205454927555,0.015051594450119221,0.02236094643262821,0.04266804437434195,0.004819703027127627,0.006607965721303594,0.02008032142161538,0.010972385682270061,0.02309319760384945,0.02672232262201853,0.029275906852393462,0.0018810518889915326,0.018916662160304753,0.06310846955869773,0.04235340943394327,0.028437111335765552,0.05589385580568628
S0543,Seca,419.5348654408567,430.40048681026803,0.004850956981508472,0.046677274830628314,0.00932475286187958,0.025018995527814603,0.005054079026541254,0.0005670790174231381,0.014319268683962246,0.01798167427018055,0.010980508924202324,0.03026140008871878,0.0328734088754044,0.011606089252199251,0.008258544171765917,0.007402361340246845,0.019358225670102015,0.013803193952620625,0.024761072127189015,0.009770390712459678,0.022876492780673927,0.02208141748828031,0.021982649847682445,0.03523438496370721,0.022766548843262364,0.006900852680458441,0.009868182264860616,0.03377820690659308,0.0038625137659136994,0.01478763450522476,0.022290150145940057,0.007552701720519954,0.04182819507116737,0.04427078466572547,0.01952992165636439,0.05073633843467188,0.045017832429290514,0.012415227580375722,0.035484541905264275,0.044248951309717614,0.04971942533273482,0.035112615952930165,0.014871915040750671,0.003445777568306237,0.02941251788591049,0.03872092187850907,0.018334021060317573
S0544,Seca,495.16083216313626,411.56230497504737,0.0007124457462173244,0.01542117245221414,0.01322058246131341,0.02744030447144463,0.00983347623958858,0.05474750413482449,0.04368639529468434,0.055936111585149294,0.025383652955560502,0.004625210371283504,0.006024616614909526,0.012075715017445886,0.03814796508244363,0.02852582337649412,0.02485146663230383,0.00045536532959474093,0.006140564578333386,0.03723766792980493,0.11034878262878936,0.024971814826041338,0.017199893792656948,0.03321384329231598,0.014224197216068631,0.003311806985810613,0.018262714675890454,0.012258824970144546,0.07098415073596007,0.016530675721288825,0.005442787764364339,0.00904724622410413,0.003081834352200895,0.03360674622460199,0.008137159606396075,0.008671722577118436,0.009903860845342904,0.012849031056634482,0.02770079391639455,0.020140089682761195,0.0005350000144534055,0.02361089408231525,0.0444938151984368,0.010020562025216095,0.028566974895696085,0.022099027683461572,0.00631970873192499
S0545,Seca,70.79794428438734,269.47088313209343,0.019584198193649476,0.05303963287225305,0.03150629932843489,0.0332269928631103,0.028370023812336814,0.014830539247184214,0.02646555099947815,0.02448924041678161,0.018859814949594024,0.013643486171570957,0.02543050652132994,0.0077136991613248156,0.033325991669165826,0.12212941979680352,0.004339652723904676,0.031109058162146628,0.009187889435817708,0.05108503415820043,0.01949200182065537,0.005740043472250331,0.014935980113346814,0.022821763003353923,0.0199338878591725,0.02480950646753533,0.023236485647677472,0.012174807707148412,0.0023874005103143533,0.006572355841426937,0.003505754882997722,0.01555486286429018,0.007616629518447843,0.0045461604034478485,0.05270916315604891,0.027573755307078653,0.008715803431460964,0.014919828571993773,0.02190178857395387,0.05653145895584685,0.0032951013935970763,0.011039172342401295,0.002859915567230187,0.039744081271870395,0.007925655418090214,0.018047925830065113,0.003071679585210633
S0546,Seca,224.12280662717555,409.59993964699015,0.004347621051941391,0.014912236095739844,0.006948469795452802,0.015277188489528637,0.009282281867636036,0.01251439121047584,0.03338263363963666,0.019706799989581785,0.02113187479964177,0.0404096043810257,0.0011558915065822512,0.03411440567972579,0.009809912282397373,0.024511426542550646,0.0034695913958015627,0.067226315207929,0.027519046532571766,0.017766370420316945,0.018262971940117757,0.025026728938566337,0.038831810862422836,0.007038668184447193,0.017010991389230155,0.03170329753774991,0.028866386244034484,0.002433444973740149,0.0007233105031830427,0.02929940519617124,0.10284632243580247,0.015317859224114343,0.04286935397299472,0.014251733426601177,0.027721867645692577,0.01373766436767025,0.00454504381133818,0.0187739580743882,0.03584619773831687,0.031021387651628093,0.012455299012648895,0.011811533916753795,0.009845975280600603,0.015353507451736161,0.010158255430977198,0.03689511459420313,0.03386584930633442
S0547,Seca,196.28635792095994,46.37803871224738,0.0018534276612380868,0.02613916935837492,0.0007976169137100831,0.04005515075587177,0.043271157649515474,0.04787995695101177,0.006586416416462639,0.0055530072234504695,0.03239586338099449,0.04704053757873951,0.01557898992107711,0.045053458923539284,0.0037743964049366183,0.020309954646423697,0.030712197228660396,0.008538502380357924,0.036749337970170305,0.0042778001450034155,0.021751440523719977,0.05173304220432279,0.0007167896392602167,0.07382794033707157,0.013778021271016454,0.004891499038276166,0.024495566477292268,0.009110738731093814,0.0038158609062327728,0.031820218173076745,0.0349423053798892,0.029551724665398446,0.01807833632445243,0.0022363165888856914,0.009448610473748887,0.006334758568745791,0.0265570951662697,0.01642413842510045,0.011551875567554808,0.016245819265635637,0.0014885979855470478,0.0098147555569818,0.025786750049510185,0.012901612079380191,0.029241498053951032,0.0718904148912475,0.024997332146800392
S0548,Seca,40.02464182309251,197.2407589693772,0.009195370118608912,0.013959284434006026,0.05229541841056003,0.019762385230810572,0.028459465751853385,0.028605117927204368,0.02027644934585672,0.016855710351680327,0.005455097310336894,0.02656401856906467,0.009423459319017348,0.03978227960388882,0.06145569839982355,0.027869242337381896,0.0114028806421826,0.009155157290835686,0.009607568726685944,0.022051471440237794,0.0194293435251027,0.05367217092132026,0.013173174632022338,0.027859781098047893,0.030751607524687617,0.010147446132569099,0.057304201451417354,0.08374074510712932,0.009585158752078044,0.012621280296475782,0.018156890618109683,0.03729395159621798,0.008511508612875947,0.006192350885994964,0.0006923720868656358,0.019222721577653833,0.028319443247023672,0.0038089084046689717,0.007470267312818654,0.01975576215321546,0.02589062509500668,0.017732303748314304,0.015571536080030484,0.017830483270142305,0.005006390895761344,0.028670714699694063,0.009412785064719936
S0549,Controle,377.66508639737225,368.89877805318645,0.01214439958853874,0.008341943071964567,0.036147833115857085,0.01635299958814166,0.04935388816488568,0.03417314753763083,0.012450196118599637,0.004898659375776326,0.026612965384702557,0.010782852321960445,0.008482924413690548,0.020065365747218653,0.011405389146531003,0.01402407454752039,0.05653855016253955,0.01330903207445436,0.06303476958053131,0.016974943881198565,0.03817716616011913,0.007713450145416337,0.05195110143299827,0.009908811697451449,0.017567245755780028,0.05942396344291395,0.019059830441891322,0.011005664313318527,0.025825828524459537,0.01330053378455805,0.007228755487212544,0.07778068524636346,0.03314487319553519,0.018143568272618902,0.03817759639696209,0.004699728206167195,0.0029209773439721797,0.014177115991991522,0.004657489685659703,0.06112464104967502,0.009189791205240804,0.001718975200460748,0.004993915450024459,0.02681854204049938,0.006411617157590334,0.01489481384339126,0.0048893847059867795
S0550,Controle,216.8895136612965,128.72597966198168,0.028790815085088458,0.008701765008340984,0.00469914677198198,0.0023861645398851406,0.014687425025143383,0.03427252807257833,0.013344528730543937,0.058163269693527676,0.0039344704851843595,0.011506504502531241,0.004359140977550134,0.030259324240714872,0.055408562685019674,0.018236302139817664,0.013597553439802451,0.015265065697995423,0.03791035155575438,0.02398530533172616,0.011338812056694635,0.053379729019352694,0.050228439357290613,0.023181764808755057,0.02292673711601896,0.037058916614149624,0.02084069916472613,0.015426036402133895,0.02506510602288353,0.03334101813420772,0.011052647369967316,0.008519823301414367,0.0520312790410784,0.0051831153079204976,0.022170229021386652,0.031656575554563096,0.014527426978539518,0.006182564526703161,0.0019505988344166308,0.006895983905990824,0.02675291817465962,0.0023311576968786697,0.024975876869576436,0.02107843957809857,0.027072654672211892,0.02593559730622012,0.039387629180975145
S0551,Controle,234.66346709520064,376.1644572167764,0.005626445178235083,0.0011933367518849882,0.020475900330871943,0.004138966553526681,0.030853684011129198,0.01100917586898008,0.01740369137864724,0.006878367639820295,0.07191679209815018,0.028339379146615596,0.03245757372984088,0.014704955074309757,0.010240744590133683,0.01149216992866456,0.011264187808389446,0.042396644197518124,0.02530560139054417,0.007136135581127216,0.004823950762266574,0.019772677461138755,0.04502667223505594,0.012256440104794597,0.04577938402205975,0.010995529322798039,0.016583909663336525,0.02257405611075483,0.039910474533673856,0.038248821167664766,0.013001989121883118,0.03333683457583592,0.040452915720099465,0.034982044187227,0.004496125296175896,0.012664584992758335,0.02290160791945656,0.02134766246585406,0.03508491093029028,0.0265173674361396,0.029489337142920468,0.031134082165086646,0.030571813713747426,0.013157810587252343,0.027205726235742043,0.006632685404886431,0.008216835462711689
S0552,Controle,75.3364869066201,252.08930219540693,0.03377258953288302,0.00781006483474557,0.017880439826872672,0.0052168618515466,0.00405435524526239,0.04332065913523942,0.0036833389980530126,0.0136198795936499,0.06045317180228329,0.006540447500411267,0.018584258766305768,0.029777555879190454,0.0048099382765634975,0.014858246345325437,0.030820412957149435,0.022860887130774922,0.010267338594622604,0.014361851400646384,0.03762477013820321,0.021207001216285857,0.015793670972219703,0.026383403145651376,0.013192809917832157,0.010406257805424758,0.012123719072406747,0.010081890598296478,0.005531997616551173,0.004005698044959587,0.016666484547931824,0.01829256862185817,0.020464769717148116,0.043290956684425196,0.013983030960193162,0.009590224418509478,0.014396384814581158,0.023202053799496195,0.020264535961082582,0.04454140253659208,0.07523455444122101,0.033838785231354654,0.012548344094482125,0.04184263503585489,0.026266872409268782,0.04616115525099454,0.04037172527564957
S0553,Controle,90.46332611543406,375.1329939741165,0.026648480537685624,0.010021211618192557,0.016661155081191696,0.02216914463893524,0.04225544283729096,0.021619663587979492,0.011449545244401692,0.01604878116877413,0.0036900968880603817,0.023499245048333124,0.008016052907696294,0.017561502727884377,0.04283973212740659,0.007168197918881696,0.006664495143939845,0.009841394472026432,0.005997151646449505,0.023182342241480865,0.022654950619186386,0.009465819864954574,0.05060514535442588,0.01809858439011381,0.03563086857199854,0.007813461895898629,0.003082089771837964,0.04825714463387291,0.05027642920313007,0.05470882557267498,0.01586058483776911,0.04449012600684011,0.015470469761894689,0.037456365439505555,0.01711590301006125,0.026979439235442507,0.0033489987403695354,0.012377602264792583,0.06071711999509621,0.011951095838535594,0.00756729846964691,0.019300624964631585,0.026477286934827038,0.016922946355389906,0.02340802333249476,0.04384963709868524,0.0007795219993132068
S0554,Controle,453.5518110781075,232.33981892866478,0.036202771757114886,0.009137115788320762,0.008963458815561272,0.012319995130709045,0.007921160897210596,0.05345555280504012,0.0034500898018548485,0.009282064870402099,0.038115669396863484,0.0030622588786237705,0.042248070731307846,0.0025752195286414324,0.0037284596317528687,0.012507298938188551,0.032720656559072255,0.020964548558362356,0.10232533275658692,0.03619050935416169,0.02159067276256386,0.023979886245491515,0.05480188562781378,0.055577524811548894,0.008805780956842256,0.013617922761230647,0.030544950505855588,0.05288117592867028,0.016807149315989738,0.0228483859843781,0.005481975352519827,0.016066014590571845,0.018521190219656522,0.0028639746107142535,0.02060249539714558,0.02277067340447855,0.02050896052083517,0.014880338191040142,0.002738804814795576,0.010974525203903528,0.011471451637920302,0.019275436173424646,0.0033332378222448934,0.027900847141690346,0.014936719830158495,0.03208217583696523,0.01896561015177569
S0555,Controle,22.32454448713944,183.9521701109088,0.01149699505084145,0.004009858647865324,0.019285648568239958,0.0012128371283184978,0.030125054995957627,0.033059676819105765,0.0028175276652625016,0.023273420969444476,0.02764031644386166,0.023814330849064546,0.0003863739891807783,0.01907222364417222,0.03983741929893287,0.010781366374515404,0.01187075953164818,0.005643700585037464,0.0535167445124364,0.012474041290707496,0.022909030888645845,0.009553358621032217,0.06568909557881376,0.0235711354910342,0.04822631829581043,0.022279614430088274,0.021506678619816078,0.0044592596044623406,0.0036808647962575376,0.0307307647443605,0.0113643448375375,0.023446465035288758,0.02802713836438557,0.001357001316629625,0.024181772637389982,0.01722809074715486,0.04355007508468321,0.014474719563617669,0.034510176477744646,0.01694238263631428,0.02763414937369564,0.008372496802519981,0.017388107564060423,0.0208401349218483,0.07442897705110366,0.0318310596169229,0.021498490534189042
S0556,Controle,116.42614247185313,109.59460823931616,0.03156140121177556,0.00018775323985322466,0.030826372456403857,0.006062668912564266,0.03933919360087565,0.02913667086844643,0.017624118723184146,0.019813121879679964,0.09165837187560293,0.029464973209204184,0.007614737044127404,0.01866170231392949,0.0037097796980101972,0.027329545859598393,0.032125038366634225,0.02707278552752864,0.03918877491838697,0.004699704867469044,0.04113737206949502,0.019210048035147097,0.01195239608639978,0.01001858745655666,0.006920793639919241,0.04871888694631178,0.04381858144130377,0.01278145416387726,0.011016325814201797,0.018232815210475237,0.0371380552252882,0.01275324266281309,0.01772966991946121,0.01563470299119965,0.020794744071714315,0.01003263998540718,0.04776431512506597,0.0033262378565701513,0.01062506963132802,0.013675584986505606,0.009897379538696799,0.021103560448099728,0.04021440837620057,0.01970710615413317,0.013449759825291369,0.0190699288086135,0.007199618956649269
S0557,Controle,146.0296651572642,104.18967071750751,0.01453510269415616,0.018551285006279727,0.09408913157157582,0.002773178907963613,0.04805876319614763,0.038668887537877034,0.012890104921463384,0.009941205969797312,0.07841185882104999,0.010514139914488864,0.018705634483616798,0.09373007588354584,0.01085382992708114,0.00789592328092606,0.0031153210547776346,0.02089393708170938,0.014456460055698719,0.008865039995379713,0.004367994081028934,0.03436632294052446,0.005188768527610756,0.022905890973653465,0.0068014090972692886,0.007050805637546679,0.00502554566836188,0.008724476991604037,0.023732142416252155,0.018927846227107803,0.004398550629076995,0.0426609989565829,0.016480805452309937,0.012670617981933969,0.019576407244645266,0.019052335058661392,0.04367503654338791,0.015583955409097105,0.012562691029061782,0.016723736378144633,0.00464125359208989,0.025377021661814495,0.004635824221048075,0.03312703617548295,0.025833201105924655,0.027260804242769818,0.03169864145347372
S0558,Seca,245.0987712007932,375.745405285698,0.02376637334613067,0.046633784465619096,0.003746130388456625,0.04082138506430695,0.0453759792263751,0.010621417057703551,0.02239511342432219,0.019658007079858725,0.005386627772075039,0.053799974119398616,0.02351936430517502,0.030477646536138464,0.02600321900821804,0.014776306901190056,0.025523030640190868,0.0015308499528937569,0.011400565791205323,0.00961800262344694,0.030780707864118868,0.03388902500552407,0.021860279064681,0.00443228105472395,0.0279612405526396,0.028823102862078682,0.014498562897993672,0.04254770613912335,0.013625436361208146,0.005520629606006138,0.011986506391624734,0.025836706136742806,0.014228217195280106,0.008671116659025853,0.0064784220517852915,0.0421968054050162,0.003928670531432311,0.010764625605142712,0.024799206806379176,0.015968294129324684,0.019012825024913863,0.01752561755950891,0.012974992409680587,0.016180682665426646,0.035735734217114234,0.07990331193405621,0.014815516166743358
S0559,Controle,293.222586507398,59.45517401698025,0.04820772492778062,0.0037532411760264465,0.04256288353757743,0.004385126904195644,0.010002616775073287,0.006641146804080087,0.00874896169597187,0.006803781983000227,0.04928142191618537,0.023988002807504284,0.04214617563534148,0.0127144142356869,0.03142852710291355,0.024773335902495176,0.06169502768778801,0.014974332949438474,0.03397013182372467,0.027102524733270583,0.021357637915295834,0.061210707218457804,0.03996645129926761,0.03474507134931778,0.008031154185207605,0.016731998541919185,0.013040167427523565,0.013256152329543133,0.029618248263135465,0.0557519676957028,0.007705171788512238,0.008602798746649421,0.008079312238098978,0.04568043607233871,0.05803470775871261,0.0006692406902627775,0.017050953836628094,0.0032176693888279254,0.017783540485443415,0.003960400685731784,0.016771231721795628,0.010721373642629888,0.009289157682819441,0.016879676427458985,0.014375470633874485,0.01305837977958198,0.0012315435972089699
S0560,Seca,246.64498792533328,42.99117505547257,0.0006029069617428123,0.049025138918167274,0.0016787118525779358,0.01493523186721509,0.06136843710055875,0.0050619370198859695,0.012093206604301954,0.047490209582690894,0.008877231180319575,0.002838071295199592,0.0026137084714895563,0.01773065356696696,0.025494249659074035,0.01971420369368721,0.13284301439836446,0.0323855152139641,0.025517782437881,0.014328995984775253,0.016374058009852043,0.023439976980154705,0.0031685585688249604,0.02078217480057558,0.012215135068542759,0.01813160893294016,0.018536457442803484,0.003462708054645852,0.01619506086050634,0.01584618319850665,0.008926411324735565,0.030448245853706767,0.015416173983122148,0.0007620493394078148,0.016150773278281298,0.035004499793802976,0.02231872459048817,0.03592714035522223,0.03134658221833226,0.03667810309249157,0.021156118132856002,0.04909608554452764,0.008207534888426894,0.03445236139016962,0.00866232972394589,0.014055428950130565,0.00864030981413766
S0561,Controle,42.057667278441016,88.14568251106508,0.043957988129140084,0.01708679563470518,0.11321287156283788,0.019266012938209325,0.01986928822805829,0.015404364389365,0.04555146596778628,0.041621602792343365,0.032228308261629875,0.007581758381378351,0.017687329015644866,0.032617003121354425,0.03867316784634802,0.026047161182846282,0.012024657864761411,0.01258143587254266,0.0067136309485739875,0.0449371210163685,0.019183434789061083,0.035294562119482904,0.004738528050770372,0.01922422932064826,0.019393027936097026,0.004689853460291245,0.002419406228850978,0.01646191859119144,0.013490926305135993,0.0032124805998175817,0.004022998659648411,0.01760828211055211,0.027183256057219427,0.017684572415340168,0.018430356959000572,0.019264919258047238,0.003138799061011898,0.0006109826013039287,0.01076730270669296,0.009451160142309728,0.005371419275589456,0.03048584236233898,0.08326327262219382,0.002401748804228582,0.0009300082301484123,0.03701932594231882,0.02719542223681498
S0562,Controle,121.83372702785678,87.67325572696095,0.024107921572158377,0.01811468367598773,0.025027266426624686,0.002898836257087132,0.0053271203656111415,0.08555193597778668,0.020730047313852168,0.02214079432420419,0.015844106466276202,0.043159209200661915,0.06729621389689372,0.03179891098507659,0.05485996445149871,0.024828383125509775,0.060212060849254595,0.015715789241034846,0.013067082754809566,0.01201952217188646,0.016525247567035113,0.010529925798442029,0.0031328685338438598,0.029138907230871005,0.006674077585929017,0.059008681119811335,0.007415484781949064,0.01299978183270402,0.013289987687517232,0.004168590440981433,0.008083456029646205,0.05924194343553669,0.0072021757692019486,0.010394758462805168,0.048057423013193205,0.02339571294518939,0.006906773975028487,0.013418058538402883,0.030706277340677008,0.022414418653094258,0.0054028759279796884,0.010655592973425885,0.013025923632811263,0.012267702012960385,0.011680480484661596,0.005443250082130588,0.006119775087956917
S0563,Controle,421.7941923812706,411.55381140344986,0.05256989219132993,0.018277052662895272,0.039996164881563004,0.008433225049104515,0.03999719918212977,0.010293087854365638,0.032090598134538094,0.01905659084003643,0.004999570729441975,0.02059128267100915,0.042194377445782125,0.026640312059271132,0.05000817793322635,0.04985692541094329,0.01372387527270395,0.037623212551210684,0.02966597137636489,0.020111487389777704,0.03907202222221037,0.006466208520741194,0.010975505869832938,0.012043426883694825,0.021783705572114134,0.0038357928307675253,0.012548023875195168,0.014156526284454962,0.02433728524828052,0.0023511448540270365,0.011470134695398154,0.023236477951831005,0.05503079213894347,0.028669554881377055,0.026302623182066193,0.021667675068105356,0.026739167258158954,0.010634109764531722,0.011888467475504086,0.03639723622771611,0.02009867403252559,0.006195799625386186,0.001146691206696134,0.013767883809535244,0.029247865780655056,0.005438394253525362,0.008369806851031728
S0564,Seca,318.7943502392295,199.2533117371062,0.006952773494727018,0.022488448718480197,0.0031668005422444,0.021411188048310385,0.024262205174617572,0.013215832627475846,0.01898508004465958,0.03806569012902307,0.04289773722184228,0.007493885924515052,0.0035058243481468766,0.020691856743692335,0.04226400410697402,0.022175479749399884,0.0055521538969911105,0.026262530529675174,0.031780421659503365,0.04658965681508613,0.003019796760578972,0.021092968814726235,0.018654794140930533,0.014514669724706228,0.007768742778590742,0.024023785066895512,0.03585243885279261,0.012381637670946709,0.016948022163640514,0.02640213890093771,0.0027982388476812114,0.03525328609366312,0.04880471476832111,0.05348236955919799,0.015936428351879396,0.0181785498283549,0.004082300057556729,0.014823420715784439,0.011437371068803959,0.030515732233394748,0.024269113300143443,0.0025323346489851237,0.02560254176891342,0.0023490814202373703,0.009984514022565732,0.003684554261916068,0.11784488440249104
S0565,Seca,324.5745250671372,495.1942286802412,0.022636096721157024,0.004049274711431143,0.020868954251567817,0.014676519069391126,0.01501597065975508,0.008420631012728729,0.05418589544519381,0.014935949351779247,0.0269807685203888,0.03830238641477465,0.0133441850959279,0.0053064197859088134,0.021624025436044695,0.015302966823573896,0.018521926998216264,0.016875995748966404,0.05272124189845427,0.01819600237854078,0.0259555472417146,0.0037978443983312416,0.013988937254596915,0.012884600998359322,0.008701733452930616,0.015695821766792916,0.007967290587244892,0.04314740094586131,0.007086550179893059,0.009876862325911027,0.009165990898024943,0.027525309784246686,0.01415787198063197,0.006995954721338493,0.061285196059324566,0.027305055496478464,0.019503780812010405,0.029870621555858026,0.08677948511964494,0.013491831583890116,0.02994443259173487,0.008028071073896111,0.03543188425039032,0.0065782116517763035,0.06398789666686905,0.027272394821318262,0.0016082114571299812
S0566,Seca,335.1016276756775,68.6056288953062,0.041941695198066176,0.00655899500171634,0.0019240569453906715,0.0050094846050112146,0.013009804665011716,0.044877638926840706,0.01893765379515722,0.007559059903052366,0.01058371979454272,0.05306790387632991,0.028035158921627463,0.01756294833040243,0.008023709657695367,0.022486248619901315,0.09022410458948693,0.040968171708034073,0.00476651471039389,0.027148820840644038,0.058184198779604075,0.009674713245377579,0.01952814433543747,0.019331522184850156,0.023968532636443104,0.014247872552861541,0.010476755966378041,0.006253838648988982,0.012965492729976772,0.06960804527025982,0.018525023074184594,0.023061719182811496,0.008341205037227689,0.026363768403305936,0.005675363031294184,0.0032908145315837644,0.0069256211061658555,0.03203623580925351,0.03459202462940794,0.01135061999477276,0.06891322322667855,0.001655271358612202,0.0101825868850376,0.014002937516655005,0.01933127355080512,0.007324531518476041,0.021502974704245847
S0567,Controle,381.45150951976456,326.7699128468217,0.01940670679446509,0.010386203294146142,0.011903372692645213,0.007047803510783073,0.030287882905088416,0.039665399548629895,0.012644596331525265,0.008577872977475868,0.01665156863606763,0.015319592362735158,0.008922610518441976,0.013316956778335729,0.011460625948199616,0.010926099662836064,0.01739587841341286,0.046011344875555533,0.00818059439875465,0.06998429670386523,0.012920398321463744,0.008731704870248649,0.01095542937948341,0.00243442293693841,0.017877115420470845,0.03548003740808141,0.019610526835141435,0.026084601550332636,0.05346150246352008,0.009515673371284169,0.030288074162105882,0.03328819670840223,0.008447904040533642,0.01569363379875427,0.00876173200862877,0.02774519506120892,0.018336911258679256,0.010355084540294053,0.016588951951336535,0.0010995717751768703,0.023482238710115528,0.1030308343171317,0.022252456852818635,0.02116692683461528,0.04918912120289673,0.02095415526841516,0.03415819259895836
S0568,Controle,29.054240860723667,224.3647536006253,0.0033712297891597604,0.0029667345573452268,0.030436563284823335,0.012684122672118827,0.021171113362407887,0.02811755113278343,0.0020977049645846484,0.0062813679764587025,0.014013106606322724,0.017605317833311887,0.009340552115198488,0.005040779189760836,0.012542110745591384,0.009644269040067271,0.007740591781005935,0.028823073698788282,0.008037108717443536,0.015373944741305256,0.015128794291637174,0.011892450326627226,0.06237469407227941,0.009484213724815452,0.0059346854201184655,0.039317135924319076,0.03059350304919571,0.024496995954511613,0.008313315943310912,0.02954771854929286,0.03518337583279552,0.01486290380277913,0.012996776143029054,0.006206469809007234,0.015873195929779704,0.011127697965957077,0.009438287535839467,0.01221912578219348,0.06686636034573906,0.008644257498136274,0.08246385988809356,0.11711544961010595,0.024379610957233264,0.010955685002155914,0.045620100506490194,0.03957673521387853,0.01409935871220132
S0569,Controle,183.3041924663062,196.459088348537,0.010028953035929185,0.003558849261812765,0.011790103046070815,0.004067770104310781,0.02335791643973711,0.022199220636227323,0.012508326771671482,0.011516550964157242,0.014663995604689317,0.0565445833177842,0.07553429358615822,0.08545660801742475,0.0031035192007665075,0.010441495131181025,0.009521851413506387,0.024426511310962587,0.004505189578042332,0.02374351628840967,0.027144484868612016,0.017812152284943667,0.0014556782825297827,0.00859340694868526,0.025516580473366784,0.03835730397276424,0.04021811688401463,0.03393492091789903,0.0048068161405664875,0.013615122081686606,0.05309725522790819,0.007275282187782108,0.013409867745057164,0.036307825409713716,0.007026322373382595,0.02257311707617922,0.0009475707866616131,0.0046461202396238,0.006466248474506846,0.0187412243287697,0.012051408109505498,0.007557491168839186,0.007093614683104494,0.04367005907426305,0.012218851285150904,0.11003393249943737,0.018459972766204393
S0570,Seca,269.7637176308393,437.54209952704116,0.038458502560259886,0.023925949436593118,0.006482758021972757,0.06244114376799852,0.010818146734049312,0.01577725547207732,0.02368697911669901,0.0036622331594819433,0.013684963407857515,0.007384398620481881,0.027309581701250127,0.00812097033750125,0.03917863416279345,0.016829779312618275,0.015611959391359292,0.08151697060154281,0.013974681514097654,0.02824286519663127,0.05681236741816824,0.017750637422485324,0.0014482076500332314,0.024837353223575484,0.020336367173900458,0.057546120025803095,0.004695521598865288,0.014123867005728988,0.025738962588488415,0.03179099871513621,0.005472775660179808,0.01309721455080925,0.013889754317065501,0.01267414285143215,0.01643134074966306,0.014957545231544592,0.009007374330658194,0.026267926458950163,0.02158632947490441,0.018037761324299795,0.0078071064579811975,0.009960355985760087,0.10103806414069115,0.009566471825544766,0.007928095759787323,0.017412286934295793,0.002677278608982435
S0571,Seca,169.22824164866302,487.7978229141998,0.011351025070503869,0.050618010586146324,0.06300492802457831,0.0029994678865245955,0.08147545639773257,0.01990310200718058,0.005615496411148947,0.013699276914268954,0.020304701210053403,0.009514983663621893,0.006471584836684674,0.03019806487297974,0.008126097947607566,0.006888531449245314,0.004330745340575271,0.009900425722667482,0.004835513361681862,0.05585863566158723,0.006618963192340741,0.016463416088560046,0.02311755828352679,0.0215704885741743,0.04228935447878149,0.04310709298001455,0.0024857994031159433,0.03540572830662553,0.024121084924179324,0.015472963687242028,0.013910390153199472,0.03144694033450187,0.020972559745996697,0.045051614952219196,0.012965604296363197,0.01902218671935558,0.0212021865303963,0.016129275373993442,0.01374841236939947,0.01169860761531524,0.026920844909363355,0.0627637764094106,0.02720628602443441,0.00789781130870351,0.010225750696158713,0.006516618964813136,0.01657263631302652
S0572,Seca,422.23943664359325,436.4294793870894,0.00419585289236054,0.018996122704129717,0.038659169797603726,0.014029919690270596,0.03285698431561679,0.038894314039828105,0.023103048216427207,0.008131267724954197,0.039087245187706794,0.02248352030803577,0.01526958724752739,0.15743478418978296,0.020499157105040865,0.02206149150791432,0.005159997412592347,0.013484621336983303,0.009680631234315147,0.005285494362481497,0.016050071689389822,0.006730920310174151,0.01016141586156191,0.007686412214373076,0.019266503350141167,0.033300702920864476,0.0015541004646388863,0.023533852034104744,0.007682897955474532,0.008203194834858362,0.014945610263752103,0.0050316146630183045,0.016160303983688316,0.009754756914157978,0.015469154566482228,0.014895760991129842,0.06924842669170508,0.020027877643156455,0.05370112826423527,0.013040266421223455,0.002989321617928483,0.03518518863127066,0.04415244995990425,0.030891350892135315,0.013379981115660118,0.00915545401057361,0.008488072460826356
S0573,Controle,241.28625429364698,96.15033951756652,0.041906764099837714,0.0057449000511124336,0.010192728834845023,0.004080922548815806,0.032613417120778705,0.005847353581033862,0.02406743540179849,0.011045363663581425,0.007373835513989051,0.008151636731809133,0.015479896627122496,0.027973668168301557,0.03491430867365452,0.01054831271406967,0.01886943265183941,0.10761975511494193,0.006997350267938517,0.022989353243441014,0.005332917465428688,0.013636297030162003,0.005384955931806045,0.02896792304228713,0.008214318493351509,0.06670340276466943,0.0185127769989558,0.005395339331089742,0.00997207178856063,0.019882993477522107,0.015961315902422935,0.008431720159410705,0.012476360736990674,0.010365847664360946,0.011652548529151758,0.040405893608002424,0.011153111714755411,0.04055107886167932,0.017708761751837568,0.05158624132561733,0.0043786398974413,0.051276741552722306,0.005379072645476452,0.018491402410700658,0.07010192815309525,0.015416772685091971,0.03624313106849918
S0574,Controle,384.31379472968956,110.39896060446702,0.009613680732328506,0.0018984168256565364,0.01160794449423654,0.008430692614637228,0.00817817993491813,0.019773235441591305,0.05461885860751123,0.02278890553023945,0.10721437120565354,0.010031399119603102,0.011741612341898149,0.007212485729004856,0.02504119431001903,0.004689434021696085,0.03914329043502198,0.0036842622970287738,0.0044320934238745455,0.010653999114042413,0.0039739442017340375,0.006336768853105232,0.06074925559711811,0.02183675699570641,0.05689252892047588,0.03433467956365649,0.008559919956163037,0.02402194753349318,0.01334875789879695,0.007443180759657049,0.008535323512262973,0.05283702425104953,0.015729787125677797,0.042033272980512265,0.009262022267212682,0.00644737215654371,0.02904696162305358,0.054354063908775396,0.007811232431811543,0.021709912066835414,0.02131316667295296,0.03260383384501644,0.012116198472717632,0.016460979572377524,0.01825079212414092,0.02966327229461691,0.023572988235575045
S0575,Seca,426.00775844058455,328.03693954753163,0.005861166491234695,0.017298537900635826,0.005858363731931623,0.03290044111251253,0.031156351040748688,0.017316958320118595,0.004146359803723716,0.02478687206878191,0.013389377014987127,0.011686937347455278,0.008896142414598364,0.02404846246598694,0.0034631681641207196,0.022869631442842625,0.01010169768895281,0.008958911198714187,0.008397944913115967,0.01852987238059035,0.02635188323583947,0.026684825646744462,0.020158339678711945,0.01977617240930674,0.005567106579357178,0.024813445528961548,0.010547080550693028,0.011609936273183222,0.015145445760326162,0.0424149300732698,0.04880271724973008,0.013192278717637852,0.05057791594540956,0.01794133818690925,0.04661582089691125,0.003523377120855615,0.029229396837638054,0.014603340813344395,0.011516211460176867,0.03209635890274623,0.01288618574782955,0.12172718380538383,0.02361782056354082,0.033755434024094325,0.05180694314103009,0.005603062660263361,0.00976825268905352
S0576,Seca,252.39574145174905,144.54179081909584,0.022336295802062218,0.034486280194478,0.008343168937156233,0.04198760962845905,0.020835849659160938,0.031695152093293176,0.007787231189563232,0.02434628406948958,0.008725700427262322,0.03764078667915685,0.0076535372313179155,0.03465691590663342,0.06821254881636597,0.02368744718113766,0.027035004403105075,0.03006266572942046,0.009768105276220717,0.06881140111961809,0.00597656712265393,0.006746762442892366,0.0033776080573059107,0.036810133890421565,0.029638238051458068,0.024096225238307005,0.03128192710320211,0.015581603919405392,0.032409951272382546,0.019791553219071598,0.0016325739675578663,0.007294229878094052,0.011812940044688865,0.002309026363449709,0.017827151909486284,0.016002713777644163,0.0032550553607110047,0.008539934234715572,0.02602137035554928,0.005812693114467221,0.010897508467719613,0.024115449170264903,0.03265923326637221,0.053575968561135966,0.02010205623146143,0.03318503795127039,0.011174502684409985
S0577,Seca,454.77612193567495,367.36256539028994,0.010220206752911843,0.024191379555153564,0.01762493240426927,0.04998521282886079,0.02995803513577505,0.007109495245131978,0.012271790195649501,0.026892363106880493,0.03402428041171759,0.02359188454661215,0.044447783687522106,0.012324558385296145,0.005223627874483828,0.01661769553192587,0.016330509523394134,0.009878934136039814,0.017676282619614365,0.017511631205247374,0.047434940023409616,0.004611981397178467,0.013152330146924674,0.03576332496325067,0.0022305548653150367,0.09357542793097803,0.021327948983200905,0.034949964143040115,0.013503440247721843,0.07355893943207717,0.022879041713978754,0.004581909392892019,0.013927594411584069,0.009905605283856938,0.003398686538884819,0.0051284155811677805,0.011631396412409902,0.02436784536823788,0.004403334965142863,0.008635230624448476,0.029802380287258148,0.07103911472199814,0.008946061281879044,0.022346713883617295,0.014162467554634234,0.02412428548217346,0.004730461216253674
S0578,Controle,293.5619702684903,283.2103254048223,0.016866291543765163,0.011951037874349322,0.019097057085705436,0.03200736949426363,0.02237093113203999,0.04153313594991251,0.003636568003975372,0.006372508824528287,0.028680280612867884,0.007013486362860819,0.030475640194781283,0.011027144728430055,0.06844579438695259,0.000605666831198561,0.09870152968267742,0.009187637591145041,0.007926003621257395,0.01320681481032644,0.008348631726547165,0.03951067700345721,0.08547843768531746,0.019819565934785413,0.011310415146726207,0.011363677664725982,0.0053300032154457696,0.028104654286883662,0.013308142436027367,0.011002580001051218,0.04134364434879113,0.00342787982510402,0.008890076143043765,0.03649526833244535,0.012523429141618005,0.02442953506591076,0.036529871330787736,0.037124863843175225,0.006086339277117108,0.028863598481087906,0.00922791105666892,0.003122626816856762,0.004093204325609286,0.03976266009783186,0.0072679207806534245,0.009182340890633333,0.028947146410660686
S0579,Seca,425.1371494168609,275.4543842452015,0.007869997458635989,0.014566794874527736,0.01027515438980049,0.03697822267740095,0.046111592213802954,0.02436039311301654,0.006218301274583213,0.002850928611897388,0.04131217872542045,0.025805217352863275,0.014508851970601519,0.013098642017761815,0.011719504890057719,0.01610308111607097,0.002556317992251882,0.00799914451596475,0.009506417003265755,0.003342905358335179,0.013136651129759381,0.01613061025229611,0.06647151503869683,0.025551852483443136,0.012862808619422069,0.054127205211249606,0.015265283413797548,0.008006694246758678,0.0028521985132498313,0.02274364467665665,0.013362065276366004,0.010123025433004685,0.008075377639724119,0.019575680583724074,0.026977731242193954,0.012917449603962112,0.012468435242126763,0.08394334204587972,0.13340491627024206,0.019496228976171776,0.029670611321444156,0.00846737489038092,0.03154715011862535,0.027710823866611944,0.007649548619614121,0.0041028256615559125,0.018175304066784005
S0580,Seca,170.29539779576214,414.2734624193929,0.005809462583462562,0.03885662335035978,0.0026628606511717627,0.012467090051288116,0.03210439022207553,0.023898202380961946,0.007973899019962295,0.010143787018353069,0.01445380341471662,0.014483688710987904,0.007711305181011385,0.011573408372874645,0.00819955553756739,0.002389962100481591,0.007475852578604952,0.049336584343226055,0.007611943070506314,0.028341310261850102,0.016715147878862954,0.02896816553796781,0.00880031585061719,0.02527732642981693,0.04145896534103287,0.06778948820633585,0.04338960264786879,0.01865600670622014,0.07742516901788918,0.008619703061131698,0.03413777381402699,0.012574674402988872,0.0069234824504331135,0.04876666676939589,0.008555909154318486,0.0377219797742164,0.03317765130241388,0.008745520935883589,0.045754193320152556,0.026501230380444527,0.006005324559988201,0.005483544714205412,0.01948660784435222,0.04043368104138657,0.02615029018459094,0.013312853788539749,0.003674996035457018
S0581,Controle,249.4084792657426,355.2663858713389,0.022888354876681942,0.011039265071594223,0.04039377787654958,0.00019340703204299433,0.018691615323163987,0.07111879594960284,0.049424700271529017,0.010364099361573446,0.03376550115548055,0.011206294892690094,0.010606816380339765,0.017385056140315738,0.022626450308163452,0.008263544662479074,0.010258911517442482,0.032837900932321334,0.04385027789407021,0.009473594104311247,0.019096435007275925,0.008545648541273678,0.003470332230368761,0.054402990980455174,0.006225720461607088,0.024293961439301764,0.05092138575361511,0.012163197631038455,0.00425380225744864,0.05011023162690897,0.04390275836963946,0.06840607707005454,0.016414542632004796,0.017868088488089996,0.011466409160630879,0.016419880902719088,0.010147431178040987,0.0034606440616723865,0.013381087693520656,0.020500979122181864,0.015602177791637245,0.031023839529652212,0.004437966743474341,0.021592576325094325,0.012835919018052854,0.0223509831052367,0.012316569128652149
S0582,Controle,265.70552050228883,13.28888249864585,0.008521079862408796,0.028993529685543782,0.010863628494618976,0.008518051231591967,0.04095854522505594,0.003224364081276338,0.00729888774083938,0.014197077133421962,0.022078543704951915,0.07281048259018977,0.015533714887282044,0.013638284454884584,0.008748909882087976,0.01876209321772094,0.028789963565809765,0.0015854306661154686,0.03024605757702315,0.02861006868246072,0.020554564199743726,0.014269009017704582,0.015948088239836473,0.06074180800241943,0.05308489510781673,0.016687463110946803,0.006122398227049816,0.05241104905523246,0.03770608057088489,0.005936107603193809,0.01550386094355681,0.009770254815930478,0.019053744854496714,0.012411632245580315,0.04230293085314294,0.03878843089654557,0.01825128643702889,0.045094384395547214,0.012462047936397882,0.025111651048497132,0.0424365716018863,0.013931311345958248,0.0023274581106828797,0.012132325187880814,0.015521582705492957,0.024324531626716894,0.0037358191765458583
S0583,Controle,52.489857948035294,24.729568573007843,0.013492994374191545,0.0021979370979896954,0.014488242393471034,0.0018998366172334534,0.008437425079871925,0.004711710161549988,0.01485148318002457,0.006656890288817863,0.0791228266776198,0.11992335414867461,0.007142063012812799,0.014996304899147534,0.007435217256881139,0.02400781362848104,0.017096682063656003,0.0017942843641594968,0.038318042907075994,0.019236343848960037,0.008332415305928513,0.005672057416049176,0.005952505003158157,0.004764850773754246,0.04689005733891631,0.0023803637572362125,0.03394306127211192,0.016429123939325597,0.01860127093746833,0.04766561958471538,0.0026913349678976298,0.027094954681785598,0.006836739543242206,0.025964860747739876,0.01032985030829939,0.011395884056158663,0.061454404446681515,0.010539826304427242,0.013023202165642301,0.015466958449404706,0.002370217084536885,0.0242880315688233,0.024929640047251848,0.023403216120900117,0.013473964262862096,0.10854203037677326,0.031754107538291144
S0584,Controle,199.2762533507703,300.7792262280079,0.02817825732282168,0.021625427239489473,0.012598519119792295,0.001307301579844299,0.04192331399097297,0.026699995910368715,0.009163985015418792,0.01954913586725651,0.011065978100963153,0.02940777528787252,0.011738125925777203,0.006687094595532479,0.0859371641454832,0.047595771268285264,0.03446775851649463,0.008887815838557788,0.002520291106003687,0.028786998574047148,0.03966367826174375,0.004988284621364562,0.05447216657330199,0.00742022396959914,0.04239471809907228,0.005460042665160382,0.01712659215863572,0.029331981803054994,0.005961730048107482,0.0053691434140349945,0.0448537944913335,0.012795543901559129,0.008901647847784291,0.012013309739069541,0.011615299151581266,0.03162587404355034,0.04080453000071383,0.009516861513337527,0.008678348997897274,0.011264814320573498,0.048231862488079875,0.003114901224825009,0.018503865466211578,0.01469399305895662,0.020404428855977045,0.03622420716619545,0.026427446713297196
S0585,Controle,458.66883627583803,243.09603781113776,0.006457907029269259,0.023566755079844685,0.021643758091183716,0.011067182881394319,0.0643193164816937,0.03964225774863629,0.0071940181844642554,0.008622269302009544,0.03203445075434017,0.007031549181077362,0.006362106665030468,0.015498785065292215,0.030917982767112953,0.005931952136492897,0.02601364044592915,0.06187586474850802,0.031238370814787583,0.0065760816563272895,0.01649388841498377,0.003196142333971527,0.008380077430326817,0.09570165272364935,0.016931235649112468,0.011484317374478806,0.013803794943035498,0.020292745127270917,0.014555848047724715,0.010039719166324033,0.0075962074645189465,0.02830557936946013,0.032729689566560645,0.04823303168470121,0.032462479827791844,0.007673506106481476,0.011110709453488757,0.008918754625641645,0.011292983967046996,0.027168131895610178,0.004366774299219686,0.009333400857857397,0.008887651356809488,0.009681111907912219,0.09215549718797285,0.03997299684755427,0.0032378233371004005
S0586,Controle,315.4161201823712,130.0923276714957,0.011964104160906285,0.009202529588225181,0.03578019839255577,0.0017344502864839945,0.020905664679502906,0.027182484867848015,0.009608367213898307,0.012446268798624273,0.003597020976726254,0.023298205133164114,0.031684221991154414,0.032421945896355615,0.028280829266355192,0.04234422762013074,0.02132899907222808,0.003945561565117767,0.024341830088250093,0.010024345831446034,0.038641345094744164,0.009536911768792617,0.021154536394663206,0.060431014244427594,0.03372042491379882,0.027125245297862997,0.006683214853258556,0.011673928220223145,0.001705239966746586,0.002842206089055859,0.04557671847920342,0.030170174708677288,0.035054443613812,0.019972660402092682,0.01000140410970847,0.024663085912333283,0.031256141067833726,0.033106143282621577,0.02876406634649868,0.022764123107486843,0.0213739021765334,0.007402966655854776,0.03638900854644934,0.01101059198049616,0.02829788521432441,0.008259357562991232,0.04233200456053601
S0587,Controle,88.75329121848374,209.32804365740083,0.0645612519392354,0.09222332513556876,0.035930610716214215,0.027037442328867085,0.018208761788231706,0.010942848028065118,0.018038196285845198,0.008821203620355858,0.08729943604340887,0.07967152642444544,0.005696466714842052,0.00385015157668224,0.01330244559754517,0.016175509706776073,0.0012301463669663192,0.016043323798672227,0.01769357678816908,0.0007490028781092283,0.029019240814625164,0.0035705572432874907,0.002053667657064139,0.025974971251751564,0.00804081659025414,0.031239041909663368,0.04825988407781764,0.003992328061976687,0.006065626112990193,0.005971205741704965,0.06185534587275992,0.007760057677124685,0.005989442385742731,0.0003298097426379783,0.015059990059156765,0.013821201375911848,0.010707180533532331,0.017003746107774477,0.012276877121612724,0.018640958589618315,0.02925881855083175,0.0012042003555930805,0.021106789977019397,0.018840680076419897,0.04512018272809092,0.002009119471055838,0.03735303417598183
S0588,Controle,169.4278178048025,378.9551593664303,0.020934412191729052,0.001660617706546427,0.036644626372617235,0.003424352910509676,0.02099491032560899,0.01527986610707853,0.027365674681293452,0.010958757696347512,0.04819494741451926,0.029466732755372906,0.01407153589506338,0.012041918592430962,0.11571344592429639,0.047022699127795435,0.006445752231679631,0.05199071104459817,0.045548770967771976,0.004677927138096459,0.02604690412483569,0.007472458447981415,0.025873035519331032,0.04114405873195047,0.01970045680508785,0.024826892003235276,0.007371519334368554,0.010632723294462597,0.02485582145406201,0.028148348433274555,0.00780722768824138,0.013546634663852012,0.0043114871441849445,0.021557891841279545,0.0031227302701948858,0.021145398513353945,0.015805257363150416,0.011101326143410958,0.0021704342725123705,0.04255036639758528,0.014774926381391922,0.02122051475003916,0.02173816746111594,0.018818501986117352,0.011420201939009757,0.013904882472952951,0.026494173479662448
S0589,Controle,95.80150483134992,413.305742328965,0.03820741841169133,0.006468483763684204,0.02543631340153931,0.006153466148968949,0.013379926844675979,0.00559983757378033,0.004080986704454683,0.016405606523952163,0.008554670396260238,0.0037939753081168218,0.01679219845445759,0.012744510427160193,0.008036633649444404,0.0030012773801398242,0.005691856130141087,0.0263452707023041,0.0026073992076589745,0.04481258123617456,0.05226510150530541,0.024492197235821647,0.007901471996795275,0.019504279236663948,0.012395255369538803,0.00987535373739404,0.01166853703995539,0.010371193121809239,0.019509149099051,0.019364227397072064,0.011053558159453492,0.011211504090946157,0.01524002695094919,0.040726010129086665,0.0682249629927767,0.008353363535017335,0.018171374611007478,0.015481899774924335,0.0021218745037804776,0.010686924743515229,0.06157147389803784,0.015006867814159183,0.0026757929535475254,0.2363882868578593,0.02573765652988947,0.01634161486095316,0.005547629590085081
S0590,Controle,12.41156589928627,280.6115339450221,0.034426637181518796,0.021038591280534792,0.007893570251786138,0.007630386145345933,0.006783850426213064,0.023934068763188137,0.01159056602416475,0.03407089416661556,0.03236988566508507,0.03128055870547756,0.021887102282507835,0.02699304688703369,0.0751063540291082,0.012825819784141207,0.03252289364775592,0.0012468355200205446,0.021852913278937652,0.025778093092445546,0.043028218738626764,0.05032948181530334,0.03795898681422863,0.015511128725492951,0.007767080459345801,0.038689263578291146,0.006962553618467062,0.018019754477038418,0.031059065385178174,0.025875815180778382,0.006570467451943825,0.023472800321492304,0.006197385326711106,0.020714182709156193,0.003938970520217053,0.013786795291133427,0.006890995007656033,0.015751158262844733,0.008893347999410925,0.042857311169136846,0.02098026927186692,0.023685630731703673,0.015761981647982117,0.04032103875891418,0.008923722562852402,0.01349273657190543,0.023327790470441936
S0591,Seca,463.7302292520134,192.6847404285515,0.00048515676508103096,0.01816675456629678,0.017238830715246786,0.050388016641854966,0.004669290583284328,0.01226327795506666,0.02348572161538829,0.013984565461403597,0.026916340992713325,0.02305364033322473,0.035009255207555316,0.010383849508491352,0.017731721020458776,0.015238242261156767,0.02640766845662987,0.0070391461601800025,0.02183162015698783,0.011867161804995583,0.014388113105845916,0.05108538662926932,0.032784986055849084,0.018181276668828374,0.007627603979821785,0.01896153158919896,0.011045122929618895,0.03458659788903759,0.013206680712302018,0.033525466166965244,0.08596744363643596,0.016557135177504012,0.01042771546032021,0.046619671032329814,0.03713250754785658,0.016866372338448062,0.0035640223216168187,0.01645282889674695,0.02859879926365894,0.035716339589764876,0.02113360326998093,0.01802242190375807,0.00985284665652932,0.014453300270979923,0.054900210912193596,0.0073946071913208716,0.0047871485978019076
S0592,Seca,224.10366412843575,135.3483807475535,0.018039657992274073,0.010037567544378297,0.012574648612547316,0.017334957221410666,0.035574310852886,0.002083620717880601,0.02037226389947721,0.012159955013873378,0.0041301044807781715,0.014430674807871545,0.031768948642276584,0.011463638479020969,0.032335691534416046,0.00938854810183858,0.027797837396503836,0.025749408209688598,0.030910688244232105,0.022174068097378583,0.016728319596235844,0.045624165098828884,0.030009541068438506,0.008843392052098218,0.08161617580144755,0.017992313230502974,0.02310288649726884,0.0352813690225908,0.01908491963576248,0.05999297101094676,0.015793774017828447,0.024548626743695064,0.008701200103133765,0.0031455553560960753,0.008168328050833278,0.015702769909640937,0.008203661404812827,0.013653385509102431,0.013421515325776462,0.019400038990837278,0.02930660951250717,0.025706469132061347,0.03782178087096946,0.05360128702729846,0.015488154074387922,0.00983867664523651,0.02089552446292938
S0593,Controle,153.76753621039308,260.9592353846267,0.007222072238862067,0.003834083416780684,0.003743349853346237,0.014030710771682015,0.03361846796334971,0.03471787934672756,0.020446544094651787,0.015307443718749076,0.030286118740833066,0.056280317362863846,0.008522069024670311,0.005983331367211591,0.04817486452363323,0.019504936063505535,0.014629717972281296,0.014714342174201176,0.021802214176689295,0.02079012625278509,0.02349011565856392,0.0038729382371131185,0.008292562304817471,0.020201432670027043,0.012237769701585471,0.14702908621940614,0.021287890021511647,0.011769198352242027,0.03891663665087573,0.04929663525845538,0.03460941253148079,0.007587757113463796,0.009927004415813677,0.016787625905201532,0.04684302555172264,0.004523068934286622,0.016074281049245312,0.00892406886827884,0.0019009056396499134,0.010844091734752093,0.019503038250042307,0.04181113970820495,0.008772854440932159,0.012219774016326729,0.025827741090360363,0.01464778638861704,0.00919357022419952
S0594,Controle,299.2385957788683,157.37480928219048,0.030470985720759444,0.005934784502589988,0.013189152339621679,0.004992174974655541,0.029701021531217918,0.0553490359419339,0.011025905989200568,0.020447650738368538,0.03456526992965804,0.010295337067596087,0.02306007980781919,0.01714970435248791,0.05281050186578575,0.041012260546170146,0.00028582490795825557,0.01789729127869653,0.018142214139893205,0.025689668323638035,0.02467509716494256,0.025332183897977863,0.03600671940891329,0.018082967267500725,0.013072185796147743,0.01600834783403471,0.015359067614029998,0.023960352756727036,0.004079690132865092,0.009967818517999378,0.005369386216565204,0.024235629374501043,0.024518434675571278,0.010920220408528301,0.03390475913462116,0.014222767648701888,0.032352715124836146,0.03562672361043574,0.012087385673612493,0.025415271631445878,0.021041986354675697,0.01310459593222985,0.02427486969686331,0.014612014535069134,0.05907360824603851,0.025039497763803018,0.02563683962331219
S0595,Controle,3.6572281465078182,282.04756852361146,0.038532455604911885,0.00032918058647912936,0.0705082610072354,0.011231327273792878,0.002731590574495872,0.015562280288347642,0.02825723901394975,0.020953615960998633,0.057322495359055925,0.03461111691504725,0.025789194850353532,0.010099927576672685,0.005770738116797892,0.03533100054328006,0.0015115149691764657,0.0033182272063143796,0.033225961479422396,0.014548713943611067,0.026012256226236753,0.004388648697937095,0.003227091135414006,0.005966300910346774,0.022082908760318792,0.00808051562101842,0.040986919290832466,0.014049224542427897,0.04044000849084915,0.011668209328976721,0.0390326175431734,0.012134281140917223,0.026399968003116798,0.061807178580937414,0.017031587535201714,0.01108377600845213,0.012915575678151199,0.014271495607979075,0.0246614837102341,0.042771250773925504,0.0244830744642203,0.014739999234486805,0.017016429790603985,0.010392723056898735,0.04982023805405527,0.018157688721426937,0.016743707821918405
S0596,Controle,139.01105330040693,338.3261912548188,0.10221309285957916,0.0019073075329720949,0.018336537356531776,0.03506280094529686,0.03199095588829713,0.011790580640151949,0.02534711201343886,0.037068446532117,0.004947286202140975,0.020936610677521353,0.017741938361578332,0.0035775285240222474,0.036021240881623985,0.0076328011834894995,0.008003072674030956,0.05551664600531939,0.0390455612168139,0.0220103944921566,0.044477052531488814,0.022256531136518598,0.012416826218671802,0.005034961490893549,0.004716605418515809,0.0032606031008081383,0.01328077159798701,0.018179980479889227,0.014425581451148747,0.005791609462237146,0.019720425586243352,0.03109150049840332,0.027191094123423007,0.010113693711336786,0.024615566479251068,0.019241316371786436,0.005445291003621415,0.017381806925970487,0.025494570191232368,0.04471635979239401,0.04475740044774394,0.01084782272045498,0.01757631882143595,0.011283869212560206,0.038966250970567586,0.0035526323235003207,0.02501364394483366
S0597,Seca,351.51673284944627,33.03960545969742,0.004143795622625,0.01512345988842986,0.08775056153044135,0.06303468951332745,0.021629760466243948,0.03394500909715158,0.019085349398769,0.0384839021447269,0.014188332038205638,0.006164789321710708,0.01570187786983745,0.006562547704405084,0.02708744362044594,0.026047809792300564,0.02927033094861539,0.014704156126612095,0.03743231146791937,0.008133199961922036,0.029891527776449264,0.006379999908503215,0.009188634194810679,0.01207716937731876,0.015087235997050369,0.044753931058590234,0.018008856970749377,0.003292097215882903,0.016937005424073597,0.019327408894105346,0.016494770509194144,0.03037412920934902,0.008512107372357353,0.0201488681328178,0.012307257939591247,0.01634956636611368,0.022500456309106246,0.03918311912447183,0.019768833646438194,0.011839081020871771,0.02770818421065804,0.0059597347484294325,0.011538067368800751,0.011628668017850785,0.019770324166310447,0.0673790013753141,0.015104637151102137
S0598,Controle,316.8848865346315,0.5337325113736191,0.01151090671992223,0.0012919420818999926,0.00804875199524476,0.005798634405080032,0.020943611729103667,0.011379089810754106,0.01935353329310622,0.009518194849528826,0.015065976854907907,0.008218618129963988,0.046360991188541326,0.0645277013393691,0.03949862839156132,0.019501301899950106,0.017027726470340888,0.012842095468842893,0.003957676450716088,0.013487227559278002,0.015805317759502946,0.028657859488784118,0.02133263433250603,0.03630300496274879,0.01267877303109291,0.030240241523962028,0.017068647777678487,0.010408928113242356,0.030818702681925395,0.04308373519832973,0.011861018058438621,0.050811055953921984,0.030506311574315072,0.019120443756884535,0.04035402108416703,0.005304138937774787,0.017686723127543887,0.0253810955374259,0.02922233227297005,0.0420922090377001,0.044597876850966604,0.007139336551670413,0.03310642991464877,0.012819176850266543,0.025152020060602596,0.01803869923576011,0.012076657687058652
S0599,Seca,490.90297377126774,106.13856942037148,0.00018750019955328086,0.008894706491900443,0.003928092833195179,0.017576471663180448,0.030183125917392972,0.006295733691329349,0.018300247422078177,0.02352650407381571,0.029401174180644658,0.005874261502355461,0.029932969717962863,0.0016149790620651077,0.0037434472674561644,0.017369275094078908,0.026364338477989017,0.027274362091339717,0.016352280857071504,0.04327386860985849,0.010563711741635088,0.019150546417816806,0.0033083057789920576,0.015143926345010982,0.01595905565836198,0.03706130441315301,0.005191183502996154,0.021831335914284232,0.04278517144409737,0.01765235607572679,0.05777149971509764,0.07127834329053141,0.0451768352200511,0.002736527399640845,0.0030964891764445873,0.004325547551963782,0.00605893190398992,0.03563200178296659,0.03415325957791278,0.030226047810358106,0.012371320625168956,0.0027195521379154357,0.03510671896459962,0.021866770289264818,0.08192953303461868,0.04773296066855848,0.009077424405575454
S0600,Seca,310.17885482902204,447.2557488593905,0.03656261814540651,0.025877758426974377,0.009804840542016649,0.005242940295587638,0.05643692421821565,0.0199119583824613,0.03729516120548525,0.00708921880285793,0.009611771122230703,0.0020906011540666606,0.0013758707065020044,0.02989645206901196,0.011324191935809812,0.003429200043549157,0.01613173382238436,0.022337515475491135,0.018464265756191058,0.04788263358285997,0.03751990762100691,0.012476572135492026,0.025121154041931753,0.030013232633445217,0.003143248552793647,0.03100078945025264,0.0026641975333478074,0.008597698803801413,0.05057611492175576,0.008760997271390883,0.004415543994723259,0.018789641384520953,0.024801533329014455,0.002158928475296642,0.11559491794797794,0.021638890942555212,0.03404466658030056,0.008448505384143035,0.02444455949858234,0.018024021700936674,0.016895416498957046,0.055153311734156274,0.021937938172500844,0.004458890220156238,0.015404807007879686,0.03149089363002808,0.011657964845950835
S0601,Controle,238.7529368138664,323.1453816142796,0.0527133762569033,0.002720558843981902,0.1012416028974923,0.014909929383262827,0.015458394054923207,0.004613268106983521,0.004525125143984266,0.018100966869755132,0.023247945775815928,0.0673195907798844,0.06529576801283091,0.04132839973326112,0.035300015247497825,0.03935094448208152,0.022050780465799908,0.015174497342457289,0.0006543939704084033,0.014139053949690714,0.012734741202823615,0.014566590774092166,0.003368893075864304,0.0036358191689558348,0.03580643589123446,0.04688866811057712,0.04147981103357678,0.003885134874615959,0.00937795323984252,0.012541501514090147,0.03203749995766071,0.0037329291822744254,0.01576132134603668,0.017219142781803413,0.008137713173259856,0.01885921227282853,0.007809518783831707,0.005387924511747431,0.05341375266436093,0.01156525957183071,0.010825415614623558,0.03868186066976578,0.013386046533594475,0.0176146572392026,0.006021966021917135,0.0011074259167542556,0.016008193555820217
S0602,Controle,380.71628159200384,85.98017596851143,0.07190252396498645,0.0007055465551486967,0.016287486493979635,0.0020412824513403806,0.020254810069497114,0.05965821666275519,0.035694121501627596,0.01655317647107068,0.01776402320174115,0.08954448917483496,0.011711471192542419,0.014376555596567323,0.004501518878847817,0.0036084332324498596,0.02167027323845584,0.08006858239867777,0.02599100224885216,0.009455075921193308,0.03632514801326111,0.022003849445278285,0.029372627299484477,0.028454260872191568,0.0188319560969391,0.02373230455306836,0.007086164533247678,0.020797447681871417,0.007790044189168229,0.0013164889300276929,0.02628778472520292,0.012767218208966424,0.036570762271627304,0.011438729634229086,0.016519923598251326,0.030707208916787136,0.004868172083299977,0.0007000726599985574,0.005418292902704986,0.018830704491001785,0.015706397076354506,0.010762569170591109,0.01019733963321045,0.008872161312746322,0.006288883541480467,0.0075557706989079956,0.0790091282055333
S0603,Seca,451.66393598202654,445.13198091180936,0.012009206746294507,0.014251186905443183,0.0012652155480193412,0.06371536347442046,0.0083988907885834,0.013093889453522089,0.031646170462782994,0.030061414476406697,0.00889713834923482,0.001225628442078062,0.012680360648803105,0.03386584093172389,0.0447847885019368,0.03919946905503643,0.011364268094792936,0.0318371623584199,0.00277023720063822,0.015795325063965415,0.008289884748686862,0.004275964758725142,0.03654049654381328,0.05554930389967067,0.015976861689259308,0.008427200756718605,0.011119829830408063,0.052989703188363824,0.04008091353243578,0.007633708526334298,0.014660410363109035,0.015693645968139564,0.009231203380532944,0.01694515484794174,0.01787810614569126,0.03556754131660545,0.030529699216956314,0.02455229019645889,0.019423290277760005,0.07905601158346297,0.006431510532578831,0.04249100200834198,0.012062801569253923,0.031928617084808944,0.01509289376876929,0.006923920605871986,0.0037864771571988346
S0604,Seca,360.3479733591758,234.97797014367,0.03309139061969071,0.023180733122369374,0.005858028426308204,0.029227018331993624,0.011526311597311897,0.020504133882146804,0.00996886459955626,0.043040790073045065,0.0046892889085032715,0.006717626909556411,0.015382376759440548,0.035917711913499545,0.042055827471761405,0.00744759178026614,0.06743812383639668,0.034389370852159575,0.0036431560340189264,0.0031486523060854556,0.023907173111848194,0.02680887068599319,0.015147007815212306,0.018488363167803196,0.025048756111337524,0.05112859652852796,0.018823051994792124,0.019118004672417838,0.00903042716646463,0.0076275936692912485,0.05906884434479206,0.01887220381424433,0.03163541866373977,0.003519376176883001,0.006554031641003029,0.024019538714694276,0.017676278892195255,0.013790292956788333,0.016501106507437833,0.043571801549705434,0.018365734477161347,0.019085319286447657,0.01756474566198912,0.00978919999676464,0.015285213746924299,0.030982324852181317,0.04136372636925037
S0605,Seca,481.6056117746898,238.04587833933033,0.011203349520377489,0.004130347140102177,0.00762193424831571,0.03252299569907252,0.029606433799026437,0.13612633885272596,0.051202738969347336,0.012765224976426832,0.023641996736742502,0.017578592225978795,0.0420940473545871,0.03922789840123058,0.005168444015487306,0.01835537683992128,0.019599983725489104,0.009929487656125578,0.01033489763480797,0.012483764156352373,0.005551816813847255,0.009557404844670166,0.005665112118928337,0.023072605832499447,0.020844665357253395,0.0163200719015454,0.028275650917369343,0.013489716267665824,0.03198024779257807,0.0032020495330037577,0.005184148362458115,0.010624019576794824,0.029423881114770817,0.02641175792656025,0.05462378387344816,0.016865676640704434,0.030338337446794175,0.01296660231079709,0.0031394091433213185,0.014413053624115633,0.028948516097812856,0.028257120666096223,0.022423442090899675,0.021040754233223973,0.027397579597611642,0.013390254850801617,0.012998469112311338
S0606,Seca,391.0025853690886,467.77097192132754,0.007388258169386332,0.027749039552550453,0.023030165770007157,0.007775679082651978,0.03842021163862805,0.01595971516476086,0.04190139394875909,0.00849374231236604,0.0776940105192448,0.0087336363139615,0.019688364119198023,0.023529682604079012,0.03155902672444936,0.04178476962268434,0.00955252854817129,0.004223177153697911,0.04292304494434485,0.006841186123335247,0.0069666792681574215,0.03462662986317552,0.011112951947192582,0.01871504804577562,0.01860409050251683,0.00925593160196657,0.00859886733177858,0.048043256322820395,0.025658032502945988,0.012011813427423393,0.005571044803442171,0.011511789550793218,0.01826817299186888,0.04467018254443669,0.07090032273094957,0.020444709041276925,0.021782040514812324,0.0061345733775641795,0.025800682942952367,0.0025461753000630568,0.0070560948783361475,0.014785864804642147,0.05625836769305668,0.0041437785270517025,0.020967268713865332,0.005346697115884948,0.032971301342974525
S0607,Seca,433.40071913096324,29.74334609167001,0.026132858783114672,0.021657842922758536,0.007039190904377326,0.0269976380948519,0.026330428735192403,0.013249664666417048,0.03679008571893972,0.005946260163636717,0.006861930304588987,0.0077677990214642225,0.007718667803777874,0.008479721774970268,0.03386037144751967,0.032039425753672524,0.005358598004341909,0.012864919662288499,0.025238937673387814,0.043723802800338954,0.019797714949784228,0.07841902735702684,0.025913287511798458,0.04420061522074117,0.06671809025136256,0.01500880164067961,0.0129004695382121,0.02466244169486549,0.016538729887831886,0.01535863512320942,0.01567502740841898,0.06379843494180677,0.004906137624590264,0.010259758876828439,0.031267114940401255,0.00946519242291501,0.0088267759504741,0.0403655207226174,0.010025166445548832,0.014726785903971749,0.012721110177123133,0.011339274408671876,0.014289948849109153,0.02235033283386922,0.015124466469542762,0.010874536623945184,0.03640845798901533
S0608,Controle,57.052035591818594,107.58913731435926,0.05371379736290994,0.02128186541393172,0.03904958044134755,0.03200054305505106,0.022532338596110743,0.007706575042742852,0.0071887990843696485,0.02172269244650783,0.0532022541008471,0.03219905275509776,0.014552941539465245,0.023376629490008946,0.008247239790402348,0.018281392832017233,0.011527272082057245,0.009579105406524296,0.0068860929993347884,0.014134770909145082,0.023422446939282568,0.007653610011847849,0.0086192359232493,0.0061789065391255164,0.005177305567568143,0.04314946669457285,0.03786413844793237,0.040255280231354114,0.05776329672125372,0.017355269200762292,0.01460443965814459,0.029884483229585552,0.013307620856279418,0.018024932290313708,0.010929808313357872,0.02096303358700085,0.003892697572975525,0.022287482240149713,0.006829449813113174,0.008646813680678175,0.051169153994145775,0.016137297933712,0.012424478529298637,0.04580545759437406,0.03365007656202689,0.009705726511063545,0.03711514800896032
S0609,Seca,366.20675149689384,292.8856625773612,0.0035880272320448193,0.027350000140087854,0.014398871644553043,0.042802084680560695,0.03899853849467724,0.008067588429021846,0.020726000750444267,0.008839304369822866,0.046465336073495,0.007982162653400286,0.00964802396216891,0.018430994038598235,0.0028994810128077117,0.020077556145382872,0.1193027000219241,0.05004617346051218,0.02408258286678131,0.008329593787848685,0.043523113449844615,0.03701519207041585,0.013670270445863168,0.023594849853828384,0.003748807456701852,0.02101081340455127,0.020828126004489588,0.005979456830993048,0.013834012821030599,0.012183088061687842,0.014606031766047608,0.015284689490156725,0.007453986030145443,0.0308706950130097,0.028713502183588743,0.006727346598624417,0.06722260118793308,0.004304179631394497,0.021825559215343644,0.002503528332948588,0.0038205425477310156,0.030665914149214008,0.03683344214543755,0.021906501986805164,0.016486030824461706,0.007797400847851522,0.015555297885768525
S0610,Controle,220.04434976368432,97.74325479100204,0.007271533248891606,0.016211219633392396,0.004680160945321432,0.027124547745142218,0.016422246908812818,0.021445185208933872,0.03481921449519106,0.010553894661723143,0.051629562624207696,0.016371962144614404,0.008361043952129915,0.0366893152883817,0.003265320554892223,0.00873146594870381,0.01119619511233353,0.010272944389253386,0.03474519320054924,0.08291920968792794,0.02327518069818935,0.023946834580717606,0.009146586166821253,0.019719617509286684,0.028822687040851207,0.016706285235665263,0.03086502357707119,0.011198423441360855,0.027769621439761832,0.004269807317075127,0.012269427793699998,0.013684205396283207,0.02193608963561983,0.003815393666053127,0.037277597300792185,0.005623348262743337,0.04519972800190977,0.020923751901789394,0.01827192344779871,0.015259806117405711,0.027892614244243958,0.022605581388334555,0.018263907917904564,0.007229488380034385,0.04061444663502012,0.06191719797950892,0.02878520917365555
S0611,Controle,276.5519012056376,339.7635046044789,0.04277014722150732,0.0022945156588439312,0.017537732840301697,0.007702307053723689,0.02181539469289498,0.006976922055222718,0.030572646372575875,0.031757001725999795,0.022046002922228424,0.019314312638275342,0.011937641246587014,0.02019127315808893,0.01382898592460541,0.02426210114197526,0.021319996837557826,0.020793805732181588,0.01731154193265794,0.02393871238941912,0.007658577189450827,0.026894373314080903,0.0527652075064447,0.02366275548101404,0.022282914013501846,0.0055408160646723305,0.02249717581329869,0.04613189340490748,0.011895166205254966,0.04463144145689556,0.02860800294846266,0.04294886876972502,0.02874284447187606,0.02486309322144962,0.029756508583065805,0.02619602000214895,0.009077198589063374,0.03826729624579592,0.0034842757273128152,0.011623602359478678,0.02233960220034635,0.01087052692740208,0.021832019389466266,0.025975577523821885,0.023962376427179802,0.014254842864278302,0.016865981754958424
S0612,Seca,327.05120474117837,107.0461446683601,0.007295112469096054,0.0169672391743731,0.008840947552214972,0.034364229209827464,0.010731825544180684,0.016533545364503098,0.012584443075753984,0.0071070737885872955,0.026156467458352154,0.012147476066950885,0.015326867044671427,0.0025712053357238415,0.011752652198754661,0.04150137581427448,0.01943115031110089,0.011871834672832418,0.02005061191979528,0.018710524693303362,0.010370751451625495,0.0061962001277580305,0.03371019711087852,0.03389855956361043,0.0049963304537957234,0.01672485068788656,0.08228755537314332,0.06595723337460067,0.005797874883562434,0.007762241919704991,0.03260431615144364,0.052789298450987635,0.018985536632730487,0.0069267301079784455,0.02258480710075364,0.016101110412107853,0.027759247284675565,0.02421723752062324,0.021653632922831796,0.03017523387924029,0.007198700196227597,0.022708143295697838,0.028059334239886893,0.0073297866851213716,0.00218533941600342,0.018592436269931227,0.09848273279289695
S0613,Seca,484.9075583527847,49.57848529940717,0.005359523153558728,0.01911345851766364,0.008772329766221191,0.10110252640046734,0.005549061038511869,0.11223456469890843,0.012943136806068073,0.0158282970240355,0.007175135774988965,0.013436515951586472,0.013848730485619043,0.019702457163537683,0.05041915538336848,0.0016816519656289804,0.02423266041315726,0.002828312569415281,0.003967641154559931,0.0224949998966672,0.009973220756053391,0.0026352682211164997,0.08300173920697003,0.030983233374129757,0.01844142777167325,0.056549917609871554,0.004168162662093531,0.011167073362050924,0.0325121215880885,0.031039434695905394,0.005580362770607563,0.0171593937558412,0.017958576752097385,0.0800354988151676,0.006545545232495184,0.003508262060140121,0.009785138642215137,0.024242108556221043,0.014122936709325006,0.016852550125610617,0.002880201520853671,0.0034455260001986523,0.0038654499747485392,0.024630787140891564,0.0013389370404813178,0.04152822683685262,0.005358740654335967
S0614,Seca,492.2890407158123,103.49257982041988,0.0008736921873357786,0.08165983632686807,0.0020938342334548814,0.04590203790309774,0.020855783849299054,0.008484978725010695,0.012792291241070331,0.048343997506682355,0.016705674741409614,0.011167459382616634,0.016935216983988647,0.019147098357246546,0.04293732864780328,0.009757409596595537,0.03126708309706052,0.03377880319571808,0.008393037844973722,0.007207028435758843,0.08460333029818362,0.020139503866621174,0.037573407508751155,0.013669748283203508,0.007667483479224412,0.016970512514981308,0.016338323547005394,0.012137336714472166,0.0077164489150369255,0.02321283375459416,0.006272728812985715,0.05249290603171316,0.0035348375002827114,0.011891114784524674,0.029336730906822896,0.03698351229940888,0.026148797642186694,0.0020634565349331767,0.009163036502221153,0.021887331443054284,0.01582003530226627,0.01149032483815741,0.05041731800508966,0.024056081546084882,0.0099060499541711,0.0173429609961413,0.012861255761891642
S0615,Controle,144.11412274395263,211.3670171360311,0.022552344677267293,0.01158130972773231,0.03449260580699913,0.008315590658648118,0.015937581942508897,0.0132778377534239,0.04113929491124182,0.0017952133655535665,0.0519582904462958,0.015488618670001753,0.02164501672414001,0.021859830811443978,0.00982549888808452,0.017541769803903904,0.024922690914209768,0.02217090895186187,0.012100202717845692,0.022106950609929978,0.05871097510044115,0.018973196486148695,0.028458110381333803,0.008619959436642883,0.016891465194281197,0.02729769370892441,0.058898418770507346,0.003945068240544793,0.02179238407863607,0.01325781369013865,0.039056778988709115,0.0696005758586686,0.0072136075523930926,0.055608172830958785,0.011426697820716354,0.00614962824649776,0.010861621926635227,0.006359824109837986,0.005845074063809905,0.02114624512317362,0.02842630031417013,0.03828294504129676,0.0059686933875222154,0.02974468025545668,0.03477002861707608,0.0025088134516104087,0.0014736699427761034
S0616,Seca,366.8767487189581,88.06914958653994,0.001661468396419891,0.019441178933851822,0.039173460803948006,0.014973472235861941,0.011795021562513433,0.00798802577981651,0.033797884340311994,0.005938548131953371,0.040713758258636136,0.008430257033347568,0.015823220973632045,0.018792518234385266,0.01579088657666101,0.026111480351788195,0.02514257990804325,0.016958142128741624,0.0626143360006672,0.08272512293423764,0.012193141891998225,0.017342394237515064,0.004103263432758839,0.03499358969258538,0.018166798549821072,0.011962047707633042,0.00737413063405561,0.0291985864671261,0.07130459355252486,0.012569515657725192,0.01412083976142599,0.005712275367369628,0.03959393863495174,0.022856966709240447,0.011518180986194455,0.020464146425635755,0.028638147732359218,0.027986880241228283,0.03395648279765252,0.014210078279389212,0.002543818399917479,0.036914352483170446,0.004690080412852692,0.008853790325773759,0.016312381124549837,0.027387226847025613,0.0171609890627025
S0617,Seca,374.9917689676343,67.34601246167365,0.05705985113894612,0.01376646256860824,0.010413927617063251,0.019380985429251305,0.022514258680813963,0.008018352176210752,0.05459023440686527,0.056936749042416475,0.02039660261837369,0.01853479057635599,0.035068998577902466,0.025409043537208128,0.01679101795315406,0.039002388591473536,0.022671205104444835,0.013907393970054312,0.017716539030101137,0.020421608214560124,0.04275925938153056,0.036612754010025526,0.008291644216575605,0.0047404633989299935,0.06319587772421857,0.008719538997898311,0.014671753657419075,0.005673490678676636,0.01103861278387178,0.010119964466897152,0.03964420309801546,0.004466598184908202,0.008320040692227146,0.017789985190609467,0.010893339116344032,0.010853571559548072,0.017055076438270752,0.013671012525052033,0.00521919758669009,0.01776241461604959,0.03470492133464692,0.033809116331122005,0.023548347803132214,0.0012638709117017432,0.050543347570279396,0.017781488915303907,0.014249699576252259
S0618,Seca,173.2464306565244,430.1409431094704,0.016115101459375364,0.005048874675129589,0.007894924665878454,0.07585680920648458,0.03044360245446759,0.035550574195228606,0.02085856247393067,0.016289326974555762,0.02341017619427431,0.03269781104632458,0.00686316563100298,0.058278515580354455,0.0036970071299124627,0.0008130276227210943,0.002736902045634111,0.0034107563102568905,0.01462960473124884,0.01224449552221445,0.05447469939182404,0.02864645023535283,0.08751788573098448,0.008507114163619274,0.0121241519373531,0.013414612333650358,0.026507212710363593,0.014437207731797979,0.04019659323720558,0.023462045196425196,0.009025160601393675,0.0026979782191983376,0.0376018285321794,0.014451104551958098,0.036638754003432625,0.028982599379141123,0.004797934743332863,0.006588953863056049,0.008313876716329383,0.015781062185533185,0.023626495850117966,0.03825765640613392,0.007966091341399752,0.0041374565437987225,0.0728758043047977,0.007223570487373401,0.004906461683252328
S0619,Controle,61.93488743211051,160.19860179865393,0.029008705751980675,0.04964652889325372,0.006543168026765279,0.015001496783068816,0.019118676376374173,0.029981152635304216,0.026415993155303536,0.011894919259708633,0.015337469433070895,0.02135644126532929,0.02915557850938509,0.013299948016440527,0.016776065523425483,0.01371357363850039,0.008505602359673327,0.031354230610769404,0.021106971117610295,0.07003395167854654,0.02325728302605389,0.02148473158347964,0.029927201017183262,0.058463118508640805,0.01810402491479121,0.0018138571086208268,0.02416255141505521,0.020381632015490713,0.00932643631247146,0.003038210424949292,0.008614083386095045,0.014225438547113342,0.018662744958519748,0.04294189211066332,0.005473555494792121,0.047559977252597745,0.008268116986802947,0.01391627118045964,0.00952589433464496,0.01500017124802087,0.0032604911106995406,0.09459134024788605,0.02118404891750751,0.006801880346629413,0.02473641679822033,0.017207373442476418,0.009820784275624474
S0620,Controle,20.473480142859877,180.3793432591268,0.014018160646942866,0.005284022503646088,0.05577629179662558,0.009918171579614972,0.04906272409687763,0.012310405052485162,0.04299343694740335,0.021930103214920664,0.019238057289326288,0.011587397048595427,0.019720286689723275,0.021074526221369815,0.006204302949935463,0.013868846271165046,0.014640283719308788,0.05029797105102229,0.03783930982257943,0.03319534259383135,0.04253213233824668,0.028427004534140987,0.014959782065480936,0.048692813640144925,0.014916817321595282,0.012758319623277618,0.0033182595349102134,0.006165844811383224,0.00804235355394327,0.004955374011458411,0.003225217472232747,0.03396426066654974,0.016737302014142155,0.02099969551750132,0.002622917611333709,0.018788157270338526,0.058157196388223045,0.014209096218541151,0.015277964831050608,0.08567607354291731,0.016974612990190086,0.018026133111003532,0.028130298437113375,0.004887249722788499,0.008114258877227942,0.013164900881388915,0.017316323517502133
S0621,Seca,388.6715637645893,27.635204750613816,0.014001968484735016,0.05290260139403658,0.005580838238211573,0.027064703448743635,0.03021508199300754,0.00017997000195388307,0.0039772428997169925,0.03470016782458628,0.029732087675050943,0.04691299296856053,0.058086938048487885,0.03597334483781471,0.01104878078838348,0.07078748758513988,0.060371305219783226,0.008244732500589937,0.00512953872880324,0.011441895873623828,0.0024062385809644014,0.017225372947520363,0.0054349425392652756,0.018397987967201206,0.0823398479985325,0.012781874614986517,0.011247263339843033,0.004202999177082994,0.03297040928835613,0.003392529388349429,0.019005708871846695,0.01489209665025345,0.013176665235724902,0.01651546763283793,0.0016801552481579404,0.009836777270560537,0.0044561461930571,0.02431276240800687,0.023067515761430606,0.019897407945043834,0.02907646083534923,0.011734427248160213,0.06195063240586046,0.01840573818975316,0.008878744940048073,0.021990514131683774,0.004371634678894304
S0622,Controle,244.84987090845294,178.68481175102707,0.024973119164388748,0.01297851332607122,0.010167213142235624,0.010063815746659746,0.034192715114296515,0.01310087418169823,0.012255218618208948,0.01634291730068205,0.024765797282410133,0.04790989570105435,0.0442793306423193,0.06688024628350327,0.014742522454266235,0.0402676771280242,0.005336385552217122,0.012733349804061057,0.011500256154197567,0.03137943258944681,0.019949398079603223,0.0037716701615595955,0.051017141455210475,0.01577279586127983,0.027795714950768418,0.0024645645213760524,0.00496456619921398,0.028798118965532436,0.01253843284167937,0.014240419404750803,0.0178649521443405,0.051002596066309955,0.03565389607185084,0.02510661811892402,0.010281187342101395,0.0406267739084939,0.01643411103426062,0.012402596847335362,0.04551156938754544,0.04766916665062213,0.010462227285820516,0.00884682884584181,0.024004639110694382,0.0016523093290303197,0.02586939645864634,0.005694003536518364,0.005735025234948883
S0623,Controle,492.7700847474631,132.40358866078984,0.008516939293445991,0.0024400597454047363,0.01702218833417413,0.008716577002964826,0.01690417650147715,0.010823239412222883,0.04462537677947966,0.011686833028181338,0.03890419130774374,0.005813510743247025,0.012418733911448132,0.03889176654366322,0.027902939574084053,0.00659000758832211,0.011958874980927497,0.014359025922385015,0.0409651817824027,0.002602431632032287,0.004330972581203969,0.01846049397216341,0.024867851697777322,0.011378198819250798,0.01140638344268895,0.038793532073197745,0.03176175220183703,0.0381489548243065,0.005447292671872545,0.0018867884979884043,0.016160686033658302,0.007629127241841416,0.02966278978385932,0.01734161431007151,0.005051721208527579,0.006176869758047258,0.004205949543237049,0.06898560069236981,0.03643204579399312,0.04770203994847015,0.00319584060550103,0.013568852271034203,0.0427665418378633,0.10442850406070017,0.028200264745960428,0.050193130519664196,0.01067414677930802
